question_id,split,question_type,scenario,answer_changed,numeric_changed,entity_rank_or_direction_changed,interpretation_changed,changed_fields,historical_gold,scenario_answer
q_0001,train,top_country_month,wording_only,False,False,False,True,[],"{""year_month"": ""2011-01"", ""month_label"": ""January 2011"", ""scope"": ""excluding United Kingdom"", ""country"": ""Netherlands"", ""net_revenue"": 26611.16, ""currency"": ""GBP""}","{""year_month"": ""2011-01"", ""month_label"": ""January 2011"", ""scope"": ""excluding United Kingdom"", ""country"": ""Netherlands"", ""net_revenue"": 26611.16, ""currency"": ""GBP""}"
q_0002,train,top_country_month,wording_only,False,False,False,True,[],"{""year_month"": ""2011-02"", ""month_label"": ""February 2011"", ""scope"": ""excluding United Kingdom"", ""country"": ""Netherlands"", ""net_revenue"": 22932.11, ""currency"": ""GBP""}","{""year_month"": ""2011-02"", ""month_label"": ""February 2011"", ""scope"": ""excluding United Kingdom"", ""country"": ""Netherlands"", ""net_revenue"": 22932.11, ""currency"": ""GBP""}"
q_0003,train,top_country_month,wording_only,False,False,False,True,[],"{""year_month"": ""2011-03"", ""month_label"": ""March 2011"", ""scope"": ""excluding United Kingdom"", ""country"": ""Netherlands"", ""net_revenue"": 22416.49, ""currency"": ""GBP""}","{""year_month"": ""2011-03"", ""month_label"": ""March 2011"", ""scope"": ""excluding United Kingdom"", ""country"": ""Netherlands"", ""net_revenue"": 22416.49, ""currency"": ""GBP""}"
q_0004,dev,top_country_month,wording_only,False,False,False,True,[],"{""year_month"": ""2011-04"", ""month_label"": ""April 2011"", ""scope"": ""excluding United Kingdom"", ""country"": ""Germany"", ""net_revenue"": 11963.37, ""currency"": ""GBP""}","{""year_month"": ""2011-04"", ""month_label"": ""April 2011"", ""scope"": ""excluding United Kingdom"", ""country"": ""Germany"", ""net_revenue"": 11963.37, ""currency"": ""GBP""}"
q_0005,test,top_country_month,wording_only,False,False,False,True,[],"{""year_month"": ""2011-05"", ""month_label"": ""May 2011"", ""scope"": ""excluding United Kingdom"", ""country"": ""Netherlands"", ""net_revenue"": 29185.88, ""currency"": ""GBP""}","{""year_month"": ""2011-05"", ""month_label"": ""May 2011"", ""scope"": ""excluding United Kingdom"", ""country"": ""Netherlands"", ""net_revenue"": 29185.88, ""currency"": ""GBP""}"
q_0006,train,top_country_month,wording_only,False,False,False,True,[],"{""year_month"": ""2011-06"", ""month_label"": ""June 2011"", ""scope"": ""excluding United Kingdom"", ""country"": ""Netherlands"", ""net_revenue"": 26843.09, ""currency"": ""GBP""}","{""year_month"": ""2011-06"", ""month_label"": ""June 2011"", ""scope"": ""excluding United Kingdom"", ""country"": ""Netherlands"", ""net_revenue"": 26843.09, ""currency"": ""GBP""}"
q_0007,train,top_country_month,wording_only,False,False,False,True,[],"{""year_month"": ""2011-07"", ""month_label"": ""July 2011"", ""scope"": ""excluding United Kingdom"", ""country"": ""EIRE"", ""net_revenue"": 42689.65, ""currency"": ""GBP""}","{""year_month"": ""2011-07"", ""month_label"": ""July 2011"", ""scope"": ""excluding United Kingdom"", ""country"": ""EIRE"", ""net_revenue"": 42689.65, ""currency"": ""GBP""}"
q_0008,train,top_country_month,wording_only,False,False,False,True,[],"{""year_month"": ""2011-08"", ""month_label"": ""August 2011"", ""scope"": ""excluding United Kingdom"", ""country"": ""Netherlands"", ""net_revenue"": 39655.81, ""currency"": ""GBP""}","{""year_month"": ""2011-08"", ""month_label"": ""August 2011"", ""scope"": ""excluding United Kingdom"", ""country"": ""Netherlands"", ""net_revenue"": 39655.81, ""currency"": ""GBP""}"
q_0009,dev,top_country_month,wording_only,False,False,False,True,[],"{""year_month"": ""2011-09"", ""month_label"": ""September 2011"", ""scope"": ""excluding United Kingdom"", ""country"": ""EIRE"", ""net_revenue"": 42476.2, ""currency"": ""GBP""}","{""year_month"": ""2011-09"", ""month_label"": ""September 2011"", ""scope"": ""excluding United Kingdom"", ""country"": ""EIRE"", ""net_revenue"": 42476.2, ""currency"": ""GBP""}"
q_0010,test,top_country_month,wording_only,False,False,False,True,[],"{""year_month"": ""2011-10"", ""month_label"": ""October 2011"", ""scope"": ""excluding United Kingdom"", ""country"": ""Netherlands"", ""net_revenue"": 40708.65, ""currency"": ""GBP""}","{""year_month"": ""2011-10"", ""month_label"": ""October 2011"", ""scope"": ""excluding United Kingdom"", ""country"": ""Netherlands"", ""net_revenue"": 40708.65, ""currency"": ""GBP""}"
q_0011,train,top_country_month,wording_only,False,False,False,True,[],"{""year_month"": ""2011-11"", ""month_label"": ""November 2011"", ""scope"": ""excluding United Kingdom"", ""country"": ""France"", ""net_revenue"": 30638.12, ""currency"": ""GBP""}","{""year_month"": ""2011-11"", ""month_label"": ""November 2011"", ""scope"": ""excluding United Kingdom"", ""country"": ""France"", ""net_revenue"": 30638.12, ""currency"": ""GBP""}"
q_0012,train,top_country_month,wording_only,False,False,False,True,[],"{""year_month"": ""2011-01"", ""month_label"": ""January 2011"", ""scope"": ""all countries"", ""country"": ""United Kingdom"", ""net_revenue"": 432995.4, ""currency"": ""GBP""}","{""year_month"": ""2011-01"", ""month_label"": ""January 2011"", ""scope"": ""all countries"", ""country"": ""United Kingdom"", ""net_revenue"": 432995.4, ""currency"": ""GBP""}"
q_0013,train,top_country_month,wording_only,False,False,False,True,[],"{""year_month"": ""2011-03"", ""month_label"": ""March 2011"", ""scope"": ""all countries"", ""country"": ""United Kingdom"", ""net_revenue"": 558458.89, ""currency"": ""GBP""}","{""year_month"": ""2011-03"", ""month_label"": ""March 2011"", ""scope"": ""all countries"", ""country"": ""United Kingdom"", ""net_revenue"": 558458.89, ""currency"": ""GBP""}"
q_0014,dev,top_country_month,wording_only,False,False,False,True,[],"{""year_month"": ""2011-06"", ""month_label"": ""June 2011"", ""scope"": ""all countries"", ""country"": ""United Kingdom"", ""net_revenue"": 553330.21, ""currency"": ""GBP""}","{""year_month"": ""2011-06"", ""month_label"": ""June 2011"", ""scope"": ""all countries"", ""country"": ""United Kingdom"", ""net_revenue"": 553330.21, ""currency"": ""GBP""}"
q_0015,test,top_country_month,wording_only,False,False,False,True,[],"{""year_month"": ""2011-09"", ""month_label"": ""September 2011"", ""scope"": ""all countries"", ""country"": ""United Kingdom"", ""net_revenue"": 860104.36, ""currency"": ""GBP""}","{""year_month"": ""2011-09"", ""month_label"": ""September 2011"", ""scope"": ""all countries"", ""country"": ""United Kingdom"", ""net_revenue"": 860104.36, ""currency"": ""GBP""}"
q_0016,train,top_country_month,wording_only,False,False,False,True,[],"{""year_month"": ""2011-11"", ""month_label"": ""November 2011"", ""scope"": ""all countries"", ""country"": ""United Kingdom"", ""net_revenue"": 1277409.79, ""currency"": ""GBP""}","{""year_month"": ""2011-11"", ""month_label"": ""November 2011"", ""scope"": ""all countries"", ""country"": ""United Kingdom"", ""net_revenue"": 1277409.79, ""currency"": ""GBP""}"
q_0017,train,top_product_month,wording_only,False,False,False,False,[],"{""year_month"": ""2010-12"", ""month_label"": ""December 2010"", ""stock_code"": ""22423"", ""description"": ""REGENCY CAKESTAND 3 TIER"", ""merchandise_net_revenue"": 26722.16, ""currency"": ""GBP""}","{""year_month"": ""2010-12"", ""month_label"": ""December 2010"", ""stock_code"": ""22423"", ""description"": ""REGENCY CAKESTAND 3 TIER"", ""merchandise_net_revenue"": 26722.16, ""currency"": ""GBP""}"
q_0018,train,top_product_month,wording_only,False,False,False,False,[],"{""year_month"": ""2011-01"", ""month_label"": ""January 2011"", ""stock_code"": ""85123A"", ""description"": ""WHITE HANGING HEART T-LIGHT HOLDER"", ""merchandise_net_revenue"": 15174.26, ""currency"": ""GBP""}","{""year_month"": ""2011-01"", ""month_label"": ""January 2011"", ""stock_code"": ""85123A"", ""description"": ""WHITE HANGING HEART T-LIGHT HOLDER"", ""merchandise_net_revenue"": 15174.26, ""currency"": ""GBP""}"
q_0019,train,top_product_month,wording_only,False,False,False,False,[],"{""year_month"": ""2011-02"", ""month_label"": ""February 2011"", ""stock_code"": ""22423"", ""description"": ""REGENCY CAKESTAND 3 TIER"", ""merchandise_net_revenue"": 10491.54, ""currency"": ""GBP""}","{""year_month"": ""2011-02"", ""month_label"": ""February 2011"", ""stock_code"": ""22423"", ""description"": ""REGENCY CAKESTAND 3 TIER"", ""merchandise_net_revenue"": 10491.54, ""currency"": ""GBP""}"
q_0020,dev,top_product_month,wording_only,False,False,False,False,[],"{""year_month"": ""2011-03"", ""month_label"": ""March 2011"", ""stock_code"": ""22423"", ""description"": ""REGENCY CAKESTAND 3 TIER"", ""merchandise_net_revenue"": 16817.85, ""currency"": ""GBP""}","{""year_month"": ""2011-03"", ""month_label"": ""March 2011"", ""stock_code"": ""22423"", ""description"": ""REGENCY CAKESTAND 3 TIER"", ""merchandise_net_revenue"": 16817.85, ""currency"": ""GBP""}"
q_0021,test,top_product_month,wording_only,False,False,False,False,[],"{""year_month"": ""2011-04"", ""month_label"": ""April 2011"", ""stock_code"": ""22423"", ""description"": ""REGENCY CAKESTAND 3 TIER"", ""merchandise_net_revenue"": 14280.9, ""currency"": ""GBP""}","{""year_month"": ""2011-04"", ""month_label"": ""April 2011"", ""stock_code"": ""22423"", ""description"": ""REGENCY CAKESTAND 3 TIER"", ""merchandise_net_revenue"": 14280.9, ""currency"": ""GBP""}"
q_0022,train,top_product_month,wording_only,False,False,False,False,[],"{""year_month"": ""2011-05"", ""month_label"": ""May 2011"", ""stock_code"": ""47566"", ""description"": ""PARTY BUNTING"", ""merchandise_net_revenue"": 19093.3, ""currency"": ""GBP""}","{""year_month"": ""2011-05"", ""month_label"": ""May 2011"", ""stock_code"": ""47566"", ""description"": ""PARTY BUNTING"", ""merchandise_net_revenue"": 19093.3, ""currency"": ""GBP""}"
q_0023,train,top_product_month,wording_only,False,False,False,False,[],"{""year_month"": ""2011-06"", ""month_label"": ""June 2011"", ""stock_code"": ""22502"", ""description"": ""PICNIC BASKET WICKER 60 PIECES"", ""merchandise_net_revenue"": 39619.5, ""currency"": ""GBP""}","{""year_month"": ""2011-06"", ""month_label"": ""June 2011"", ""stock_code"": ""22502"", ""description"": ""PICNIC BASKET WICKER 60 PIECES"", ""merchandise_net_revenue"": 39619.5, ""currency"": ""GBP""}"
q_0024,train,top_product_month,wording_only,False,False,False,False,[],"{""year_month"": ""2011-07"", ""month_label"": ""July 2011"", ""stock_code"": ""47566"", ""description"": ""PARTY BUNTING"", ""merchandise_net_revenue"": 14576.5, ""currency"": ""GBP""}","{""year_month"": ""2011-07"", ""month_label"": ""July 2011"", ""stock_code"": ""47566"", ""description"": ""PARTY BUNTING"", ""merchandise_net_revenue"": 14576.5, ""currency"": ""GBP""}"
q_0025,dev,top_product_month,wording_only,False,False,False,False,[],"{""year_month"": ""2011-08"", ""month_label"": ""August 2011"", ""stock_code"": ""85099B"", ""description"": ""JUMBO BAG RED RETROSPOT"", ""merchandise_net_revenue"": 10441.77, ""currency"": ""GBP""}","{""year_month"": ""2011-08"", ""month_label"": ""August 2011"", ""stock_code"": ""85099B"", ""description"": ""JUMBO BAG RED RETROSPOT"", ""merchandise_net_revenue"": 10441.77, ""currency"": ""GBP""}"
q_0026,test,top_product_month,wording_only,False,False,False,False,[],"{""year_month"": ""2011-09"", ""month_label"": ""September 2011"", ""stock_code"": ""23243"", ""description"": ""SET OF TEA COFFEE SUGAR TINS PANTRY"", ""merchandise_net_revenue"": 9971.51, ""currency"": ""GBP""}","{""year_month"": ""2011-09"", ""month_label"": ""September 2011"", ""stock_code"": ""23243"", ""description"": ""SET OF TEA COFFEE SUGAR TINS PANTRY"", ""merchandise_net_revenue"": 9971.51, ""currency"": ""GBP""}"
q_0027,train,top_product_month,wording_only,False,False,False,False,[],"{""year_month"": ""2011-10"", ""month_label"": ""October 2011"", ""stock_code"": ""22423"", ""description"": ""REGENCY CAKESTAND 3 TIER"", ""merchandise_net_revenue"": 12635.34, ""currency"": ""GBP""}","{""year_month"": ""2011-10"", ""month_label"": ""October 2011"", ""stock_code"": ""22423"", ""description"": ""REGENCY CAKESTAND 3 TIER"", ""merchandise_net_revenue"": 12635.34, ""currency"": ""GBP""}"
q_0028,train,top_product_month,wording_only,False,False,False,False,[],"{""year_month"": ""2011-11"", ""month_label"": ""November 2011"", ""stock_code"": ""23084"", ""description"": ""RABBIT NIGHT LIGHT"", ""merchandise_net_revenue"": 34343.77, ""currency"": ""GBP""}","{""year_month"": ""2011-11"", ""month_label"": ""November 2011"", ""stock_code"": ""23084"", ""description"": ""RABBIT NIGHT LIGHT"", ""merchandise_net_revenue"": 34343.77, ""currency"": ""GBP""}"
q_0029,train,top_product_month,wording_only,False,False,False,False,[],"{""year_month"": ""2011-12"", ""month_label"": ""December 2011"", ""stock_code"": ""23084"", ""description"": ""RABBIT NIGHT LIGHT"", ""merchandise_net_revenue"": 9603.45, ""currency"": ""GBP""}","{""year_month"": ""2011-12"", ""month_label"": ""December 2011"", ""stock_code"": ""23084"", ""description"": ""RABBIT NIGHT LIGHT"", ""merchandise_net_revenue"": 9603.45, ""currency"": ""GBP""}"
q_0030,train,country_comparison_month,wording_only,False,False,False,True,[],"{""year_month"": ""2011-01"", ""month_label"": ""January 2011"", ""country_a"": ""Germany"", ""country_b"": ""France"", ""country_a_net_revenue"": 16421.43, ""country_b_net_revenue"": 17503.07, ""higher_country"": ""France"", ""lower_country"": ""Germany"", ""revenue_delta"": 1081.64, ""currency"": ""GBP""}","{""year_month"": ""2011-01"", ""month_label"": ""January 2011"", ""country_a"": ""Germany"", ""country_b"": ""France"", ""country_a_net_revenue"": 16421.43, ""country_b_net_revenue"": 17503.07, ""higher_country"": ""France"", ""lower_country"": ""Germany"", ""revenue_delta"": 1081.64, ""currency"": ""GBP""}"
q_0031,train,country_comparison_month,wording_only,False,False,False,True,[],"{""year_month"": ""2011-02"", ""month_label"": ""February 2011"", ""country_a"": ""Germany"", ""country_b"": ""France"", ""country_a_net_revenue"": 8969.24, ""country_b_net_revenue"": 8438.91, ""higher_country"": ""Germany"", ""lower_country"": ""France"", ""revenue_delta"": 530.33, ""currency"": ""GBP""}","{""year_month"": ""2011-02"", ""month_label"": ""February 2011"", ""country_a"": ""Germany"", ""country_b"": ""France"", ""country_a_net_revenue"": 8969.24, ""country_b_net_revenue"": 8438.91, ""higher_country"": ""Germany"", ""lower_country"": ""France"", ""revenue_delta"": 530.33, ""currency"": ""GBP""}"
q_0032,train,country_comparison_month,wording_only,False,False,False,True,[],"{""year_month"": ""2011-03"", ""month_label"": ""March 2011"", ""country_a"": ""Germany"", ""country_b"": ""France"", ""country_a_net_revenue"": 14170.02, ""country_b_net_revenue"": 14512.3, ""higher_country"": ""France"", ""lower_country"": ""Germany"", ""revenue_delta"": 342.28, ""currency"": ""GBP""}","{""year_month"": ""2011-03"", ""month_label"": ""March 2011"", ""country_a"": ""Germany"", ""country_b"": ""France"", ""country_a_net_revenue"": 14170.02, ""country_b_net_revenue"": 14512.3, ""higher_country"": ""France"", ""lower_country"": ""Germany"", ""revenue_delta"": 342.28, ""currency"": ""GBP""}"
q_0033,dev,country_comparison_month,wording_only,False,False,False,True,[],"{""year_month"": ""2011-04"", ""month_label"": ""April 2011"", ""country_a"": ""Germany"", ""country_b"": ""France"", ""country_a_net_revenue"": 11963.37, ""country_b_net_revenue"": 4195.21, ""higher_country"": ""Germany"", ""lower_country"": ""France"", ""revenue_delta"": 7768.16, ""currency"": ""GBP""}","{""year_month"": ""2011-04"", ""month_label"": ""April 2011"", ""country_a"": ""Germany"", ""country_b"": ""France"", ""country_a_net_revenue"": 11963.37, ""country_b_net_revenue"": 4195.21, ""higher_country"": ""Germany"", ""lower_country"": ""France"", ""revenue_delta"": 7768.16, ""currency"": ""GBP""}"
q_0034,test,country_comparison_month,wording_only,False,False,False,True,[],"{""year_month"": ""2011-05"", ""month_label"": ""May 2011"", ""country_a"": ""Germany"", ""country_b"": ""France"", ""country_a_net_revenue"": 25554.85, ""country_b_net_revenue"": 17518.68, ""higher_country"": ""Germany"", ""lower_country"": ""France"", ""revenue_delta"": 8036.17, ""currency"": ""GBP""}","{""year_month"": ""2011-05"", ""month_label"": ""May 2011"", ""country_a"": ""Germany"", ""country_b"": ""France"", ""country_a_net_revenue"": 25554.85, ""country_b_net_revenue"": 17518.68, ""higher_country"": ""Germany"", ""lower_country"": ""France"", ""revenue_delta"": 8036.17, ""currency"": ""GBP""}"
q_0035,train,country_comparison_month,wording_only,False,False,False,True,[],"{""year_month"": ""2011-06"", ""month_label"": ""June 2011"", ""country_a"": ""Germany"", ""country_b"": ""France"", ""country_a_net_revenue"": 13053.27, ""country_b_net_revenue"": 15991.87, ""higher_country"": ""France"", ""lower_country"": ""Germany"", ""revenue_delta"": 2938.6, ""currency"": ""GBP""}","{""year_month"": ""2011-06"", ""month_label"": ""June 2011"", ""country_a"": ""Germany"", ""country_b"": ""France"", ""country_a_net_revenue"": 13053.27, ""country_b_net_revenue"": 15991.87, ""higher_country"": ""France"", ""lower_country"": ""Germany"", ""revenue_delta"": 2938.6, ""currency"": ""GBP""}"
q_0036,train,country_comparison_month,wording_only,False,False,False,True,[],"{""year_month"": ""2011-07"", ""month_label"": ""July 2011"", ""country_a"": ""Germany"", ""country_b"": ""France"", ""country_a_net_revenue"": 15721.66, ""country_b_net_revenue"": 9888.99, ""higher_country"": ""Germany"", ""lower_country"": ""France"", ""revenue_delta"": 5832.67, ""currency"": ""GBP""}","{""year_month"": ""2011-07"", ""month_label"": ""July 2011"", ""country_a"": ""Germany"", ""country_b"": ""France"", ""country_a_net_revenue"": 15721.66, ""country_b_net_revenue"": 9888.99, ""higher_country"": ""Germany"", ""lower_country"": ""France"", ""revenue_delta"": 5832.67, ""currency"": ""GBP""}"
q_0037,train,country_comparison_month,wording_only,False,False,False,True,[],"{""year_month"": ""2011-08"", ""month_label"": ""August 2011"", ""country_a"": ""Germany"", ""country_b"": ""France"", ""country_a_net_revenue"": 19023.65, ""country_b_net_revenue"": 13789.26, ""higher_country"": ""Germany"", ""lower_country"": ""France"", ""revenue_delta"": 5234.39, ""currency"": ""GBP""}","{""year_month"": ""2011-08"", ""month_label"": ""August 2011"", ""country_a"": ""Germany"", ""country_b"": ""France"", ""country_a_net_revenue"": 19023.65, ""country_b_net_revenue"": 13789.26, ""higher_country"": ""Germany"", ""lower_country"": ""France"", ""revenue_delta"": 5234.39, ""currency"": ""GBP""}"
q_0038,dev,country_comparison_month,wording_only,False,False,False,True,[],"{""year_month"": ""2011-09"", ""month_label"": ""September 2011"", ""country_a"": ""Germany"", ""country_b"": ""France"", ""country_a_net_revenue"": 17708.56, ""country_b_net_revenue"": 23198.87, ""higher_country"": ""France"", ""lower_country"": ""Germany"", ""revenue_delta"": 5490.31, ""currency"": ""GBP""}","{""year_month"": ""2011-09"", ""month_label"": ""September 2011"", ""country_a"": ""Germany"", ""country_b"": ""France"", ""country_a_net_revenue"": 17708.56, ""country_b_net_revenue"": 23198.87, ""higher_country"": ""France"", ""lower_country"": ""Germany"", ""revenue_delta"": 5490.31, ""currency"": ""GBP""}"
q_0039,test,country_comparison_month,wording_only,False,False,False,True,[],"{""year_month"": ""2011-10"", ""month_label"": ""October 2011"", ""country_a"": ""Germany"", ""country_b"": ""France"", ""country_a_net_revenue"": 30604.27, ""country_b_net_revenue"": 25017.64, ""higher_country"": ""Germany"", ""lower_country"": ""France"", ""revenue_delta"": 5586.63, ""currency"": ""GBP""}","{""year_month"": ""2011-10"", ""month_label"": ""October 2011"", ""country_a"": ""Germany"", ""country_b"": ""France"", ""country_a_net_revenue"": 30604.27, ""country_b_net_revenue"": 25017.64, ""higher_country"": ""Germany"", ""lower_country"": ""France"", ""revenue_delta"": 5586.63, ""currency"": ""GBP""}"
q_0040,train,country_comparison_month,wording_only,False,False,False,True,[],"{""year_month"": ""2011-11"", ""month_label"": ""November 2011"", ""country_a"": ""Germany"", ""country_b"": ""France"", ""country_a_net_revenue"": 25987.01, ""country_b_net_revenue"": 30638.12, ""higher_country"": ""France"", ""lower_country"": ""Germany"", ""revenue_delta"": 4651.11, ""currency"": ""GBP""}","{""year_month"": ""2011-11"", ""month_label"": ""November 2011"", ""country_a"": ""Germany"", ""country_b"": ""France"", ""country_a_net_revenue"": 25987.01, ""country_b_net_revenue"": 30638.12, ""higher_country"": ""France"", ""lower_country"": ""Germany"", ""revenue_delta"": 4651.11, ""currency"": ""GBP""}"
q_0041,train,country_comparison_month,wording_only,False,False,False,True,[],"{""year_month"": ""2011-01"", ""month_label"": ""January 2011"", ""country_a"": ""Netherlands"", ""country_b"": ""EIRE"", ""country_a_net_revenue"": 26611.16, ""country_b_net_revenue"": 21656.52, ""higher_country"": ""Netherlands"", ""lower_country"": ""EIRE"", ""revenue_delta"": 4954.64, ""currency"": ""GBP""}","{""year_month"": ""2011-01"", ""month_label"": ""January 2011"", ""country_a"": ""Netherlands"", ""country_b"": ""EIRE"", ""country_a_net_revenue"": 26611.16, ""country_b_net_revenue"": 21656.52, ""higher_country"": ""Netherlands"", ""lower_country"": ""EIRE"", ""revenue_delta"": 4954.64, ""currency"": ""GBP""}"
q_0042,train,country_comparison_month,wording_only,False,False,False,True,[],"{""year_month"": ""2011-02"", ""month_label"": ""February 2011"", ""country_a"": ""Netherlands"", ""country_b"": ""EIRE"", ""country_a_net_revenue"": 22932.11, ""country_b_net_revenue"": 9629.14, ""higher_country"": ""Netherlands"", ""lower_country"": ""EIRE"", ""revenue_delta"": 13302.97, ""currency"": ""GBP""}","{""year_month"": ""2011-02"", ""month_label"": ""February 2011"", ""country_a"": ""Netherlands"", ""country_b"": ""EIRE"", ""country_a_net_revenue"": 22932.11, ""country_b_net_revenue"": 9629.14, ""higher_country"": ""Netherlands"", ""lower_country"": ""EIRE"", ""revenue_delta"": 13302.97, ""currency"": ""GBP""}"
q_0043,dev,country_comparison_month,wording_only,False,False,False,True,[],"{""year_month"": ""2011-03"", ""month_label"": ""March 2011"", ""country_a"": ""Netherlands"", ""country_b"": ""EIRE"", ""country_a_net_revenue"": 22416.49, ""country_b_net_revenue"": 18783.23, ""higher_country"": ""Netherlands"", ""lower_country"": ""EIRE"", ""revenue_delta"": 3633.26, ""currency"": ""GBP""}","{""year_month"": ""2011-03"", ""month_label"": ""March 2011"", ""country_a"": ""Netherlands"", ""country_b"": ""EIRE"", ""country_a_net_revenue"": 22416.49, ""country_b_net_revenue"": 18783.23, ""higher_country"": ""Netherlands"", ""lower_country"": ""EIRE"", ""revenue_delta"": 3633.26, ""currency"": ""GBP""}"
q_0044,test,country_comparison_month,wording_only,False,False,False,True,[],"{""year_month"": ""2011-04"", ""month_label"": ""April 2011"", ""country_a"": ""Netherlands"", ""country_b"": ""EIRE"", ""country_a_net_revenue"": 2976.56, ""country_b_net_revenue"": 7570.5, ""higher_country"": ""EIRE"", ""lower_country"": ""Netherlands"", ""revenue_delta"": 4593.94, ""currency"": ""GBP""}","{""year_month"": ""2011-04"", ""month_label"": ""April 2011"", ""country_a"": ""Netherlands"", ""country_b"": ""EIRE"", ""country_a_net_revenue"": 2976.56, ""country_b_net_revenue"": 7570.5, ""higher_country"": ""EIRE"", ""lower_country"": ""Netherlands"", ""revenue_delta"": 4593.94, ""currency"": ""GBP""}"
q_0045,train,country_comparison_month,wording_only,False,False,False,True,[],"{""year_month"": ""2011-05"", ""month_label"": ""May 2011"", ""country_a"": ""Netherlands"", ""country_b"": ""EIRE"", ""country_a_net_revenue"": 29185.88, ""country_b_net_revenue"": 17916.31, ""higher_country"": ""Netherlands"", ""lower_country"": ""EIRE"", ""revenue_delta"": 11269.57, ""currency"": ""GBP""}","{""year_month"": ""2011-05"", ""month_label"": ""May 2011"", ""country_a"": ""Netherlands"", ""country_b"": ""EIRE"", ""country_a_net_revenue"": 29185.88, ""country_b_net_revenue"": 17916.31, ""higher_country"": ""Netherlands"", ""lower_country"": ""EIRE"", ""revenue_delta"": 11269.57, ""currency"": ""GBP""}"
q_0046,train,country_comparison_month,wording_only,False,False,False,True,[],"{""year_month"": ""2011-06"", ""month_label"": ""June 2011"", ""country_a"": ""Netherlands"", ""country_b"": ""EIRE"", ""country_a_net_revenue"": 26843.09, ""country_b_net_revenue"": 20090.25, ""higher_country"": ""Netherlands"", ""lower_country"": ""EIRE"", ""revenue_delta"": 6752.84, ""currency"": ""GBP""}","{""year_month"": ""2011-06"", ""month_label"": ""June 2011"", ""country_a"": ""Netherlands"", ""country_b"": ""EIRE"", ""country_a_net_revenue"": 26843.09, ""country_b_net_revenue"": 20090.25, ""higher_country"": ""Netherlands"", ""lower_country"": ""EIRE"", ""revenue_delta"": 6752.84, ""currency"": ""GBP""}"
q_0047,train,country_comparison_month,wording_only,False,False,False,True,[],"{""year_month"": ""2011-07"", ""month_label"": ""July 2011"", ""country_a"": ""Netherlands"", ""country_b"": ""EIRE"", ""country_a_net_revenue"": 26.02, ""country_b_net_revenue"": 42689.65, ""higher_country"": ""EIRE"", ""lower_country"": ""Netherlands"", ""revenue_delta"": 42663.63, ""currency"": ""GBP""}","{""year_month"": ""2011-07"", ""month_label"": ""July 2011"", ""country_a"": ""Netherlands"", ""country_b"": ""EIRE"", ""country_a_net_revenue"": 26.02, ""country_b_net_revenue"": 42689.65, ""higher_country"": ""EIRE"", ""lower_country"": ""Netherlands"", ""revenue_delta"": 42663.63, ""currency"": ""GBP""}"
q_0048,dev,country_comparison_month,wording_only,False,False,False,True,[],"{""year_month"": ""2011-08"", ""month_label"": ""August 2011"", ""country_a"": ""Netherlands"", ""country_b"": ""EIRE"", ""country_a_net_revenue"": 39655.81, ""country_b_net_revenue"": 12147.92, ""higher_country"": ""Netherlands"", ""lower_country"": ""EIRE"", ""revenue_delta"": 27507.89, ""currency"": ""GBP""}","{""year_month"": ""2011-08"", ""month_label"": ""August 2011"", ""country_a"": ""Netherlands"", ""country_b"": ""EIRE"", ""country_a_net_revenue"": 39655.81, ""country_b_net_revenue"": 12147.92, ""higher_country"": ""Netherlands"", ""lower_country"": ""EIRE"", ""revenue_delta"": 27507.89, ""currency"": ""GBP""}"
q_0049,test,country_comparison_month,wording_only,False,False,False,True,[],"{""year_month"": ""2011-09"", ""month_label"": ""September 2011"", ""country_a"": ""Netherlands"", ""country_b"": ""EIRE"", ""country_a_net_revenue"": 26937.26, ""country_b_net_revenue"": 42476.2, ""higher_country"": ""EIRE"", ""lower_country"": ""Netherlands"", ""revenue_delta"": 15538.94, ""currency"": ""GBP""}","{""year_month"": ""2011-09"", ""month_label"": ""September 2011"", ""country_a"": ""Netherlands"", ""country_b"": ""EIRE"", ""country_a_net_revenue"": 26937.26, ""country_b_net_revenue"": 42476.2, ""higher_country"": ""EIRE"", ""lower_country"": ""Netherlands"", ""revenue_delta"": 15538.94, ""currency"": ""GBP""}"
q_0050,train,monthly_revenue_change,wording_only,False,False,False,True,[],"{""previous_month"": ""2011-01"", ""current_month"": ""2011-02"", ""previous_month_label"": ""January 2011"", ""current_month_label"": ""February 2011"", ""previous_net_revenue"": 558448.56, ""current_net_revenue"": 497026.41, ""absolute_change"": -61422.15, ""percent_change"": -11.0, ""direction"": ""decrease"", ""currency"": ""GBP""}","{""previous_month"": ""2011-01"", ""current_month"": ""2011-02"", ""previous_month_label"": ""January 2011"", ""current_month_label"": ""February 2011"", ""previous_net_revenue"": 558448.56, ""current_net_revenue"": 497026.41, ""absolute_change"": -61422.15, ""percent_change"": -11.0, ""direction"": ""decrease"", ""currency"": ""GBP""}"
q_0051,train,monthly_revenue_change,wording_only,False,False,False,True,[],"{""previous_month"": ""2011-02"", ""current_month"": ""2011-03"", ""previous_month_label"": ""February 2011"", ""current_month_label"": ""March 2011"", ""previous_net_revenue"": 497026.41, ""current_net_revenue"": 682013.98, ""absolute_change"": 184987.57, ""percent_change"": 37.22, ""direction"": ""increase"", ""currency"": ""GBP""}","{""previous_month"": ""2011-02"", ""current_month"": ""2011-03"", ""previous_month_label"": ""February 2011"", ""current_month_label"": ""March 2011"", ""previous_net_revenue"": 497026.41, ""current_net_revenue"": 682013.98, ""absolute_change"": 184987.57, ""percent_change"": 37.22, ""direction"": ""increase"", ""currency"": ""GBP""}"
q_0052,train,monthly_revenue_change,wording_only,False,False,False,True,[],"{""previous_month"": ""2011-03"", ""current_month"": ""2011-04"", ""previous_month_label"": ""March 2011"", ""current_month_label"": ""April 2011"", ""previous_net_revenue"": 682013.98, ""current_net_revenue"": 492367.84, ""absolute_change"": -189646.14, ""percent_change"": -27.81, ""direction"": ""decrease"", ""currency"": ""GBP""}","{""previous_month"": ""2011-03"", ""current_month"": ""2011-04"", ""previous_month_label"": ""March 2011"", ""current_month_label"": ""April 2011"", ""previous_net_revenue"": 682013.98, ""current_net_revenue"": 492367.84, ""absolute_change"": -189646.14, ""percent_change"": -27.81, ""direction"": ""decrease"", ""currency"": ""GBP""}"
q_0053,dev,monthly_revenue_change,wording_only,False,False,False,True,[],"{""previous_month"": ""2011-04"", ""current_month"": ""2011-05"", ""previous_month_label"": ""April 2011"", ""current_month_label"": ""May 2011"", ""previous_net_revenue"": 492367.84, ""current_net_revenue"": 722094.1, ""absolute_change"": 229726.26, ""percent_change"": 46.66, ""direction"": ""increase"", ""currency"": ""GBP""}","{""previous_month"": ""2011-04"", ""current_month"": ""2011-05"", ""previous_month_label"": ""April 2011"", ""current_month_label"": ""May 2011"", ""previous_net_revenue"": 492367.84, ""current_net_revenue"": 722094.1, ""absolute_change"": 229726.26, ""percent_change"": 46.66, ""direction"": ""increase"", ""currency"": ""GBP""}"
q_0054,test,monthly_revenue_change,wording_only,False,False,False,True,[],"{""previous_month"": ""2011-05"", ""current_month"": ""2011-06"", ""previous_month_label"": ""May 2011"", ""current_month_label"": ""June 2011"", ""previous_net_revenue"": 722094.1, ""current_net_revenue"": 689977.23, ""absolute_change"": -32116.87, ""percent_change"": -4.45, ""direction"": ""decrease"", ""currency"": ""GBP""}","{""previous_month"": ""2011-05"", ""current_month"": ""2011-06"", ""previous_month_label"": ""May 2011"", ""current_month_label"": ""June 2011"", ""previous_net_revenue"": 722094.1, ""current_net_revenue"": 689977.23, ""absolute_change"": -32116.87, ""percent_change"": -4.45, ""direction"": ""decrease"", ""currency"": ""GBP""}"
q_0055,train,monthly_revenue_change,wording_only,False,False,False,True,[],"{""previous_month"": ""2011-06"", ""current_month"": ""2011-07"", ""previous_month_label"": ""June 2011"", ""current_month_label"": ""July 2011"", ""previous_net_revenue"": 689977.23, ""current_net_revenue"": 680156.99, ""absolute_change"": -9820.24, ""percent_change"": -1.42, ""direction"": ""decrease"", ""currency"": ""GBP""}","{""previous_month"": ""2011-06"", ""current_month"": ""2011-07"", ""previous_month_label"": ""June 2011"", ""current_month_label"": ""July 2011"", ""previous_net_revenue"": 689977.23, ""current_net_revenue"": 680156.99, ""absolute_change"": -9820.24, ""percent_change"": -1.42, ""direction"": ""decrease"", ""currency"": ""GBP""}"
q_0056,train,monthly_revenue_change,wording_only,False,False,False,True,[],"{""previous_month"": ""2011-07"", ""current_month"": ""2011-08"", ""previous_month_label"": ""July 2011"", ""current_month_label"": ""August 2011"", ""previous_net_revenue"": 680156.99, ""current_net_revenue"": 703510.58, ""absolute_change"": 23353.59, ""percent_change"": 3.43, ""direction"": ""increase"", ""currency"": ""GBP""}","{""previous_month"": ""2011-07"", ""current_month"": ""2011-08"", ""previous_month_label"": ""July 2011"", ""current_month_label"": ""August 2011"", ""previous_net_revenue"": 680156.99, ""current_net_revenue"": 703510.58, ""absolute_change"": 23353.59, ""percent_change"": 3.43, ""direction"": ""increase"", ""currency"": ""GBP""}"
q_0057,train,monthly_revenue_change,wording_only,False,False,False,True,[],"{""previous_month"": ""2011-08"", ""current_month"": ""2011-09"", ""previous_month_label"": ""August 2011"", ""current_month_label"": ""September 2011"", ""previous_net_revenue"": 703510.58, ""current_net_revenue"": 1017596.68, ""absolute_change"": 314086.1, ""percent_change"": 44.65, ""direction"": ""increase"", ""currency"": ""GBP""}","{""previous_month"": ""2011-08"", ""current_month"": ""2011-09"", ""previous_month_label"": ""August 2011"", ""current_month_label"": ""September 2011"", ""previous_net_revenue"": 703510.58, ""current_net_revenue"": 1017596.68, ""absolute_change"": 314086.1, ""percent_change"": 44.65, ""direction"": ""increase"", ""currency"": ""GBP""}"
q_0058,dev,monthly_revenue_change,wording_only,False,False,False,True,[],"{""previous_month"": ""2011-09"", ""current_month"": ""2011-10"", ""previous_month_label"": ""September 2011"", ""current_month_label"": ""October 2011"", ""previous_net_revenue"": 1017596.68, ""current_net_revenue"": 1069368.23, ""absolute_change"": 51771.55, ""percent_change"": 5.09, ""direction"": ""increase"", ""currency"": ""GBP""}","{""previous_month"": ""2011-09"", ""current_month"": ""2011-10"", ""previous_month_label"": ""September 2011"", ""current_month_label"": ""October 2011"", ""previous_net_revenue"": 1017596.68, ""current_net_revenue"": 1069368.23, ""absolute_change"": 51771.55, ""percent_change"": 5.09, ""direction"": ""increase"", ""currency"": ""GBP""}"
q_0059,test,monthly_revenue_change,wording_only,False,False,False,True,[],"{""previous_month"": ""2011-10"", ""current_month"": ""2011-11"", ""previous_month_label"": ""October 2011"", ""current_month_label"": ""November 2011"", ""previous_net_revenue"": 1069368.23, ""current_net_revenue"": 1456145.8, ""absolute_change"": 386777.57, ""percent_change"": 36.17, ""direction"": ""increase"", ""currency"": ""GBP""}","{""previous_month"": ""2011-10"", ""current_month"": ""2011-11"", ""previous_month_label"": ""October 2011"", ""current_month_label"": ""November 2011"", ""previous_net_revenue"": 1069368.23, ""current_net_revenue"": 1456145.8, ""absolute_change"": 386777.57, ""percent_change"": 36.17, ""direction"": ""increase"", ""currency"": ""GBP""}"
q_0060,train,top3_products_month,wording_only,False,False,False,False,[],"{""year_month"": ""2010-12"", ""month_label"": ""December 2010"", ""top_products"": [{""rank"": 1, ""stock_code"": ""22423"", ""description"": ""REGENCY CAKESTAND 3 TIER"", ""merchandise_net_revenue"": 26722.16}, {""rank"": 2, ""stock_code"": ""84029E"", ""description"": ""RED WOOLLY HOTTIE WHITE HEART."", ""merchandise_net_revenue"": 9291.73}, {""rank"": 3, ""stock_code"": ""22086"", ""description"": ""PAPER CHAIN KIT 50'S CHRISTMAS"", ""merchandise_net_revenue"": 9187.45}], ""currency"": ""GBP""}","{""year_month"": ""2010-12"", ""month_label"": ""December 2010"", ""top_products"": [{""rank"": 1, ""stock_code"": ""22423"", ""description"": ""REGENCY CAKESTAND 3 TIER"", ""merchandise_net_revenue"": 26722.16}, {""rank"": 2, ""stock_code"": ""84029E"", ""description"": ""RED WOOLLY HOTTIE WHITE HEART."", ""merchandise_net_revenue"": 9291.73}, {""rank"": 3, ""stock_code"": ""22086"", ""description"": ""PAPER CHAIN KIT 50'S CHRISTMAS"", ""merchandise_net_revenue"": 9187.45}], ""currency"": ""GBP""}"
q_0061,train,top3_products_month,wording_only,False,False,False,False,[],"{""year_month"": ""2011-01"", ""month_label"": ""January 2011"", ""top_products"": [{""rank"": 1, ""stock_code"": ""85123A"", ""description"": ""WHITE HANGING HEART T-LIGHT HOLDER"", ""merchandise_net_revenue"": 15174.26}, {""rank"": 2, ""stock_code"": ""22423"", ""description"": ""REGENCY CAKESTAND 3 TIER"", ""merchandise_net_revenue"": 11742.5}, {""rank"": 3, ""stock_code"": ""21108"", ""description"": ""FAIRY CAKE FLANNEL ASSORTED COLOUR"", ""merchandise_net_revenue"": 6870.41}], ""currency"": ""GBP""}","{""year_month"": ""2011-01"", ""month_label"": ""January 2011"", ""top_products"": [{""rank"": 1, ""stock_code"": ""85123A"", ""description"": ""WHITE HANGING HEART T-LIGHT HOLDER"", ""merchandise_net_revenue"": 15174.26}, {""rank"": 2, ""stock_code"": ""22423"", ""description"": ""REGENCY CAKESTAND 3 TIER"", ""merchandise_net_revenue"": 11742.5}, {""rank"": 3, ""stock_code"": ""21108"", ""description"": ""FAIRY CAKE FLANNEL ASSORTED COLOUR"", ""merchandise_net_revenue"": 6870.41}], ""currency"": ""GBP""}"
q_0062,train,top3_products_month,wording_only,False,False,False,False,[],"{""year_month"": ""2011-02"", ""month_label"": ""February 2011"", ""top_products"": [{""rank"": 1, ""stock_code"": ""22423"", ""description"": ""REGENCY CAKESTAND 3 TIER"", ""merchandise_net_revenue"": 10491.54}, {""rank"": 2, ""stock_code"": ""21623"", ""description"": ""VINTAGE UNION JACK MEMOBOARD"", ""merchandise_net_revenue"": 6810.39}, {""rank"": 3, ""stock_code"": ""85099B"", ""description"": ""JUMBO BAG RED RETROSPOT"", ""merchandise_net_revenue"": 5613.64}], ""currency"": ""GBP""}","{""year_month"": ""2011-02"", ""month_label"": ""February 2011"", ""top_products"": [{""rank"": 1, ""stock_code"": ""22423"", ""description"": ""REGENCY CAKESTAND 3 TIER"", ""merchandise_net_revenue"": 10491.54}, {""rank"": 2, ""stock_code"": ""21623"", ""description"": ""VINTAGE UNION JACK MEMOBOARD"", ""merchandise_net_revenue"": 6810.39}, {""rank"": 3, ""stock_code"": ""85099B"", ""description"": ""JUMBO BAG RED RETROSPOT"", ""merchandise_net_revenue"": 5613.64}], ""currency"": ""GBP""}"
q_0063,dev,top3_products_month,wording_only,False,False,False,False,[],"{""year_month"": ""2011-03"", ""month_label"": ""March 2011"", ""top_products"": [{""rank"": 1, ""stock_code"": ""22423"", ""description"": ""REGENCY CAKESTAND 3 TIER"", ""merchandise_net_revenue"": 16817.85}, {""rank"": 2, ""stock_code"": ""85099B"", ""description"": ""JUMBO BAG RED RETROSPOT"", ""merchandise_net_revenue"": 10116.43}, {""rank"": 3, ""stock_code"": ""47566"", ""description"": ""PARTY BUNTING"", ""merchandise_net_revenue"": 9098.27}], ""currency"": ""GBP""}","{""year_month"": ""2011-03"", ""month_label"": ""March 2011"", ""top_products"": [{""rank"": 1, ""stock_code"": ""22423"", ""description"": ""REGENCY CAKESTAND 3 TIER"", ""merchandise_net_revenue"": 16817.85}, {""rank"": 2, ""stock_code"": ""85099B"", ""description"": ""JUMBO BAG RED RETROSPOT"", ""merchandise_net_revenue"": 10116.43}, {""rank"": 3, ""stock_code"": ""47566"", ""description"": ""PARTY BUNTING"", ""merchandise_net_revenue"": 9098.27}], ""currency"": ""GBP""}"
q_0064,test,top3_products_month,wording_only,False,False,False,False,[],"{""year_month"": ""2011-04"", ""month_label"": ""April 2011"", ""top_products"": [{""rank"": 1, ""stock_code"": ""22423"", ""description"": ""REGENCY CAKESTAND 3 TIER"", ""merchandise_net_revenue"": 14280.9}, {""rank"": 2, ""stock_code"": ""47566"", ""description"": ""PARTY BUNTING"", ""merchandise_net_revenue"": 10323.87}, {""rank"": 3, ""stock_code"": ""22084"", ""description"": ""PAPER CHAIN KIT EMPIRE"", ""merchandise_net_revenue"": 6619.51}], ""currency"": ""GBP""}","{""year_month"": ""2011-04"", ""month_label"": ""April 2011"", ""top_products"": [{""rank"": 1, ""stock_code"": ""22423"", ""description"": ""REGENCY CAKESTAND 3 TIER"", ""merchandise_net_revenue"": 14280.9}, {""rank"": 2, ""stock_code"": ""47566"", ""description"": ""PARTY BUNTING"", ""merchandise_net_revenue"": 10323.87}, {""rank"": 3, ""stock_code"": ""22084"", ""description"": ""PAPER CHAIN KIT EMPIRE"", ""merchandise_net_revenue"": 6619.51}], ""currency"": ""GBP""}"
q_0065,train,top3_products_month,wording_only,False,False,False,False,[],"{""year_month"": ""2011-05"", ""month_label"": ""May 2011"", ""top_products"": [{""rank"": 1, ""stock_code"": ""47566"", ""description"": ""PARTY BUNTING"", ""merchandise_net_revenue"": 19093.3}, {""rank"": 2, ""stock_code"": ""22423"", ""description"": ""REGENCY CAKESTAND 3 TIER"", ""merchandise_net_revenue"": 12217.27}, {""rank"": 3, ""stock_code"": ""85123A"", ""description"": ""WHITE HANGING HEART T-LIGHT HOLDER"", ""merchandise_net_revenue"": 11172.17}], ""currency"": ""GBP""}","{""year_month"": ""2011-05"", ""month_label"": ""May 2011"", ""top_products"": [{""rank"": 1, ""stock_code"": ""47566"", ""description"": ""PARTY BUNTING"", ""merchandise_net_revenue"": 19093.3}, {""rank"": 2, ""stock_code"": ""22423"", ""description"": ""REGENCY CAKESTAND 3 TIER"", ""merchandise_net_revenue"": 12217.27}, {""rank"": 3, ""stock_code"": ""85123A"", ""description"": ""WHITE HANGING HEART T-LIGHT HOLDER"", ""merchandise_net_revenue"": 11172.17}], ""currency"": ""GBP""}"
q_0066,train,top3_products_month,wording_only,False,False,False,False,[],"{""year_month"": ""2011-06"", ""month_label"": ""June 2011"", ""top_products"": [{""rank"": 1, ""stock_code"": ""22502"", ""description"": ""PICNIC BASKET WICKER 60 PIECES"", ""merchandise_net_revenue"": 39619.5}, {""rank"": 2, ""stock_code"": ""47566"", ""description"": ""PARTY BUNTING"", ""merchandise_net_revenue"": 12452.17}, {""rank"": 3, ""stock_code"": ""22423"", ""description"": ""REGENCY CAKESTAND 3 TIER"", ""merchandise_net_revenue"": 9453.64}], ""currency"": ""GBP""}","{""year_month"": ""2011-06"", ""month_label"": ""June 2011"", ""top_products"": [{""rank"": 1, ""stock_code"": ""22502"", ""description"": ""PICNIC BASKET WICKER 60 PIECES"", ""merchandise_net_revenue"": 39619.5}, {""rank"": 2, ""stock_code"": ""47566"", ""description"": ""PARTY BUNTING"", ""merchandise_net_revenue"": 12452.17}, {""rank"": 3, ""stock_code"": ""22423"", ""description"": ""REGENCY CAKESTAND 3 TIER"", ""merchandise_net_revenue"": 9453.64}], ""currency"": ""GBP""}"
q_0067,train,top3_products_month,wording_only,False,False,False,False,[],"{""year_month"": ""2011-07"", ""month_label"": ""July 2011"", ""top_products"": [{""rank"": 1, ""stock_code"": ""47566"", ""description"": ""PARTY BUNTING"", ""merchandise_net_revenue"": 14576.5}, {""rank"": 2, ""stock_code"": ""22423"", ""description"": ""REGENCY CAKESTAND 3 TIER"", ""merchandise_net_revenue"": 13726.56}, {""rank"": 3, ""stock_code"": ""85123A"", ""description"": ""WHITE HANGING HEART T-LIGHT HOLDER"", ""merchandise_net_revenue"": 8474.61}], ""currency"": ""GBP""}","{""year_month"": ""2011-07"", ""month_label"": ""July 2011"", ""top_products"": [{""rank"": 1, ""stock_code"": ""47566"", ""description"": ""PARTY BUNTING"", ""merchandise_net_revenue"": 14576.5}, {""rank"": 2, ""stock_code"": ""22423"", ""description"": ""REGENCY CAKESTAND 3 TIER"", ""merchandise_net_revenue"": 13726.56}, {""rank"": 3, ""stock_code"": ""85123A"", ""description"": ""WHITE HANGING HEART T-LIGHT HOLDER"", ""merchandise_net_revenue"": 8474.61}], ""currency"": ""GBP""}"
q_0068,dev,top3_products_month,wording_only,False,False,False,False,[],"{""year_month"": ""2011-08"", ""month_label"": ""August 2011"", ""top_products"": [{""rank"": 1, ""stock_code"": ""85099B"", ""description"": ""JUMBO BAG RED RETROSPOT"", ""merchandise_net_revenue"": 10441.77}, {""rank"": 2, ""stock_code"": ""84879"", ""description"": ""ASSORTED COLOUR BIRD ORNAMENT"", ""merchandise_net_revenue"": 9867.04}, {""rank"": 3, ""stock_code"": ""47566"", ""description"": ""PARTY BUNTING"", ""merchandise_net_revenue"": 9655.25}], ""currency"": ""GBP""}","{""year_month"": ""2011-08"", ""month_label"": ""August 2011"", ""top_products"": [{""rank"": 1, ""stock_code"": ""85099B"", ""description"": ""JUMBO BAG RED RETROSPOT"", ""merchandise_net_revenue"": 10441.77}, {""rank"": 2, ""stock_code"": ""84879"", ""description"": ""ASSORTED COLOUR BIRD ORNAMENT"", ""merchandise_net_revenue"": 9867.04}, {""rank"": 3, ""stock_code"": ""47566"", ""description"": ""PARTY BUNTING"", ""merchandise_net_revenue"": 9655.25}], ""currency"": ""GBP""}"
q_0069,test,top3_products_month,wording_only,False,False,False,False,[],"{""year_month"": ""2011-09"", ""month_label"": ""September 2011"", ""top_products"": [{""rank"": 1, ""stock_code"": ""23243"", ""description"": ""SET OF TEA COFFEE SUGAR TINS PANTRY"", ""merchandise_net_revenue"": 9971.51}, {""rank"": 2, ""stock_code"": ""22423"", ""description"": ""REGENCY CAKESTAND 3 TIER"", ""merchandise_net_revenue"": 9315.03}, {""rank"": 3, ""stock_code"": ""85099B"", ""description"": ""JUMBO BAG RED RETROSPOT"", ""merchandise_net_revenue"": 8630.45}], ""currency"": ""GBP""}","{""year_month"": ""2011-09"", ""month_label"": ""September 2011"", ""top_products"": [{""rank"": 1, ""stock_code"": ""23243"", ""description"": ""SET OF TEA COFFEE SUGAR TINS PANTRY"", ""merchandise_net_revenue"": 9971.51}, {""rank"": 2, ""stock_code"": ""22423"", ""description"": ""REGENCY CAKESTAND 3 TIER"", ""merchandise_net_revenue"": 9315.03}, {""rank"": 3, ""stock_code"": ""85099B"", ""description"": ""JUMBO BAG RED RETROSPOT"", ""merchandise_net_revenue"": 8630.45}], ""currency"": ""GBP""}"
q_0070,train,top3_products_month,wording_only,False,False,False,False,[],"{""year_month"": ""2011-10"", ""month_label"": ""October 2011"", ""top_products"": [{""rank"": 1, ""stock_code"": ""22423"", ""description"": ""REGENCY CAKESTAND 3 TIER"", ""merchandise_net_revenue"": 12635.34}, {""rank"": 2, ""stock_code"": ""23084"", ""description"": ""RABBIT NIGHT LIGHT"", ""merchandise_net_revenue"": 12249.71}, {""rank"": 3, ""stock_code"": ""23284"", ""description"": ""DOORMAT KEEP CALM AND COME IN"", ""merchandise_net_revenue"": 10103.7}], ""currency"": ""GBP""}","{""year_month"": ""2011-10"", ""month_label"": ""October 2011"", ""top_products"": [{""rank"": 1, ""stock_code"": ""22423"", ""description"": ""REGENCY CAKESTAND 3 TIER"", ""merchandise_net_revenue"": 12635.34}, {""rank"": 2, ""stock_code"": ""23084"", ""description"": ""RABBIT NIGHT LIGHT"", ""merchandise_net_revenue"": 12249.71}, {""rank"": 3, ""stock_code"": ""23284"", ""description"": ""DOORMAT KEEP CALM AND COME IN"", ""merchandise_net_revenue"": 10103.7}], ""currency"": ""GBP""}"
q_0071,train,top3_products_month,wording_only,False,False,False,False,[],"{""year_month"": ""2011-11"", ""month_label"": ""November 2011"", ""top_products"": [{""rank"": 1, ""stock_code"": ""23084"", ""description"": ""RABBIT NIGHT LIGHT"", ""merchandise_net_revenue"": 34343.77}, {""rank"": 2, ""stock_code"": ""22086"", ""description"": ""PAPER CHAIN KIT 50'S CHRISTMAS"", ""merchandise_net_revenue"": 28853.54}, {""rank"": 3, ""stock_code"": ""85123A"", ""description"": ""WHITE HANGING HEART T-LIGHT HOLDER"", ""merchandise_net_revenue"": 14113.9}], ""currency"": ""GBP""}","{""year_month"": ""2011-11"", ""month_label"": ""November 2011"", ""top_products"": [{""rank"": 1, ""stock_code"": ""23084"", ""description"": ""RABBIT NIGHT LIGHT"", ""merchandise_net_revenue"": 34343.77}, {""rank"": 2, ""stock_code"": ""22086"", ""description"": ""PAPER CHAIN KIT 50'S CHRISTMAS"", ""merchandise_net_revenue"": 28853.54}, {""rank"": 3, ""stock_code"": ""85123A"", ""description"": ""WHITE HANGING HEART T-LIGHT HOLDER"", ""merchandise_net_revenue"": 14113.9}], ""currency"": ""GBP""}"
q_0072,train,top3_products_month,wording_only,False,False,False,False,[],"{""year_month"": ""2011-12"", ""month_label"": ""December 2011"", ""top_products"": [{""rank"": 1, ""stock_code"": ""23084"", ""description"": ""RABBIT NIGHT LIGHT"", ""merchandise_net_revenue"": 9603.45}, {""rank"": 2, ""stock_code"": ""22086"", ""description"": ""PAPER CHAIN KIT 50'S CHRISTMAS"", ""merchandise_net_revenue"": 6867.76}, {""rank"": 3, ""stock_code"": ""22423"", ""description"": ""REGENCY CAKESTAND 3 TIER"", ""merchandise_net_revenue"": 5890.17}], ""currency"": ""GBP""}","{""year_month"": ""2011-12"", ""month_label"": ""December 2011"", ""top_products"": [{""rank"": 1, ""stock_code"": ""23084"", ""description"": ""RABBIT NIGHT LIGHT"", ""merchandise_net_revenue"": 9603.45}, {""rank"": 2, ""stock_code"": ""22086"", ""description"": ""PAPER CHAIN KIT 50'S CHRISTMAS"", ""merchandise_net_revenue"": 6867.76}, {""rank"": 3, ""stock_code"": ""22423"", ""description"": ""REGENCY CAKESTAND 3 TIER"", ""merchandise_net_revenue"": 5890.17}], ""currency"": ""GBP""}"
q_0073,train,product_revenue_share_month,wording_only,False,False,False,False,[],"{""year_month"": ""2011-01"", ""month_label"": ""January 2011"", ""top_n"": 1, ""top_products"": [{""rank"": 1, ""stock_code"": ""85123A"", ""description"": ""WHITE HANGING HEART T-LIGHT HOLDER"", ""merchandise_net_revenue"": 15174.26}], ""numerator_merchandise_net_revenue"": 15174.26, ""total_merchandise_net_revenue"": 578914.41, ""share_percent"": 2.62, ""currency"": ""GBP""}","{""year_month"": ""2011-01"", ""month_label"": ""January 2011"", ""top_n"": 1, ""top_products"": [{""rank"": 1, ""stock_code"": ""85123A"", ""description"": ""WHITE HANGING HEART T-LIGHT HOLDER"", ""merchandise_net_revenue"": 15174.26}], ""numerator_merchandise_net_revenue"": 15174.26, ""total_merchandise_net_revenue"": 578914.41, ""share_percent"": 2.62, ""currency"": ""GBP""}"
q_0074,train,product_revenue_share_month,wording_only,False,False,False,False,[],"{""year_month"": ""2011-02"", ""month_label"": ""February 2011"", ""top_n"": 1, ""top_products"": [{""rank"": 1, ""stock_code"": ""22423"", ""description"": ""REGENCY CAKESTAND 3 TIER"", ""merchandise_net_revenue"": 10491.54}], ""numerator_merchandise_net_revenue"": 10491.54, ""total_merchandise_net_revenue"": 499514.57, ""share_percent"": 2.1, ""currency"": ""GBP""}","{""year_month"": ""2011-02"", ""month_label"": ""February 2011"", ""top_n"": 1, ""top_products"": [{""rank"": 1, ""stock_code"": ""22423"", ""description"": ""REGENCY CAKESTAND 3 TIER"", ""merchandise_net_revenue"": 10491.54}], ""numerator_merchandise_net_revenue"": 10491.54, ""total_merchandise_net_revenue"": 499514.57, ""share_percent"": 2.1, ""currency"": ""GBP""}"
q_0075,train,product_revenue_share_month,wording_only,False,False,False,False,[],"{""year_month"": ""2011-03"", ""month_label"": ""March 2011"", ""top_n"": 1, ""top_products"": [{""rank"": 1, ""stock_code"": ""22423"", ""description"": ""REGENCY CAKESTAND 3 TIER"", ""merchandise_net_revenue"": 16817.85}], ""numerator_merchandise_net_revenue"": 16817.85, ""total_merchandise_net_revenue"": 679212.52, ""share_percent"": 2.48, ""currency"": ""GBP""}","{""year_month"": ""2011-03"", ""month_label"": ""March 2011"", ""top_n"": 1, ""top_products"": [{""rank"": 1, ""stock_code"": ""22423"", ""description"": ""REGENCY CAKESTAND 3 TIER"", ""merchandise_net_revenue"": 16817.85}], ""numerator_merchandise_net_revenue"": 16817.85, ""total_merchandise_net_revenue"": 679212.52, ""share_percent"": 2.48, ""currency"": ""GBP""}"
q_0076,dev,product_revenue_share_month,wording_only,False,False,False,False,[],"{""year_month"": ""2011-04"", ""month_label"": ""April 2011"", ""top_n"": 1, ""top_products"": [{""rank"": 1, ""stock_code"": ""22423"", ""description"": ""REGENCY CAKESTAND 3 TIER"", ""merchandise_net_revenue"": 14280.9}], ""numerator_merchandise_net_revenue"": 14280.9, ""total_merchandise_net_revenue"": 482147.02, ""share_percent"": 2.96, ""currency"": ""GBP""}","{""year_month"": ""2011-04"", ""month_label"": ""April 2011"", ""top_n"": 1, ""top_products"": [{""rank"": 1, ""stock_code"": ""22423"", ""description"": ""REGENCY CAKESTAND 3 TIER"", ""merchandise_net_revenue"": 14280.9}], ""numerator_merchandise_net_revenue"": 14280.9, ""total_merchandise_net_revenue"": 482147.02, ""share_percent"": 2.96, ""currency"": ""GBP""}"
q_0077,test,product_revenue_share_month,wording_only,False,False,False,False,[],"{""year_month"": ""2011-05"", ""month_label"": ""May 2011"", ""top_n"": 1, ""top_products"": [{""rank"": 1, ""stock_code"": ""47566"", ""description"": ""PARTY BUNTING"", ""merchandise_net_revenue"": 19093.3}], ""numerator_merchandise_net_revenue"": 19093.3, ""total_merchandise_net_revenue"": 731051.91, ""share_percent"": 2.61, ""currency"": ""GBP""}","{""year_month"": ""2011-05"", ""month_label"": ""May 2011"", ""top_n"": 1, ""top_products"": [{""rank"": 1, ""stock_code"": ""47566"", ""description"": ""PARTY BUNTING"", ""merchandise_net_revenue"": 19093.3}], ""numerator_merchandise_net_revenue"": 19093.3, ""total_merchandise_net_revenue"": 731051.91, ""share_percent"": 2.61, ""currency"": ""GBP""}"
q_0078,train,product_revenue_share_month,wording_only,False,False,False,False,[],"{""year_month"": ""2011-06"", ""month_label"": ""June 2011"", ""top_n"": 1, ""top_products"": [{""rank"": 1, ""stock_code"": ""22502"", ""description"": ""PICNIC BASKET WICKER 60 PIECES"", ""merchandise_net_revenue"": 39619.5}], ""numerator_merchandise_net_revenue"": 39619.5, ""total_merchandise_net_revenue"": 723970.15, ""share_percent"": 5.47, ""currency"": ""GBP""}","{""year_month"": ""2011-06"", ""month_label"": ""June 2011"", ""top_n"": 1, ""top_products"": [{""rank"": 1, ""stock_code"": ""22502"", ""description"": ""PICNIC BASKET WICKER 60 PIECES"", ""merchandise_net_revenue"": 39619.5}], ""numerator_merchandise_net_revenue"": 39619.5, ""total_merchandise_net_revenue"": 723970.15, ""share_percent"": 5.47, ""currency"": ""GBP""}"
q_0079,train,product_revenue_share_month,wording_only,False,False,False,False,[],"{""year_month"": ""2011-07"", ""month_label"": ""July 2011"", ""top_n"": 1, ""top_products"": [{""rank"": 1, ""stock_code"": ""47566"", ""description"": ""PARTY BUNTING"", ""merchandise_net_revenue"": 14576.5}], ""numerator_merchandise_net_revenue"": 14576.5, ""total_merchandise_net_revenue"": 676770.86, ""share_percent"": 2.15, ""currency"": ""GBP""}","{""year_month"": ""2011-07"", ""month_label"": ""July 2011"", ""top_n"": 1, ""top_products"": [{""rank"": 1, ""stock_code"": ""47566"", ""description"": ""PARTY BUNTING"", ""merchandise_net_revenue"": 14576.5}], ""numerator_merchandise_net_revenue"": 14576.5, ""total_merchandise_net_revenue"": 676770.86, ""share_percent"": 2.15, ""currency"": ""GBP""}"
q_0080,train,product_revenue_share_month,wording_only,False,False,False,False,[],"{""year_month"": ""2011-08"", ""month_label"": ""August 2011"", ""top_n"": 1, ""top_products"": [{""rank"": 1, ""stock_code"": ""85099B"", ""description"": ""JUMBO BAG RED RETROSPOT"", ""merchandise_net_revenue"": 10441.77}], ""numerator_merchandise_net_revenue"": 10441.77, ""total_merchandise_net_revenue"": 701361.85, ""share_percent"": 1.49, ""currency"": ""GBP""}","{""year_month"": ""2011-08"", ""month_label"": ""August 2011"", ""top_n"": 1, ""top_products"": [{""rank"": 1, ""stock_code"": ""85099B"", ""description"": ""JUMBO BAG RED RETROSPOT"", ""merchandise_net_revenue"": 10441.77}], ""numerator_merchandise_net_revenue"": 10441.77, ""total_merchandise_net_revenue"": 701361.85, ""share_percent"": 1.49, ""currency"": ""GBP""}"
q_0081,dev,product_revenue_share_month,wording_only,False,False,False,False,[],"{""year_month"": ""2011-09"", ""month_label"": ""September 2011"", ""top_n"": 1, ""top_products"": [{""rank"": 1, ""stock_code"": ""23243"", ""description"": ""SET OF TEA COFFEE SUGAR TINS PANTRY"", ""merchandise_net_revenue"": 9971.51}], ""numerator_merchandise_net_revenue"": 9971.51, ""total_merchandise_net_revenue"": 1011358.16, ""share_percent"": 0.99, ""currency"": ""GBP""}","{""year_month"": ""2011-09"", ""month_label"": ""September 2011"", ""top_n"": 1, ""top_products"": [{""rank"": 1, ""stock_code"": ""23243"", ""description"": ""SET OF TEA COFFEE SUGAR TINS PANTRY"", ""merchandise_net_revenue"": 9971.51}], ""numerator_merchandise_net_revenue"": 9971.51, ""total_merchandise_net_revenue"": 1011358.16, ""share_percent"": 0.99, ""currency"": ""GBP""}"
q_0082,test,product_revenue_share_month,wording_only,False,False,False,False,[],"{""year_month"": ""2011-10"", ""month_label"": ""October 2011"", ""top_n"": 1, ""top_products"": [{""rank"": 1, ""stock_code"": ""22423"", ""description"": ""REGENCY CAKESTAND 3 TIER"", ""merchandise_net_revenue"": 12635.34}], ""numerator_merchandise_net_revenue"": 12635.34, ""total_merchandise_net_revenue"": 1061714.6, ""share_percent"": 1.19, ""currency"": ""GBP""}","{""year_month"": ""2011-10"", ""month_label"": ""October 2011"", ""top_n"": 1, ""top_products"": [{""rank"": 1, ""stock_code"": ""22423"", ""description"": ""REGENCY CAKESTAND 3 TIER"", ""merchandise_net_revenue"": 12635.34}], ""numerator_merchandise_net_revenue"": 12635.34, ""total_merchandise_net_revenue"": 1061714.6, ""share_percent"": 1.19, ""currency"": ""GBP""}"
q_0083,train,product_revenue_share_month,wording_only,False,False,False,False,[],"{""year_month"": ""2011-11"", ""month_label"": ""November 2011"", ""top_n"": 1, ""top_products"": [{""rank"": 1, ""stock_code"": ""23084"", ""description"": ""RABBIT NIGHT LIGHT"", ""merchandise_net_revenue"": 34343.77}], ""numerator_merchandise_net_revenue"": 34343.77, ""total_merchandise_net_revenue"": 1427121.25, ""share_percent"": 2.41, ""currency"": ""GBP""}","{""year_month"": ""2011-11"", ""month_label"": ""November 2011"", ""top_n"": 1, ""top_products"": [{""rank"": 1, ""stock_code"": ""23084"", ""description"": ""RABBIT NIGHT LIGHT"", ""merchandise_net_revenue"": 34343.77}], ""numerator_merchandise_net_revenue"": 34343.77, ""total_merchandise_net_revenue"": 1427121.25, ""share_percent"": 2.41, ""currency"": ""GBP""}"
q_0084,train,product_revenue_share_month,wording_only,False,False,False,False,[],"{""year_month"": ""2011-01"", ""month_label"": ""January 2011"", ""top_n"": 3, ""top_products"": [{""rank"": 1, ""stock_code"": ""85123A"", ""description"": ""WHITE HANGING HEART T-LIGHT HOLDER"", ""merchandise_net_revenue"": 15174.26}, {""rank"": 2, ""stock_code"": ""22423"", ""description"": ""REGENCY CAKESTAND 3 TIER"", ""merchandise_net_revenue"": 11742.5}, {""rank"": 3, ""stock_code"": ""21108"", ""description"": ""FAIRY CAKE FLANNEL ASSORTED COLOUR"", ""merchandise_net_revenue"": 6870.41}], ""numerator_merchandise_net_revenue"": 33787.17, ""total_merchandise_net_revenue"": 578914.41, ""share_percent"": 5.84, ""currency"": ""GBP""}","{""year_month"": ""2011-01"", ""month_label"": ""January 2011"", ""top_n"": 3, ""top_products"": [{""rank"": 1, ""stock_code"": ""85123A"", ""description"": ""WHITE HANGING HEART T-LIGHT HOLDER"", ""merchandise_net_revenue"": 15174.26}, {""rank"": 2, ""stock_code"": ""22423"", ""description"": ""REGENCY CAKESTAND 3 TIER"", ""merchandise_net_revenue"": 11742.5}, {""rank"": 3, ""stock_code"": ""21108"", ""description"": ""FAIRY CAKE FLANNEL ASSORTED COLOUR"", ""merchandise_net_revenue"": 6870.41}], ""numerator_merchandise_net_revenue"": 33787.17, ""total_merchandise_net_revenue"": 578914.41, ""share_percent"": 5.84, ""currency"": ""GBP""}"
q_0085,train,product_revenue_share_month,wording_only,False,False,False,False,[],"{""year_month"": ""2011-03"", ""month_label"": ""March 2011"", ""top_n"": 3, ""top_products"": [{""rank"": 1, ""stock_code"": ""22423"", ""description"": ""REGENCY CAKESTAND 3 TIER"", ""merchandise_net_revenue"": 16817.85}, {""rank"": 2, ""stock_code"": ""85099B"", ""description"": ""JUMBO BAG RED RETROSPOT"", ""merchandise_net_revenue"": 10116.43}, {""rank"": 3, ""stock_code"": ""47566"", ""description"": ""PARTY BUNTING"", ""merchandise_net_revenue"": 9098.27}], ""numerator_merchandise_net_revenue"": 36032.55, ""total_merchandise_net_revenue"": 679212.52, ""share_percent"": 5.31, ""currency"": ""GBP""}","{""year_month"": ""2011-03"", ""month_label"": ""March 2011"", ""top_n"": 3, ""top_products"": [{""rank"": 1, ""stock_code"": ""22423"", ""description"": ""REGENCY CAKESTAND 3 TIER"", ""merchandise_net_revenue"": 16817.85}, {""rank"": 2, ""stock_code"": ""85099B"", ""description"": ""JUMBO BAG RED RETROSPOT"", ""merchandise_net_revenue"": 10116.43}, {""rank"": 3, ""stock_code"": ""47566"", ""description"": ""PARTY BUNTING"", ""merchandise_net_revenue"": 9098.27}], ""numerator_merchandise_net_revenue"": 36032.55, ""total_merchandise_net_revenue"": 679212.52, ""share_percent"": 5.31, ""currency"": ""GBP""}"
q_0086,dev,product_revenue_share_month,wording_only,False,False,False,False,[],"{""year_month"": ""2011-06"", ""month_label"": ""June 2011"", ""top_n"": 3, ""top_products"": [{""rank"": 1, ""stock_code"": ""22502"", ""description"": ""PICNIC BASKET WICKER 60 PIECES"", ""merchandise_net_revenue"": 39619.5}, {""rank"": 2, ""stock_code"": ""47566"", ""description"": ""PARTY BUNTING"", ""merchandise_net_revenue"": 12452.17}, {""rank"": 3, ""stock_code"": ""22423"", ""description"": ""REGENCY CAKESTAND 3 TIER"", ""merchandise_net_revenue"": 9453.64}], ""numerator_merchandise_net_revenue"": 61525.31, ""total_merchandise_net_revenue"": 723970.15, ""share_percent"": 8.5, ""currency"": ""GBP""}","{""year_month"": ""2011-06"", ""month_label"": ""June 2011"", ""top_n"": 3, ""top_products"": [{""rank"": 1, ""stock_code"": ""22502"", ""description"": ""PICNIC BASKET WICKER 60 PIECES"", ""merchandise_net_revenue"": 39619.5}, {""rank"": 2, ""stock_code"": ""47566"", ""description"": ""PARTY BUNTING"", ""merchandise_net_revenue"": 12452.17}, {""rank"": 3, ""stock_code"": ""22423"", ""description"": ""REGENCY CAKESTAND 3 TIER"", ""merchandise_net_revenue"": 9453.64}], ""numerator_merchandise_net_revenue"": 61525.31, ""total_merchandise_net_revenue"": 723970.15, ""share_percent"": 8.5, ""currency"": ""GBP""}"
q_0087,test,product_revenue_share_month,wording_only,False,False,False,False,[],"{""year_month"": ""2011-09"", ""month_label"": ""September 2011"", ""top_n"": 3, ""top_products"": [{""rank"": 1, ""stock_code"": ""23243"", ""description"": ""SET OF TEA COFFEE SUGAR TINS PANTRY"", ""merchandise_net_revenue"": 9971.51}, {""rank"": 2, ""stock_code"": ""22423"", ""description"": ""REGENCY CAKESTAND 3 TIER"", ""merchandise_net_revenue"": 9315.03}, {""rank"": 3, ""stock_code"": ""85099B"", ""description"": ""JUMBO BAG RED RETROSPOT"", ""merchandise_net_revenue"": 8630.45}], ""numerator_merchandise_net_revenue"": 27916.99, ""total_merchandise_net_revenue"": 1011358.16, ""share_percent"": 2.76, ""currency"": ""GBP""}","{""year_month"": ""2011-09"", ""month_label"": ""September 2011"", ""top_n"": 3, ""top_products"": [{""rank"": 1, ""stock_code"": ""23243"", ""description"": ""SET OF TEA COFFEE SUGAR TINS PANTRY"", ""merchandise_net_revenue"": 9971.51}, {""rank"": 2, ""stock_code"": ""22423"", ""description"": ""REGENCY CAKESTAND 3 TIER"", ""merchandise_net_revenue"": 9315.03}, {""rank"": 3, ""stock_code"": ""85099B"", ""description"": ""JUMBO BAG RED RETROSPOT"", ""merchandise_net_revenue"": 8630.45}], ""numerator_merchandise_net_revenue"": 27916.99, ""total_merchandise_net_revenue"": 1011358.16, ""share_percent"": 2.76, ""currency"": ""GBP""}"
q_0088,train,product_revenue_share_month,wording_only,False,False,False,False,[],"{""year_month"": ""2011-11"", ""month_label"": ""November 2011"", ""top_n"": 3, ""top_products"": [{""rank"": 1, ""stock_code"": ""23084"", ""description"": ""RABBIT NIGHT LIGHT"", ""merchandise_net_revenue"": 34343.77}, {""rank"": 2, ""stock_code"": ""22086"", ""description"": ""PAPER CHAIN KIT 50'S CHRISTMAS"", ""merchandise_net_revenue"": 28853.54}, {""rank"": 3, ""stock_code"": ""85123A"", ""description"": ""WHITE HANGING HEART T-LIGHT HOLDER"", ""merchandise_net_revenue"": 14113.9}], ""numerator_merchandise_net_revenue"": 77311.21, ""total_merchandise_net_revenue"": 1427121.25, ""share_percent"": 5.42, ""currency"": ""GBP""}","{""year_month"": ""2011-11"", ""month_label"": ""November 2011"", ""top_n"": 3, ""top_products"": [{""rank"": 1, ""stock_code"": ""23084"", ""description"": ""RABBIT NIGHT LIGHT"", ""merchandise_net_revenue"": 34343.77}, {""rank"": 2, ""stock_code"": ""22086"", ""description"": ""PAPER CHAIN KIT 50'S CHRISTMAS"", ""merchandise_net_revenue"": 28853.54}, {""rank"": 3, ""stock_code"": ""85123A"", ""description"": ""WHITE HANGING HEART T-LIGHT HOLDER"", ""merchandise_net_revenue"": 14113.9}], ""numerator_merchandise_net_revenue"": 77311.21, ""total_merchandise_net_revenue"": 1427121.25, ""share_percent"": 5.42, ""currency"": ""GBP""}"
q_0089,train,return_impact_month,wording_only,False,False,False,True,[],"{""year_month"": ""2010-12"", ""month_label"": ""December 2010"", ""gross_positive_revenue"": 821452.73, ""cancellation_revenue"": -74729.12, ""reduction_amount"": 74729.12, ""reduction_rate_percent"": 9.1, ""net_revenue"": 746723.61, ""currency"": ""GBP""}","{""year_month"": ""2010-12"", ""month_label"": ""December 2010"", ""gross_positive_revenue"": 821452.73, ""cancellation_revenue"": -74729.12, ""reduction_amount"": 74729.12, ""reduction_rate_percent"": 9.1, ""net_revenue"": 746723.61, ""currency"": ""GBP""}"
q_0090,train,return_impact_month,wording_only,False,False,False,True,[],"{""year_month"": ""2011-01"", ""month_label"": ""January 2011"", ""gross_positive_revenue"": 689811.61, ""cancellation_revenue"": -131363.05, ""reduction_amount"": 131363.05, ""reduction_rate_percent"": 19.04, ""net_revenue"": 558448.56, ""currency"": ""GBP""}","{""year_month"": ""2011-01"", ""month_label"": ""January 2011"", ""gross_positive_revenue"": 689811.61, ""cancellation_revenue"": -131363.05, ""reduction_amount"": 131363.05, ""reduction_rate_percent"": 19.04, ""net_revenue"": 558448.56, ""currency"": ""GBP""}"
q_0091,train,return_impact_month,wording_only,False,False,False,True,[],"{""year_month"": ""2011-02"", ""month_label"": ""February 2011"", ""gross_positive_revenue"": 522545.56, ""cancellation_revenue"": -25519.15, ""reduction_amount"": 25519.15, ""reduction_rate_percent"": 4.88, ""net_revenue"": 497026.41, ""currency"": ""GBP""}","{""year_month"": ""2011-02"", ""month_label"": ""February 2011"", ""gross_positive_revenue"": 522545.56, ""cancellation_revenue"": -25519.15, ""reduction_amount"": 25519.15, ""reduction_rate_percent"": 4.88, ""net_revenue"": 497026.41, ""currency"": ""GBP""}"
q_0092,dev,return_impact_month,wording_only,False,False,False,True,[],"{""year_month"": ""2011-03"", ""month_label"": ""March 2011"", ""gross_positive_revenue"": 716215.26, ""cancellation_revenue"": -34201.28, ""reduction_amount"": 34201.28, ""reduction_rate_percent"": 4.78, ""net_revenue"": 682013.98, ""currency"": ""GBP""}","{""year_month"": ""2011-03"", ""month_label"": ""March 2011"", ""gross_positive_revenue"": 716215.26, ""cancellation_revenue"": -34201.28, ""reduction_amount"": 34201.28, ""reduction_rate_percent"": 4.78, ""net_revenue"": 682013.98, ""currency"": ""GBP""}"
q_0093,test,return_impact_month,wording_only,False,False,False,True,[],"{""year_month"": ""2011-04"", ""month_label"": ""April 2011"", ""gross_positive_revenue"": 536968.49, ""cancellation_revenue"": -44600.65, ""reduction_amount"": 44600.65, ""reduction_rate_percent"": 8.31, ""net_revenue"": 492367.84, ""currency"": ""GBP""}","{""year_month"": ""2011-04"", ""month_label"": ""April 2011"", ""gross_positive_revenue"": 536968.49, ""cancellation_revenue"": -44600.65, ""reduction_amount"": 44600.65, ""reduction_rate_percent"": 8.31, ""net_revenue"": 492367.84, ""currency"": ""GBP""}"
q_0094,train,return_impact_month,wording_only,False,False,False,True,[],"{""year_month"": ""2011-05"", ""month_label"": ""May 2011"", ""gross_positive_revenue"": 769296.61, ""cancellation_revenue"": -47202.51, ""reduction_amount"": 47202.51, ""reduction_rate_percent"": 6.14, ""net_revenue"": 722094.1, ""currency"": ""GBP""}","{""year_month"": ""2011-05"", ""month_label"": ""May 2011"", ""gross_positive_revenue"": 769296.61, ""cancellation_revenue"": -47202.51, ""reduction_amount"": 47202.51, ""reduction_rate_percent"": 6.14, ""net_revenue"": 722094.1, ""currency"": ""GBP""}"
q_0095,train,return_impact_month,wording_only,False,False,False,True,[],"{""year_month"": ""2011-06"", ""month_label"": ""June 2011"", ""gross_positive_revenue"": 760547.01, ""cancellation_revenue"": -70569.78, ""reduction_amount"": 70569.78, ""reduction_rate_percent"": 9.28, ""net_revenue"": 689977.23, ""currency"": ""GBP""}","{""year_month"": ""2011-06"", ""month_label"": ""June 2011"", ""gross_positive_revenue"": 760547.01, ""cancellation_revenue"": -70569.78, ""reduction_amount"": 70569.78, ""reduction_rate_percent"": 9.28, ""net_revenue"": 689977.23, ""currency"": ""GBP""}"
q_0096,train,return_impact_month,wording_only,False,False,False,True,[],"{""year_month"": ""2011-07"", ""month_label"": ""July 2011"", ""gross_positive_revenue"": 718076.12, ""cancellation_revenue"": -37919.13, ""reduction_amount"": 37919.13, ""reduction_rate_percent"": 5.28, ""net_revenue"": 680156.99, ""currency"": ""GBP""}","{""year_month"": ""2011-07"", ""month_label"": ""July 2011"", ""gross_positive_revenue"": 718076.12, ""cancellation_revenue"": -37919.13, ""reduction_amount"": 37919.13, ""reduction_rate_percent"": 5.28, ""net_revenue"": 680156.99, ""currency"": ""GBP""}"
q_0097,dev,return_impact_month,wording_only,False,False,False,True,[],"{""year_month"": ""2011-08"", ""month_label"": ""August 2011"", ""gross_positive_revenue"": 757841.38, ""cancellation_revenue"": -54330.8, ""reduction_amount"": 54330.8, ""reduction_rate_percent"": 7.17, ""net_revenue"": 703510.58, ""currency"": ""GBP""}","{""year_month"": ""2011-08"", ""month_label"": ""August 2011"", ""gross_positive_revenue"": 757841.38, ""cancellation_revenue"": -54330.8, ""reduction_amount"": 54330.8, ""reduction_rate_percent"": 7.17, ""net_revenue"": 703510.58, ""currency"": ""GBP""}"
q_0098,test,return_impact_month,wording_only,False,False,False,True,[],"{""year_month"": ""2011-09"", ""month_label"": ""September 2011"", ""gross_positive_revenue"": 1056435.19, ""cancellation_revenue"": -38838.51, ""reduction_amount"": 38838.51, ""reduction_rate_percent"": 3.68, ""net_revenue"": 1017596.68, ""currency"": ""GBP""}","{""year_month"": ""2011-09"", ""month_label"": ""September 2011"", ""gross_positive_revenue"": 1056435.19, ""cancellation_revenue"": -38838.51, ""reduction_amount"": 38838.51, ""reduction_rate_percent"": 3.68, ""net_revenue"": 1017596.68, ""currency"": ""GBP""}"
q_0099,train,return_impact_month,wording_only,False,False,False,True,[],"{""year_month"": ""2011-10"", ""month_label"": ""October 2011"", ""gross_positive_revenue"": 1151263.73, ""cancellation_revenue"": -81895.5, ""reduction_amount"": 81895.5, ""reduction_rate_percent"": 7.11, ""net_revenue"": 1069368.23, ""currency"": ""GBP""}","{""year_month"": ""2011-10"", ""month_label"": ""October 2011"", ""gross_positive_revenue"": 1151263.73, ""cancellation_revenue"": -81895.5, ""reduction_amount"": 81895.5, ""reduction_rate_percent"": 7.11, ""net_revenue"": 1069368.23, ""currency"": ""GBP""}"
q_0100,train,return_impact_month,wording_only,False,False,False,True,[],"{""year_month"": ""2011-11"", ""month_label"": ""November 2011"", ""gross_positive_revenue"": 1503866.78, ""cancellation_revenue"": -47720.98, ""reduction_amount"": 47720.98, ""reduction_rate_percent"": 3.17, ""net_revenue"": 1456145.8, ""currency"": ""GBP""}","{""year_month"": ""2011-11"", ""month_label"": ""November 2011"", ""gross_positive_revenue"": 1503866.78, ""cancellation_revenue"": -47720.98, ""reduction_amount"": 47720.98, ""reduction_rate_percent"": 3.17, ""net_revenue"": 1456145.8, ""currency"": ""GBP""}"
q_0001,train,top_country_month,merchandise_scope,True,True,False,False,"[{""field"": ""net_revenue"", ""old"": 26611.16, ""new"": 26596.16, ""kind"": ""numeric""}]","{""year_month"": ""2011-01"", ""month_label"": ""January 2011"", ""scope"": ""excluding United Kingdom"", ""country"": ""Netherlands"", ""net_revenue"": 26611.16, ""currency"": ""GBP""}","{""year_month"": ""2011-01"", ""month_label"": ""January 2011"", ""scope"": ""excluding United Kingdom"", ""country"": ""Netherlands"", ""net_revenue"": 26596.16, ""currency"": ""GBP""}"
q_0002,train,top_country_month,merchandise_scope,True,True,False,False,"[{""field"": ""net_revenue"", ""old"": 22932.11, ""new"": 22797.11, ""kind"": ""numeric""}]","{""year_month"": ""2011-02"", ""month_label"": ""February 2011"", ""scope"": ""excluding United Kingdom"", ""country"": ""Netherlands"", ""net_revenue"": 22932.11, ""currency"": ""GBP""}","{""year_month"": ""2011-02"", ""month_label"": ""February 2011"", ""scope"": ""excluding United Kingdom"", ""country"": ""Netherlands"", ""net_revenue"": 22797.11, ""currency"": ""GBP""}"
q_0003,train,top_country_month,merchandise_scope,True,True,False,False,"[{""field"": ""net_revenue"", ""old"": 22416.49, ""new"": 22206.49, ""kind"": ""numeric""}]","{""year_month"": ""2011-03"", ""month_label"": ""March 2011"", ""scope"": ""excluding United Kingdom"", ""country"": ""Netherlands"", ""net_revenue"": 22416.49, ""currency"": ""GBP""}","{""year_month"": ""2011-03"", ""month_label"": ""March 2011"", ""scope"": ""excluding United Kingdom"", ""country"": ""Netherlands"", ""net_revenue"": 22206.49, ""currency"": ""GBP""}"
q_0004,dev,top_country_month,merchandise_scope,True,True,False,False,"[{""field"": ""net_revenue"", ""old"": 11963.37, ""new"": 10865.37, ""kind"": ""numeric""}]","{""year_month"": ""2011-04"", ""month_label"": ""April 2011"", ""scope"": ""excluding United Kingdom"", ""country"": ""Germany"", ""net_revenue"": 11963.37, ""currency"": ""GBP""}","{""year_month"": ""2011-04"", ""month_label"": ""April 2011"", ""scope"": ""excluding United Kingdom"", ""country"": ""Germany"", ""net_revenue"": 10865.37, ""currency"": ""GBP""}"
q_0005,test,top_country_month,merchandise_scope,True,True,False,False,"[{""field"": ""net_revenue"", ""old"": 29185.88, ""new"": 28942.88, ""kind"": ""numeric""}]","{""year_month"": ""2011-05"", ""month_label"": ""May 2011"", ""scope"": ""excluding United Kingdom"", ""country"": ""Netherlands"", ""net_revenue"": 29185.88, ""currency"": ""GBP""}","{""year_month"": ""2011-05"", ""month_label"": ""May 2011"", ""scope"": ""excluding United Kingdom"", ""country"": ""Netherlands"", ""net_revenue"": 28942.88, ""currency"": ""GBP""}"
q_0006,train,top_country_month,merchandise_scope,True,True,False,False,"[{""field"": ""net_revenue"", ""old"": 26843.09, ""new"": 26738.09, ""kind"": ""numeric""}]","{""year_month"": ""2011-06"", ""month_label"": ""June 2011"", ""scope"": ""excluding United Kingdom"", ""country"": ""Netherlands"", ""net_revenue"": 26843.09, ""currency"": ""GBP""}","{""year_month"": ""2011-06"", ""month_label"": ""June 2011"", ""scope"": ""excluding United Kingdom"", ""country"": ""Netherlands"", ""net_revenue"": 26738.09, ""currency"": ""GBP""}"
q_0007,train,top_country_month,merchandise_scope,True,True,False,False,"[{""field"": ""net_revenue"", ""old"": 42689.65, ""new"": 42189.65, ""kind"": ""numeric""}]","{""year_month"": ""2011-07"", ""month_label"": ""July 2011"", ""scope"": ""excluding United Kingdom"", ""country"": ""EIRE"", ""net_revenue"": 42689.65, ""currency"": ""GBP""}","{""year_month"": ""2011-07"", ""month_label"": ""July 2011"", ""scope"": ""excluding United Kingdom"", ""country"": ""EIRE"", ""net_revenue"": 42189.65, ""currency"": ""GBP""}"
q_0008,train,top_country_month,merchandise_scope,True,True,False,False,"[{""field"": ""net_revenue"", ""old"": 39655.81, ""new"": 39967.81, ""kind"": ""numeric""}]","{""year_month"": ""2011-08"", ""month_label"": ""August 2011"", ""scope"": ""excluding United Kingdom"", ""country"": ""Netherlands"", ""net_revenue"": 39655.81, ""currency"": ""GBP""}","{""year_month"": ""2011-08"", ""month_label"": ""August 2011"", ""scope"": ""excluding United Kingdom"", ""country"": ""Netherlands"", ""net_revenue"": 39967.81, ""currency"": ""GBP""}"
q_0009,dev,top_country_month,merchandise_scope,True,True,False,False,"[{""field"": ""net_revenue"", ""old"": 42476.2, ""new"": 41882.15, ""kind"": ""numeric""}]","{""year_month"": ""2011-09"", ""month_label"": ""September 2011"", ""scope"": ""excluding United Kingdom"", ""country"": ""EIRE"", ""net_revenue"": 42476.2, ""currency"": ""GBP""}","{""year_month"": ""2011-09"", ""month_label"": ""September 2011"", ""scope"": ""excluding United Kingdom"", ""country"": ""EIRE"", ""net_revenue"": 41882.15, ""currency"": ""GBP""}"
q_0010,test,top_country_month,merchandise_scope,True,True,False,False,"[{""field"": ""net_revenue"", ""old"": 40708.65, ""new"": 40378.65, ""kind"": ""numeric""}]","{""year_month"": ""2011-10"", ""month_label"": ""October 2011"", ""scope"": ""excluding United Kingdom"", ""country"": ""Netherlands"", ""net_revenue"": 40708.65, ""currency"": ""GBP""}","{""year_month"": ""2011-10"", ""month_label"": ""October 2011"", ""scope"": ""excluding United Kingdom"", ""country"": ""Netherlands"", ""net_revenue"": 40378.65, ""currency"": ""GBP""}"
q_0011,train,top_country_month,merchandise_scope,True,True,True,False,"[{""field"": ""country"", ""old"": ""France"", ""new"": ""EIRE"", ""kind"": ""categorical""}, {""field"": ""net_revenue"", ""old"": 30638.12, ""new"": 29488.05, ""kind"": ""numeric""}]","{""year_month"": ""2011-11"", ""month_label"": ""November 2011"", ""scope"": ""excluding United Kingdom"", ""country"": ""France"", ""net_revenue"": 30638.12, ""currency"": ""GBP""}","{""year_month"": ""2011-11"", ""month_label"": ""November 2011"", ""scope"": ""excluding United Kingdom"", ""country"": ""EIRE"", ""net_revenue"": 29488.05, ""currency"": ""GBP""}"
q_0012,train,top_country_month,merchandise_scope,True,True,False,False,"[{""field"": ""net_revenue"", ""old"": 432995.4, ""new"": 455784.4, ""kind"": ""numeric""}]","{""year_month"": ""2011-01"", ""month_label"": ""January 2011"", ""scope"": ""all countries"", ""country"": ""United Kingdom"", ""net_revenue"": 432995.4, ""currency"": ""GBP""}","{""year_month"": ""2011-01"", ""month_label"": ""January 2011"", ""scope"": ""all countries"", ""country"": ""United Kingdom"", ""net_revenue"": 455784.4, ""currency"": ""GBP""}"
q_0013,train,top_country_month,merchandise_scope,True,True,False,False,"[{""field"": ""net_revenue"", ""old"": 558458.89, ""new"": 561786.46, ""kind"": ""numeric""}]","{""year_month"": ""2011-03"", ""month_label"": ""March 2011"", ""scope"": ""all countries"", ""country"": ""United Kingdom"", ""net_revenue"": 558458.89, ""currency"": ""GBP""}","{""year_month"": ""2011-03"", ""month_label"": ""March 2011"", ""scope"": ""all countries"", ""country"": ""United Kingdom"", ""net_revenue"": 561786.46, ""currency"": ""GBP""}"
q_0014,dev,top_country_month,merchandise_scope,True,True,False,False,"[{""field"": ""net_revenue"", ""old"": 553330.21, ""new"": 593269.36, ""kind"": ""numeric""}]","{""year_month"": ""2011-06"", ""month_label"": ""June 2011"", ""scope"": ""all countries"", ""country"": ""United Kingdom"", ""net_revenue"": 553330.21, ""currency"": ""GBP""}","{""year_month"": ""2011-06"", ""month_label"": ""June 2011"", ""scope"": ""all countries"", ""country"": ""United Kingdom"", ""net_revenue"": 593269.36, ""currency"": ""GBP""}"
q_0015,test,top_country_month,merchandise_scope,True,True,False,False,"[{""field"": ""net_revenue"", ""old"": 860104.36, ""new"": 860237.39, ""kind"": ""numeric""}]","{""year_month"": ""2011-09"", ""month_label"": ""September 2011"", ""scope"": ""all countries"", ""country"": ""United Kingdom"", ""net_revenue"": 860104.36, ""currency"": ""GBP""}","{""year_month"": ""2011-09"", ""month_label"": ""September 2011"", ""scope"": ""all countries"", ""country"": ""United Kingdom"", ""net_revenue"": 860237.39, ""currency"": ""GBP""}"
q_0016,train,top_country_month,merchandise_scope,True,True,False,False,"[{""field"": ""net_revenue"", ""old"": 1277409.79, ""new"": 1258904.59, ""kind"": ""numeric""}]","{""year_month"": ""2011-11"", ""month_label"": ""November 2011"", ""scope"": ""all countries"", ""country"": ""United Kingdom"", ""net_revenue"": 1277409.79, ""currency"": ""GBP""}","{""year_month"": ""2011-11"", ""month_label"": ""November 2011"", ""scope"": ""all countries"", ""country"": ""United Kingdom"", ""net_revenue"": 1258904.59, ""currency"": ""GBP""}"
q_0017,train,top_product_month,merchandise_scope,False,False,False,False,[],"{""year_month"": ""2010-12"", ""month_label"": ""December 2010"", ""stock_code"": ""22423"", ""description"": ""REGENCY CAKESTAND 3 TIER"", ""merchandise_net_revenue"": 26722.16, ""currency"": ""GBP""}","{""year_month"": ""2010-12"", ""month_label"": ""December 2010"", ""stock_code"": ""22423"", ""description"": ""REGENCY CAKESTAND 3 TIER"", ""merchandise_net_revenue"": 26722.16, ""currency"": ""GBP""}"
q_0018,train,top_product_month,merchandise_scope,False,False,False,False,[],"{""year_month"": ""2011-01"", ""month_label"": ""January 2011"", ""stock_code"": ""85123A"", ""description"": ""WHITE HANGING HEART T-LIGHT HOLDER"", ""merchandise_net_revenue"": 15174.26, ""currency"": ""GBP""}","{""year_month"": ""2011-01"", ""month_label"": ""January 2011"", ""stock_code"": ""85123A"", ""description"": ""WHITE HANGING HEART T-LIGHT HOLDER"", ""merchandise_net_revenue"": 15174.26, ""currency"": ""GBP""}"
q_0019,train,top_product_month,merchandise_scope,False,False,False,False,[],"{""year_month"": ""2011-02"", ""month_label"": ""February 2011"", ""stock_code"": ""22423"", ""description"": ""REGENCY CAKESTAND 3 TIER"", ""merchandise_net_revenue"": 10491.54, ""currency"": ""GBP""}","{""year_month"": ""2011-02"", ""month_label"": ""February 2011"", ""stock_code"": ""22423"", ""description"": ""REGENCY CAKESTAND 3 TIER"", ""merchandise_net_revenue"": 10491.54, ""currency"": ""GBP""}"
q_0020,dev,top_product_month,merchandise_scope,False,False,False,False,[],"{""year_month"": ""2011-03"", ""month_label"": ""March 2011"", ""stock_code"": ""22423"", ""description"": ""REGENCY CAKESTAND 3 TIER"", ""merchandise_net_revenue"": 16817.85, ""currency"": ""GBP""}","{""year_month"": ""2011-03"", ""month_label"": ""March 2011"", ""stock_code"": ""22423"", ""description"": ""REGENCY CAKESTAND 3 TIER"", ""merchandise_net_revenue"": 16817.85, ""currency"": ""GBP""}"
q_0021,test,top_product_month,merchandise_scope,False,False,False,False,[],"{""year_month"": ""2011-04"", ""month_label"": ""April 2011"", ""stock_code"": ""22423"", ""description"": ""REGENCY CAKESTAND 3 TIER"", ""merchandise_net_revenue"": 14280.9, ""currency"": ""GBP""}","{""year_month"": ""2011-04"", ""month_label"": ""April 2011"", ""stock_code"": ""22423"", ""description"": ""REGENCY CAKESTAND 3 TIER"", ""merchandise_net_revenue"": 14280.9, ""currency"": ""GBP""}"
q_0022,train,top_product_month,merchandise_scope,False,False,False,False,[],"{""year_month"": ""2011-05"", ""month_label"": ""May 2011"", ""stock_code"": ""47566"", ""description"": ""PARTY BUNTING"", ""merchandise_net_revenue"": 19093.3, ""currency"": ""GBP""}","{""year_month"": ""2011-05"", ""month_label"": ""May 2011"", ""stock_code"": ""47566"", ""description"": ""PARTY BUNTING"", ""merchandise_net_revenue"": 19093.3, ""currency"": ""GBP""}"
q_0023,train,top_product_month,merchandise_scope,False,False,False,False,[],"{""year_month"": ""2011-06"", ""month_label"": ""June 2011"", ""stock_code"": ""22502"", ""description"": ""PICNIC BASKET WICKER 60 PIECES"", ""merchandise_net_revenue"": 39619.5, ""currency"": ""GBP""}","{""year_month"": ""2011-06"", ""month_label"": ""June 2011"", ""stock_code"": ""22502"", ""description"": ""PICNIC BASKET WICKER 60 PIECES"", ""merchandise_net_revenue"": 39619.5, ""currency"": ""GBP""}"
q_0024,train,top_product_month,merchandise_scope,False,False,False,False,[],"{""year_month"": ""2011-07"", ""month_label"": ""July 2011"", ""stock_code"": ""47566"", ""description"": ""PARTY BUNTING"", ""merchandise_net_revenue"": 14576.5, ""currency"": ""GBP""}","{""year_month"": ""2011-07"", ""month_label"": ""July 2011"", ""stock_code"": ""47566"", ""description"": ""PARTY BUNTING"", ""merchandise_net_revenue"": 14576.5, ""currency"": ""GBP""}"
q_0025,dev,top_product_month,merchandise_scope,False,False,False,False,[],"{""year_month"": ""2011-08"", ""month_label"": ""August 2011"", ""stock_code"": ""85099B"", ""description"": ""JUMBO BAG RED RETROSPOT"", ""merchandise_net_revenue"": 10441.77, ""currency"": ""GBP""}","{""year_month"": ""2011-08"", ""month_label"": ""August 2011"", ""stock_code"": ""85099B"", ""description"": ""JUMBO BAG RED RETROSPOT"", ""merchandise_net_revenue"": 10441.77, ""currency"": ""GBP""}"
q_0026,test,top_product_month,merchandise_scope,False,False,False,False,[],"{""year_month"": ""2011-09"", ""month_label"": ""September 2011"", ""stock_code"": ""23243"", ""description"": ""SET OF TEA COFFEE SUGAR TINS PANTRY"", ""merchandise_net_revenue"": 9971.51, ""currency"": ""GBP""}","{""year_month"": ""2011-09"", ""month_label"": ""September 2011"", ""stock_code"": ""23243"", ""description"": ""SET OF TEA COFFEE SUGAR TINS PANTRY"", ""merchandise_net_revenue"": 9971.51, ""currency"": ""GBP""}"
q_0027,train,top_product_month,merchandise_scope,False,False,False,False,[],"{""year_month"": ""2011-10"", ""month_label"": ""October 2011"", ""stock_code"": ""22423"", ""description"": ""REGENCY CAKESTAND 3 TIER"", ""merchandise_net_revenue"": 12635.34, ""currency"": ""GBP""}","{""year_month"": ""2011-10"", ""month_label"": ""October 2011"", ""stock_code"": ""22423"", ""description"": ""REGENCY CAKESTAND 3 TIER"", ""merchandise_net_revenue"": 12635.34, ""currency"": ""GBP""}"
q_0028,train,top_product_month,merchandise_scope,False,False,False,False,[],"{""year_month"": ""2011-11"", ""month_label"": ""November 2011"", ""stock_code"": ""23084"", ""description"": ""RABBIT NIGHT LIGHT"", ""merchandise_net_revenue"": 34343.77, ""currency"": ""GBP""}","{""year_month"": ""2011-11"", ""month_label"": ""November 2011"", ""stock_code"": ""23084"", ""description"": ""RABBIT NIGHT LIGHT"", ""merchandise_net_revenue"": 34343.77, ""currency"": ""GBP""}"
q_0029,train,top_product_month,merchandise_scope,False,False,False,False,[],"{""year_month"": ""2011-12"", ""month_label"": ""December 2011"", ""stock_code"": ""23084"", ""description"": ""RABBIT NIGHT LIGHT"", ""merchandise_net_revenue"": 9603.45, ""currency"": ""GBP""}","{""year_month"": ""2011-12"", ""month_label"": ""December 2011"", ""stock_code"": ""23084"", ""description"": ""RABBIT NIGHT LIGHT"", ""merchandise_net_revenue"": 9603.45, ""currency"": ""GBP""}"
q_0030,train,country_comparison_month,merchandise_scope,True,True,False,False,"[{""field"": ""country_a_net_revenue"", ""old"": 16421.43, ""new"": 14837.43, ""kind"": ""numeric""}, {""field"": ""country_b_net_revenue"", ""old"": 17503.07, ""new"": 15991.07, ""kind"": ""numeric""}, {""field"": ""revenue_delta"", ""old"": 1081.64, ""new"": 1153.64, ""kind"": ""numeric""}]","{""year_month"": ""2011-01"", ""month_label"": ""January 2011"", ""country_a"": ""Germany"", ""country_b"": ""France"", ""country_a_net_revenue"": 16421.43, ""country_b_net_revenue"": 17503.07, ""higher_country"": ""France"", ""lower_country"": ""Germany"", ""revenue_delta"": 1081.64, ""currency"": ""GBP""}","{""year_month"": ""2011-01"", ""month_label"": ""January 2011"", ""country_a"": ""Germany"", ""country_b"": ""France"", ""country_a_net_revenue"": 14837.43, ""country_b_net_revenue"": 15991.07, ""higher_country"": ""France"", ""lower_country"": ""Germany"", ""revenue_delta"": 1153.64, ""currency"": ""GBP""}"
q_0031,train,country_comparison_month,merchandise_scope,True,True,False,False,"[{""field"": ""country_a_net_revenue"", ""old"": 8969.24, ""new"": 8249.24, ""kind"": ""numeric""}, {""field"": ""country_b_net_revenue"", ""old"": 8438.91, ""new"": 7646.91, ""kind"": ""numeric""}, {""field"": ""revenue_delta"", ""old"": 530.33, ""new"": 602.33, ""kind"": ""numeric""}]","{""year_month"": ""2011-02"", ""month_label"": ""February 2011"", ""country_a"": ""Germany"", ""country_b"": ""France"", ""country_a_net_revenue"": 8969.24, ""country_b_net_revenue"": 8438.91, ""higher_country"": ""Germany"", ""lower_country"": ""France"", ""revenue_delta"": 530.33, ""currency"": ""GBP""}","{""year_month"": ""2011-02"", ""month_label"": ""February 2011"", ""country_a"": ""Germany"", ""country_b"": ""France"", ""country_a_net_revenue"": 8249.24, ""country_b_net_revenue"": 7646.91, ""higher_country"": ""Germany"", ""lower_country"": ""France"", ""revenue_delta"": 602.33, ""currency"": ""GBP""}"
q_0032,train,country_comparison_month,merchandise_scope,True,True,False,False,"[{""field"": ""country_a_net_revenue"", ""old"": 14170.02, ""new"": 12640.02, ""kind"": ""numeric""}, {""field"": ""country_b_net_revenue"", ""old"": 14512.3, ""new"": 13612.3, ""kind"": ""numeric""}, {""field"": ""revenue_delta"", ""old"": 342.28, ""new"": 972.28, ""kind"": ""numeric""}]","{""year_month"": ""2011-03"", ""month_label"": ""March 2011"", ""country_a"": ""Germany"", ""country_b"": ""France"", ""country_a_net_revenue"": 14170.02, ""country_b_net_revenue"": 14512.3, ""higher_country"": ""France"", ""lower_country"": ""Germany"", ""revenue_delta"": 342.28, ""currency"": ""GBP""}","{""year_month"": ""2011-03"", ""month_label"": ""March 2011"", ""country_a"": ""Germany"", ""country_b"": ""France"", ""country_a_net_revenue"": 12640.02, ""country_b_net_revenue"": 13612.3, ""higher_country"": ""France"", ""lower_country"": ""Germany"", ""revenue_delta"": 972.28, ""currency"": ""GBP""}"
q_0033,dev,country_comparison_month,merchandise_scope,True,True,False,False,"[{""field"": ""country_a_net_revenue"", ""old"": 11963.37, ""new"": 10865.37, ""kind"": ""numeric""}, {""field"": ""country_b_net_revenue"", ""old"": 4195.21, ""new"": 3766.21, ""kind"": ""numeric""}, {""field"": ""revenue_delta"", ""old"": 7768.16, ""new"": 7099.16, ""kind"": ""numeric""}]","{""year_month"": ""2011-04"", ""month_label"": ""April 2011"", ""country_a"": ""Germany"", ""country_b"": ""France"", ""country_a_net_revenue"": 11963.37, ""country_b_net_revenue"": 4195.21, ""higher_country"": ""Germany"", ""lower_country"": ""France"", ""revenue_delta"": 7768.16, ""currency"": ""GBP""}","{""year_month"": ""2011-04"", ""month_label"": ""April 2011"", ""country_a"": ""Germany"", ""country_b"": ""France"", ""country_a_net_revenue"": 10865.37, ""country_b_net_revenue"": 3766.21, ""higher_country"": ""Germany"", ""lower_country"": ""France"", ""revenue_delta"": 7099.16, ""currency"": ""GBP""}"
q_0034,test,country_comparison_month,merchandise_scope,True,True,False,False,"[{""field"": ""country_a_net_revenue"", ""old"": 25554.85, ""new"": 23339.85, ""kind"": ""numeric""}, {""field"": ""country_b_net_revenue"", ""old"": 17518.68, ""new"": 16114.68, ""kind"": ""numeric""}, {""field"": ""revenue_delta"", ""old"": 8036.17, ""new"": 7225.17, ""kind"": ""numeric""}]","{""year_month"": ""2011-05"", ""month_label"": ""May 2011"", ""country_a"": ""Germany"", ""country_b"": ""France"", ""country_a_net_revenue"": 25554.85, ""country_b_net_revenue"": 17518.68, ""higher_country"": ""Germany"", ""lower_country"": ""France"", ""revenue_delta"": 8036.17, ""currency"": ""GBP""}","{""year_month"": ""2011-05"", ""month_label"": ""May 2011"", ""country_a"": ""Germany"", ""country_b"": ""France"", ""country_a_net_revenue"": 23339.85, ""country_b_net_revenue"": 16114.68, ""higher_country"": ""Germany"", ""lower_country"": ""France"", ""revenue_delta"": 7225.17, ""currency"": ""GBP""}"
q_0035,train,country_comparison_month,merchandise_scope,True,True,False,False,"[{""field"": ""country_a_net_revenue"", ""old"": 13053.27, ""new"": 11937.27, ""kind"": ""numeric""}, {""field"": ""country_b_net_revenue"", ""old"": 15991.87, ""new"": 14605.87, ""kind"": ""numeric""}, {""field"": ""revenue_delta"", ""old"": 2938.6, ""new"": 2668.6, ""kind"": ""numeric""}]","{""year_month"": ""2011-06"", ""month_label"": ""June 2011"", ""country_a"": ""Germany"", ""country_b"": ""France"", ""country_a_net_revenue"": 13053.27, ""country_b_net_revenue"": 15991.87, ""higher_country"": ""France"", ""lower_country"": ""Germany"", ""revenue_delta"": 2938.6, ""currency"": ""GBP""}","{""year_month"": ""2011-06"", ""month_label"": ""June 2011"", ""country_a"": ""Germany"", ""country_b"": ""France"", ""country_a_net_revenue"": 11937.27, ""country_b_net_revenue"": 14605.87, ""higher_country"": ""France"", ""lower_country"": ""Germany"", ""revenue_delta"": 2668.6, ""currency"": ""GBP""}"
q_0036,train,country_comparison_month,merchandise_scope,True,True,False,False,"[{""field"": ""country_a_net_revenue"", ""old"": 15721.66, ""new"": 14415.31, ""kind"": ""numeric""}, {""field"": ""country_b_net_revenue"", ""old"": 9888.99, ""new"": 9059.99, ""kind"": ""numeric""}, {""field"": ""revenue_delta"", ""old"": 5832.67, ""new"": 5355.32, ""kind"": ""numeric""}]","{""year_month"": ""2011-07"", ""month_label"": ""July 2011"", ""country_a"": ""Germany"", ""country_b"": ""France"", ""country_a_net_revenue"": 15721.66, ""country_b_net_revenue"": 9888.99, ""higher_country"": ""Germany"", ""lower_country"": ""France"", ""revenue_delta"": 5832.67, ""currency"": ""GBP""}","{""year_month"": ""2011-07"", ""month_label"": ""July 2011"", ""country_a"": ""Germany"", ""country_b"": ""France"", ""country_a_net_revenue"": 14415.31, ""country_b_net_revenue"": 9059.99, ""higher_country"": ""Germany"", ""lower_country"": ""France"", ""revenue_delta"": 5355.32, ""currency"": ""GBP""}"
q_0037,train,country_comparison_month,merchandise_scope,True,True,False,False,"[{""field"": ""country_a_net_revenue"", ""old"": 19023.65, ""new"": 17457.65, ""kind"": ""numeric""}, {""field"": ""country_b_net_revenue"", ""old"": 13789.26, ""new"": 12609.26, ""kind"": ""numeric""}, {""field"": ""revenue_delta"", ""old"": 5234.39, ""new"": 4848.39, ""kind"": ""numeric""}]","{""year_month"": ""2011-08"", ""month_label"": ""August 2011"", ""country_a"": ""Germany"", ""country_b"": ""France"", ""country_a_net_revenue"": 19023.65, ""country_b_net_revenue"": 13789.26, ""higher_country"": ""Germany"", ""lower_country"": ""France"", ""revenue_delta"": 5234.39, ""currency"": ""GBP""}","{""year_month"": ""2011-08"", ""month_label"": ""August 2011"", ""country_a"": ""Germany"", ""country_b"": ""France"", ""country_a_net_revenue"": 17457.65, ""country_b_net_revenue"": 12609.26, ""higher_country"": ""Germany"", ""lower_country"": ""France"", ""revenue_delta"": 4848.39, ""currency"": ""GBP""}"
q_0038,dev,country_comparison_month,merchandise_scope,True,True,False,False,"[{""field"": ""country_a_net_revenue"", ""old"": 17708.56, ""new"": 16196.56, ""kind"": ""numeric""}, {""field"": ""country_b_net_revenue"", ""old"": 23198.87, ""new"": 21686.87, ""kind"": ""numeric""}]","{""year_month"": ""2011-09"", ""month_label"": ""September 2011"", ""country_a"": ""Germany"", ""country_b"": ""France"", ""country_a_net_revenue"": 17708.56, ""country_b_net_revenue"": 23198.87, ""higher_country"": ""France"", ""lower_country"": ""Germany"", ""revenue_delta"": 5490.31, ""currency"": ""GBP""}","{""year_month"": ""2011-09"", ""month_label"": ""September 2011"", ""country_a"": ""Germany"", ""country_b"": ""France"", ""country_a_net_revenue"": 16196.56, ""country_b_net_revenue"": 21686.87, ""higher_country"": ""France"", ""lower_country"": ""Germany"", ""revenue_delta"": 5490.31, ""currency"": ""GBP""}"
q_0039,test,country_comparison_month,merchandise_scope,True,True,False,False,"[{""field"": ""country_a_net_revenue"", ""old"": 30604.27, ""new"": 28006.27, ""kind"": ""numeric""}, {""field"": ""country_b_net_revenue"", ""old"": 25017.64, ""new"": 23862.64, ""kind"": ""numeric""}, {""field"": ""revenue_delta"", ""old"": 5586.63, ""new"": 4143.63, ""kind"": ""numeric""}]","{""year_month"": ""2011-10"", ""month_label"": ""October 2011"", ""country_a"": ""Germany"", ""country_b"": ""France"", ""country_a_net_revenue"": 30604.27, ""country_b_net_revenue"": 25017.64, ""higher_country"": ""Germany"", ""lower_country"": ""France"", ""revenue_delta"": 5586.63, ""currency"": ""GBP""}","{""year_month"": ""2011-10"", ""month_label"": ""October 2011"", ""country_a"": ""Germany"", ""country_b"": ""France"", ""country_a_net_revenue"": 28006.27, ""country_b_net_revenue"": 23862.64, ""higher_country"": ""Germany"", ""lower_country"": ""France"", ""revenue_delta"": 4143.63, ""currency"": ""GBP""}"
q_0040,train,country_comparison_month,merchandise_scope,True,True,False,False,"[{""field"": ""country_a_net_revenue"", ""old"": 25987.01, ""new"": 23246.55, ""kind"": ""numeric""}, {""field"": ""country_b_net_revenue"", ""old"": 30638.12, ""new"": 28240.17, ""kind"": ""numeric""}, {""field"": ""revenue_delta"", ""old"": 4651.11, ""new"": 4993.62, ""kind"": ""numeric""}]","{""year_month"": ""2011-11"", ""month_label"": ""November 2011"", ""country_a"": ""Germany"", ""country_b"": ""France"", ""country_a_net_revenue"": 25987.01, ""country_b_net_revenue"": 30638.12, ""higher_country"": ""France"", ""lower_country"": ""Germany"", ""revenue_delta"": 4651.11, ""currency"": ""GBP""}","{""year_month"": ""2011-11"", ""month_label"": ""November 2011"", ""country_a"": ""Germany"", ""country_b"": ""France"", ""country_a_net_revenue"": 23246.55, ""country_b_net_revenue"": 28240.17, ""higher_country"": ""France"", ""lower_country"": ""Germany"", ""revenue_delta"": 4993.62, ""currency"": ""GBP""}"
q_0041,train,country_comparison_month,merchandise_scope,True,True,False,False,"[{""field"": ""country_a_net_revenue"", ""old"": 26611.16, ""new"": 26596.16, ""kind"": ""numeric""}, {""field"": ""country_b_net_revenue"", ""old"": 21656.52, ""new"": 21506.52, ""kind"": ""numeric""}, {""field"": ""revenue_delta"", ""old"": 4954.64, ""new"": 5089.64, ""kind"": ""numeric""}]","{""year_month"": ""2011-01"", ""month_label"": ""January 2011"", ""country_a"": ""Netherlands"", ""country_b"": ""EIRE"", ""country_a_net_revenue"": 26611.16, ""country_b_net_revenue"": 21656.52, ""higher_country"": ""Netherlands"", ""lower_country"": ""EIRE"", ""revenue_delta"": 4954.64, ""currency"": ""GBP""}","{""year_month"": ""2011-01"", ""month_label"": ""January 2011"", ""country_a"": ""Netherlands"", ""country_b"": ""EIRE"", ""country_a_net_revenue"": 26596.16, ""country_b_net_revenue"": 21506.52, ""higher_country"": ""Netherlands"", ""lower_country"": ""EIRE"", ""revenue_delta"": 5089.64, ""currency"": ""GBP""}"
q_0042,train,country_comparison_month,merchandise_scope,True,True,False,False,"[{""field"": ""country_a_net_revenue"", ""old"": 22932.11, ""new"": 22797.11, ""kind"": ""numeric""}, {""field"": ""country_b_net_revenue"", ""old"": 9629.14, ""new"": 9464.14, ""kind"": ""numeric""}, {""field"": ""revenue_delta"", ""old"": 13302.97, ""new"": 13332.97, ""kind"": ""numeric""}]","{""year_month"": ""2011-02"", ""month_label"": ""February 2011"", ""country_a"": ""Netherlands"", ""country_b"": ""EIRE"", ""country_a_net_revenue"": 22932.11, ""country_b_net_revenue"": 9629.14, ""higher_country"": ""Netherlands"", ""lower_country"": ""EIRE"", ""revenue_delta"": 13302.97, ""currency"": ""GBP""}","{""year_month"": ""2011-02"", ""month_label"": ""February 2011"", ""country_a"": ""Netherlands"", ""country_b"": ""EIRE"", ""country_a_net_revenue"": 22797.11, ""country_b_net_revenue"": 9464.14, ""higher_country"": ""Netherlands"", ""lower_country"": ""EIRE"", ""revenue_delta"": 13332.97, ""currency"": ""GBP""}"
q_0043,dev,country_comparison_month,merchandise_scope,True,True,False,False,"[{""field"": ""country_a_net_revenue"", ""old"": 22416.49, ""new"": 22206.49, ""kind"": ""numeric""}, {""field"": ""country_b_net_revenue"", ""old"": 18783.23, ""new"": 18283.23, ""kind"": ""numeric""}, {""field"": ""revenue_delta"", ""old"": 3633.26, ""new"": 3923.26, ""kind"": ""numeric""}]","{""year_month"": ""2011-03"", ""month_label"": ""March 2011"", ""country_a"": ""Netherlands"", ""country_b"": ""EIRE"", ""country_a_net_revenue"": 22416.49, ""country_b_net_revenue"": 18783.23, ""higher_country"": ""Netherlands"", ""lower_country"": ""EIRE"", ""revenue_delta"": 3633.26, ""currency"": ""GBP""}","{""year_month"": ""2011-03"", ""month_label"": ""March 2011"", ""country_a"": ""Netherlands"", ""country_b"": ""EIRE"", ""country_a_net_revenue"": 22206.49, ""country_b_net_revenue"": 18283.23, ""higher_country"": ""Netherlands"", ""lower_country"": ""EIRE"", ""revenue_delta"": 3923.26, ""currency"": ""GBP""}"
q_0044,test,country_comparison_month,merchandise_scope,True,True,False,False,"[{""field"": ""country_a_net_revenue"", ""old"": 2976.56, ""new"": 2886.56, ""kind"": ""numeric""}, {""field"": ""country_b_net_revenue"", ""old"": 7570.5, ""new"": 7270.5, ""kind"": ""numeric""}, {""field"": ""revenue_delta"", ""old"": 4593.94, ""new"": 4383.94, ""kind"": ""numeric""}]","{""year_month"": ""2011-04"", ""month_label"": ""April 2011"", ""country_a"": ""Netherlands"", ""country_b"": ""EIRE"", ""country_a_net_revenue"": 2976.56, ""country_b_net_revenue"": 7570.5, ""higher_country"": ""EIRE"", ""lower_country"": ""Netherlands"", ""revenue_delta"": 4593.94, ""currency"": ""GBP""}","{""year_month"": ""2011-04"", ""month_label"": ""April 2011"", ""country_a"": ""Netherlands"", ""country_b"": ""EIRE"", ""country_a_net_revenue"": 2886.56, ""country_b_net_revenue"": 7270.5, ""higher_country"": ""EIRE"", ""lower_country"": ""Netherlands"", ""revenue_delta"": 4383.94, ""currency"": ""GBP""}"
q_0045,train,country_comparison_month,merchandise_scope,True,True,False,False,"[{""field"": ""country_a_net_revenue"", ""old"": 29185.88, ""new"": 28942.88, ""kind"": ""numeric""}, {""field"": ""country_b_net_revenue"", ""old"": 17916.31, ""new"": 17666.31, ""kind"": ""numeric""}, {""field"": ""revenue_delta"", ""old"": 11269.57, ""new"": 11276.57, ""kind"": ""numeric""}]","{""year_month"": ""2011-05"", ""month_label"": ""May 2011"", ""country_a"": ""Netherlands"", ""country_b"": ""EIRE"", ""country_a_net_revenue"": 29185.88, ""country_b_net_revenue"": 17916.31, ""higher_country"": ""Netherlands"", ""lower_country"": ""EIRE"", ""revenue_delta"": 11269.57, ""currency"": ""GBP""}","{""year_month"": ""2011-05"", ""month_label"": ""May 2011"", ""country_a"": ""Netherlands"", ""country_b"": ""EIRE"", ""country_a_net_revenue"": 28942.88, ""country_b_net_revenue"": 17666.31, ""higher_country"": ""Netherlands"", ""lower_country"": ""EIRE"", ""revenue_delta"": 11276.57, ""currency"": ""GBP""}"
q_0046,train,country_comparison_month,merchandise_scope,True,True,False,False,"[{""field"": ""country_a_net_revenue"", ""old"": 26843.09, ""new"": 26738.09, ""kind"": ""numeric""}, {""field"": ""country_b_net_revenue"", ""old"": 20090.25, ""new"": 19630.25, ""kind"": ""numeric""}, {""field"": ""revenue_delta"", ""old"": 6752.84, ""new"": 7107.84, ""kind"": ""numeric""}]","{""year_month"": ""2011-06"", ""month_label"": ""June 2011"", ""country_a"": ""Netherlands"", ""country_b"": ""EIRE"", ""country_a_net_revenue"": 26843.09, ""country_b_net_revenue"": 20090.25, ""higher_country"": ""Netherlands"", ""lower_country"": ""EIRE"", ""revenue_delta"": 6752.84, ""currency"": ""GBP""}","{""year_month"": ""2011-06"", ""month_label"": ""June 2011"", ""country_a"": ""Netherlands"", ""country_b"": ""EIRE"", ""country_a_net_revenue"": 26738.09, ""country_b_net_revenue"": 19630.25, ""higher_country"": ""Netherlands"", ""lower_country"": ""EIRE"", ""revenue_delta"": 7107.84, ""currency"": ""GBP""}"
q_0047,train,country_comparison_month,merchandise_scope,True,True,False,False,"[{""field"": ""country_a_net_revenue"", ""old"": 26.02, ""new"": 11.02, ""kind"": ""numeric""}, {""field"": ""country_b_net_revenue"", ""old"": 42689.65, ""new"": 42189.65, ""kind"": ""numeric""}, {""field"": ""revenue_delta"", ""old"": 42663.63, ""new"": 42178.63, ""kind"": ""numeric""}]","{""year_month"": ""2011-07"", ""month_label"": ""July 2011"", ""country_a"": ""Netherlands"", ""country_b"": ""EIRE"", ""country_a_net_revenue"": 26.02, ""country_b_net_revenue"": 42689.65, ""higher_country"": ""EIRE"", ""lower_country"": ""Netherlands"", ""revenue_delta"": 42663.63, ""currency"": ""GBP""}","{""year_month"": ""2011-07"", ""month_label"": ""July 2011"", ""country_a"": ""Netherlands"", ""country_b"": ""EIRE"", ""country_a_net_revenue"": 11.02, ""country_b_net_revenue"": 42189.65, ""higher_country"": ""EIRE"", ""lower_country"": ""Netherlands"", ""revenue_delta"": 42178.63, ""currency"": ""GBP""}"
q_0048,dev,country_comparison_month,merchandise_scope,True,True,False,False,"[{""field"": ""country_a_net_revenue"", ""old"": 39655.81, ""new"": 39967.81, ""kind"": ""numeric""}, {""field"": ""country_b_net_revenue"", ""old"": 12147.92, ""new"": 13403.61, ""kind"": ""numeric""}, {""field"": ""revenue_delta"", ""old"": 27507.89, ""new"": 26564.2, ""kind"": ""numeric""}]","{""year_month"": ""2011-08"", ""month_label"": ""August 2011"", ""country_a"": ""Netherlands"", ""country_b"": ""EIRE"", ""country_a_net_revenue"": 39655.81, ""country_b_net_revenue"": 12147.92, ""higher_country"": ""Netherlands"", ""lower_country"": ""EIRE"", ""revenue_delta"": 27507.89, ""currency"": ""GBP""}","{""year_month"": ""2011-08"", ""month_label"": ""August 2011"", ""country_a"": ""Netherlands"", ""country_b"": ""EIRE"", ""country_a_net_revenue"": 39967.81, ""country_b_net_revenue"": 13403.61, ""higher_country"": ""Netherlands"", ""lower_country"": ""EIRE"", ""revenue_delta"": 26564.2, ""currency"": ""GBP""}"
q_0049,test,country_comparison_month,merchandise_scope,True,True,False,False,"[{""field"": ""country_a_net_revenue"", ""old"": 26937.26, ""new"": 26832.26, ""kind"": ""numeric""}, {""field"": ""country_b_net_revenue"", ""old"": 42476.2, ""new"": 41882.15, ""kind"": ""numeric""}, {""field"": ""revenue_delta"", ""old"": 15538.94, ""new"": 15049.89, ""kind"": ""numeric""}]","{""year_month"": ""2011-09"", ""month_label"": ""September 2011"", ""country_a"": ""Netherlands"", ""country_b"": ""EIRE"", ""country_a_net_revenue"": 26937.26, ""country_b_net_revenue"": 42476.2, ""higher_country"": ""EIRE"", ""lower_country"": ""Netherlands"", ""revenue_delta"": 15538.94, ""currency"": ""GBP""}","{""year_month"": ""2011-09"", ""month_label"": ""September 2011"", ""country_a"": ""Netherlands"", ""country_b"": ""EIRE"", ""country_a_net_revenue"": 26832.26, ""country_b_net_revenue"": 41882.15, ""higher_country"": ""EIRE"", ""lower_country"": ""Netherlands"", ""revenue_delta"": 15049.89, ""currency"": ""GBP""}"
q_0050,train,monthly_revenue_change,merchandise_scope,True,True,False,False,"[{""field"": ""previous_net_revenue"", ""old"": 558448.56, ""new"": 578914.41, ""kind"": ""numeric""}, {""field"": ""current_net_revenue"", ""old"": 497026.41, ""new"": 499514.57, ""kind"": ""numeric""}, {""field"": ""absolute_change"", ""old"": -61422.15, ""new"": -79399.84, ""kind"": ""numeric""}, {""field"": ""percent_change"", ""old"": -11.0, ""new"": -13.72, ""kind"": ""numeric""}]","{""previous_month"": ""2011-01"", ""current_month"": ""2011-02"", ""previous_month_label"": ""January 2011"", ""current_month_label"": ""February 2011"", ""previous_net_revenue"": 558448.56, ""current_net_revenue"": 497026.41, ""absolute_change"": -61422.15, ""percent_change"": -11.0, ""direction"": ""decrease"", ""currency"": ""GBP""}","{""previous_month"": ""2011-01"", ""current_month"": ""2011-02"", ""previous_month_label"": ""January 2011"", ""current_month_label"": ""February 2011"", ""previous_net_revenue"": 578914.41, ""current_net_revenue"": 499514.57, ""absolute_change"": -79399.84, ""percent_change"": -13.72, ""direction"": ""decrease"", ""currency"": ""GBP""}"
q_0051,train,monthly_revenue_change,merchandise_scope,True,True,False,False,"[{""field"": ""previous_net_revenue"", ""old"": 497026.41, ""new"": 499514.57, ""kind"": ""numeric""}, {""field"": ""current_net_revenue"", ""old"": 682013.98, ""new"": 679212.52, ""kind"": ""numeric""}, {""field"": ""absolute_change"", ""old"": 184987.57, ""new"": 179697.95, ""kind"": ""numeric""}, {""field"": ""percent_change"", ""old"": 37.22, ""new"": 35.97, ""kind"": ""numeric""}]","{""previous_month"": ""2011-02"", ""current_month"": ""2011-03"", ""previous_month_label"": ""February 2011"", ""current_month_label"": ""March 2011"", ""previous_net_revenue"": 497026.41, ""current_net_revenue"": 682013.98, ""absolute_change"": 184987.57, ""percent_change"": 37.22, ""direction"": ""increase"", ""currency"": ""GBP""}","{""previous_month"": ""2011-02"", ""current_month"": ""2011-03"", ""previous_month_label"": ""February 2011"", ""current_month_label"": ""March 2011"", ""previous_net_revenue"": 499514.57, ""current_net_revenue"": 679212.52, ""absolute_change"": 179697.95, ""percent_change"": 35.97, ""direction"": ""increase"", ""currency"": ""GBP""}"
q_0052,train,monthly_revenue_change,merchandise_scope,True,True,False,False,"[{""field"": ""previous_net_revenue"", ""old"": 682013.98, ""new"": 679212.52, ""kind"": ""numeric""}, {""field"": ""current_net_revenue"", ""old"": 492367.84, ""new"": 482147.02, ""kind"": ""numeric""}, {""field"": ""absolute_change"", ""old"": -189646.14, ""new"": -197065.5, ""kind"": ""numeric""}, {""field"": ""percent_change"", ""old"": -27.81, ""new"": -29.01, ""kind"": ""numeric""}]","{""previous_month"": ""2011-03"", ""current_month"": ""2011-04"", ""previous_month_label"": ""March 2011"", ""current_month_label"": ""April 2011"", ""previous_net_revenue"": 682013.98, ""current_net_revenue"": 492367.84, ""absolute_change"": -189646.14, ""percent_change"": -27.81, ""direction"": ""decrease"", ""currency"": ""GBP""}","{""previous_month"": ""2011-03"", ""current_month"": ""2011-04"", ""previous_month_label"": ""March 2011"", ""current_month_label"": ""April 2011"", ""previous_net_revenue"": 679212.52, ""current_net_revenue"": 482147.02, ""absolute_change"": -197065.5, ""percent_change"": -29.01, ""direction"": ""decrease"", ""currency"": ""GBP""}"
q_0053,dev,monthly_revenue_change,merchandise_scope,True,True,False,False,"[{""field"": ""previous_net_revenue"", ""old"": 492367.84, ""new"": 482147.02, ""kind"": ""numeric""}, {""field"": ""current_net_revenue"", ""old"": 722094.1, ""new"": 731051.91, ""kind"": ""numeric""}, {""field"": ""absolute_change"", ""old"": 229726.26, ""new"": 248904.89, ""kind"": ""numeric""}, {""field"": ""percent_change"", ""old"": 46.66, ""new"": 51.62, ""kind"": ""numeric""}]","{""previous_month"": ""2011-04"", ""current_month"": ""2011-05"", ""previous_month_label"": ""April 2011"", ""current_month_label"": ""May 2011"", ""previous_net_revenue"": 492367.84, ""current_net_revenue"": 722094.1, ""absolute_change"": 229726.26, ""percent_change"": 46.66, ""direction"": ""increase"", ""currency"": ""GBP""}","{""previous_month"": ""2011-04"", ""current_month"": ""2011-05"", ""previous_month_label"": ""April 2011"", ""current_month_label"": ""May 2011"", ""previous_net_revenue"": 482147.02, ""current_net_revenue"": 731051.91, ""absolute_change"": 248904.89, ""percent_change"": 51.62, ""direction"": ""increase"", ""currency"": ""GBP""}"
q_0054,test,monthly_revenue_change,merchandise_scope,True,True,False,False,"[{""field"": ""previous_net_revenue"", ""old"": 722094.1, ""new"": 731051.91, ""kind"": ""numeric""}, {""field"": ""current_net_revenue"", ""old"": 689977.23, ""new"": 723970.15, ""kind"": ""numeric""}, {""field"": ""absolute_change"", ""old"": -32116.87, ""new"": -7081.76, ""kind"": ""numeric""}, {""field"": ""percent_change"", ""old"": -4.45, ""new"": -0.97, ""kind"": ""numeric""}]","{""previous_month"": ""2011-05"", ""current_month"": ""2011-06"", ""previous_month_label"": ""May 2011"", ""current_month_label"": ""June 2011"", ""previous_net_revenue"": 722094.1, ""current_net_revenue"": 689977.23, ""absolute_change"": -32116.87, ""percent_change"": -4.45, ""direction"": ""decrease"", ""currency"": ""GBP""}","{""previous_month"": ""2011-05"", ""current_month"": ""2011-06"", ""previous_month_label"": ""May 2011"", ""current_month_label"": ""June 2011"", ""previous_net_revenue"": 731051.91, ""current_net_revenue"": 723970.15, ""absolute_change"": -7081.76, ""percent_change"": -0.97, ""direction"": ""decrease"", ""currency"": ""GBP""}"
q_0055,train,monthly_revenue_change,merchandise_scope,True,True,False,False,"[{""field"": ""previous_net_revenue"", ""old"": 689977.23, ""new"": 723970.15, ""kind"": ""numeric""}, {""field"": ""current_net_revenue"", ""old"": 680156.99, ""new"": 676770.86, ""kind"": ""numeric""}, {""field"": ""absolute_change"", ""old"": -9820.24, ""new"": -47199.29, ""kind"": ""numeric""}, {""field"": ""percent_change"", ""old"": -1.42, ""new"": -6.52, ""kind"": ""numeric""}]","{""previous_month"": ""2011-06"", ""current_month"": ""2011-07"", ""previous_month_label"": ""June 2011"", ""current_month_label"": ""July 2011"", ""previous_net_revenue"": 689977.23, ""current_net_revenue"": 680156.99, ""absolute_change"": -9820.24, ""percent_change"": -1.42, ""direction"": ""decrease"", ""currency"": ""GBP""}","{""previous_month"": ""2011-06"", ""current_month"": ""2011-07"", ""previous_month_label"": ""June 2011"", ""current_month_label"": ""July 2011"", ""previous_net_revenue"": 723970.15, ""current_net_revenue"": 676770.86, ""absolute_change"": -47199.29, ""percent_change"": -6.52, ""direction"": ""decrease"", ""currency"": ""GBP""}"
q_0056,train,monthly_revenue_change,merchandise_scope,True,True,False,False,"[{""field"": ""previous_net_revenue"", ""old"": 680156.99, ""new"": 676770.86, ""kind"": ""numeric""}, {""field"": ""current_net_revenue"", ""old"": 703510.58, ""new"": 701361.85, ""kind"": ""numeric""}, {""field"": ""absolute_change"", ""old"": 23353.59, ""new"": 24590.99, ""kind"": ""numeric""}, {""field"": ""percent_change"", ""old"": 3.43, ""new"": 3.63, ""kind"": ""numeric""}]","{""previous_month"": ""2011-07"", ""current_month"": ""2011-08"", ""previous_month_label"": ""July 2011"", ""current_month_label"": ""August 2011"", ""previous_net_revenue"": 680156.99, ""current_net_revenue"": 703510.58, ""absolute_change"": 23353.59, ""percent_change"": 3.43, ""direction"": ""increase"", ""currency"": ""GBP""}","{""previous_month"": ""2011-07"", ""current_month"": ""2011-08"", ""previous_month_label"": ""July 2011"", ""current_month_label"": ""August 2011"", ""previous_net_revenue"": 676770.86, ""current_net_revenue"": 701361.85, ""absolute_change"": 24590.99, ""percent_change"": 3.63, ""direction"": ""increase"", ""currency"": ""GBP""}"
q_0057,train,monthly_revenue_change,merchandise_scope,True,True,False,False,"[{""field"": ""previous_net_revenue"", ""old"": 703510.58, ""new"": 701361.85, ""kind"": ""numeric""}, {""field"": ""current_net_revenue"", ""old"": 1017596.68, ""new"": 1011358.16, ""kind"": ""numeric""}, {""field"": ""absolute_change"", ""old"": 314086.1, ""new"": 309996.31, ""kind"": ""numeric""}, {""field"": ""percent_change"", ""old"": 44.65, ""new"": 44.2, ""kind"": ""numeric""}]","{""previous_month"": ""2011-08"", ""current_month"": ""2011-09"", ""previous_month_label"": ""August 2011"", ""current_month_label"": ""September 2011"", ""previous_net_revenue"": 703510.58, ""current_net_revenue"": 1017596.68, ""absolute_change"": 314086.1, ""percent_change"": 44.65, ""direction"": ""increase"", ""currency"": ""GBP""}","{""previous_month"": ""2011-08"", ""current_month"": ""2011-09"", ""previous_month_label"": ""August 2011"", ""current_month_label"": ""September 2011"", ""previous_net_revenue"": 701361.85, ""current_net_revenue"": 1011358.16, ""absolute_change"": 309996.31, ""percent_change"": 44.2, ""direction"": ""increase"", ""currency"": ""GBP""}"
q_0058,dev,monthly_revenue_change,merchandise_scope,True,True,False,False,"[{""field"": ""previous_net_revenue"", ""old"": 1017596.68, ""new"": 1011358.16, ""kind"": ""numeric""}, {""field"": ""current_net_revenue"", ""old"": 1069368.23, ""new"": 1061714.6, ""kind"": ""numeric""}, {""field"": ""absolute_change"", ""old"": 51771.55, ""new"": 50356.44, ""kind"": ""numeric""}, {""field"": ""percent_change"", ""old"": 5.09, ""new"": 4.98, ""kind"": ""numeric""}]","{""previous_month"": ""2011-09"", ""current_month"": ""2011-10"", ""previous_month_label"": ""September 2011"", ""current_month_label"": ""October 2011"", ""previous_net_revenue"": 1017596.68, ""current_net_revenue"": 1069368.23, ""absolute_change"": 51771.55, ""percent_change"": 5.09, ""direction"": ""increase"", ""currency"": ""GBP""}","{""previous_month"": ""2011-09"", ""current_month"": ""2011-10"", ""previous_month_label"": ""September 2011"", ""current_month_label"": ""October 2011"", ""previous_net_revenue"": 1011358.16, ""current_net_revenue"": 1061714.6, ""absolute_change"": 50356.44, ""percent_change"": 4.98, ""direction"": ""increase"", ""currency"": ""GBP""}"
q_0059,test,monthly_revenue_change,merchandise_scope,True,True,False,False,"[{""field"": ""previous_net_revenue"", ""old"": 1069368.23, ""new"": 1061714.6, ""kind"": ""numeric""}, {""field"": ""current_net_revenue"", ""old"": 1456145.8, ""new"": 1427121.25, ""kind"": ""numeric""}, {""field"": ""absolute_change"", ""old"": 386777.57, ""new"": 365406.65, ""kind"": ""numeric""}, {""field"": ""percent_change"", ""old"": 36.17, ""new"": 34.42, ""kind"": ""numeric""}]","{""previous_month"": ""2011-10"", ""current_month"": ""2011-11"", ""previous_month_label"": ""October 2011"", ""current_month_label"": ""November 2011"", ""previous_net_revenue"": 1069368.23, ""current_net_revenue"": 1456145.8, ""absolute_change"": 386777.57, ""percent_change"": 36.17, ""direction"": ""increase"", ""currency"": ""GBP""}","{""previous_month"": ""2011-10"", ""current_month"": ""2011-11"", ""previous_month_label"": ""October 2011"", ""current_month_label"": ""November 2011"", ""previous_net_revenue"": 1061714.6, ""current_net_revenue"": 1427121.25, ""absolute_change"": 365406.65, ""percent_change"": 34.42, ""direction"": ""increase"", ""currency"": ""GBP""}"
q_0060,train,top3_products_month,merchandise_scope,False,False,False,False,[],"{""year_month"": ""2010-12"", ""month_label"": ""December 2010"", ""top_products"": [{""rank"": 1, ""stock_code"": ""22423"", ""description"": ""REGENCY CAKESTAND 3 TIER"", ""merchandise_net_revenue"": 26722.16}, {""rank"": 2, ""stock_code"": ""84029E"", ""description"": ""RED WOOLLY HOTTIE WHITE HEART."", ""merchandise_net_revenue"": 9291.73}, {""rank"": 3, ""stock_code"": ""22086"", ""description"": ""PAPER CHAIN KIT 50'S CHRISTMAS"", ""merchandise_net_revenue"": 9187.45}], ""currency"": ""GBP""}","{""year_month"": ""2010-12"", ""month_label"": ""December 2010"", ""top_products"": [{""rank"": 1, ""stock_code"": ""22423"", ""description"": ""REGENCY CAKESTAND 3 TIER"", ""merchandise_net_revenue"": 26722.16}, {""rank"": 2, ""stock_code"": ""84029E"", ""description"": ""RED WOOLLY HOTTIE WHITE HEART."", ""merchandise_net_revenue"": 9291.73}, {""rank"": 3, ""stock_code"": ""22086"", ""description"": ""PAPER CHAIN KIT 50'S CHRISTMAS"", ""merchandise_net_revenue"": 9187.45}], ""currency"": ""GBP""}"
q_0061,train,top3_products_month,merchandise_scope,False,False,False,False,[],"{""year_month"": ""2011-01"", ""month_label"": ""January 2011"", ""top_products"": [{""rank"": 1, ""stock_code"": ""85123A"", ""description"": ""WHITE HANGING HEART T-LIGHT HOLDER"", ""merchandise_net_revenue"": 15174.26}, {""rank"": 2, ""stock_code"": ""22423"", ""description"": ""REGENCY CAKESTAND 3 TIER"", ""merchandise_net_revenue"": 11742.5}, {""rank"": 3, ""stock_code"": ""21108"", ""description"": ""FAIRY CAKE FLANNEL ASSORTED COLOUR"", ""merchandise_net_revenue"": 6870.41}], ""currency"": ""GBP""}","{""year_month"": ""2011-01"", ""month_label"": ""January 2011"", ""top_products"": [{""rank"": 1, ""stock_code"": ""85123A"", ""description"": ""WHITE HANGING HEART T-LIGHT HOLDER"", ""merchandise_net_revenue"": 15174.26}, {""rank"": 2, ""stock_code"": ""22423"", ""description"": ""REGENCY CAKESTAND 3 TIER"", ""merchandise_net_revenue"": 11742.5}, {""rank"": 3, ""stock_code"": ""21108"", ""description"": ""FAIRY CAKE FLANNEL ASSORTED COLOUR"", ""merchandise_net_revenue"": 6870.41}], ""currency"": ""GBP""}"
q_0062,train,top3_products_month,merchandise_scope,False,False,False,False,[],"{""year_month"": ""2011-02"", ""month_label"": ""February 2011"", ""top_products"": [{""rank"": 1, ""stock_code"": ""22423"", ""description"": ""REGENCY CAKESTAND 3 TIER"", ""merchandise_net_revenue"": 10491.54}, {""rank"": 2, ""stock_code"": ""21623"", ""description"": ""VINTAGE UNION JACK MEMOBOARD"", ""merchandise_net_revenue"": 6810.39}, {""rank"": 3, ""stock_code"": ""85099B"", ""description"": ""JUMBO BAG RED RETROSPOT"", ""merchandise_net_revenue"": 5613.64}], ""currency"": ""GBP""}","{""year_month"": ""2011-02"", ""month_label"": ""February 2011"", ""top_products"": [{""rank"": 1, ""stock_code"": ""22423"", ""description"": ""REGENCY CAKESTAND 3 TIER"", ""merchandise_net_revenue"": 10491.54}, {""rank"": 2, ""stock_code"": ""21623"", ""description"": ""VINTAGE UNION JACK MEMOBOARD"", ""merchandise_net_revenue"": 6810.39}, {""rank"": 3, ""stock_code"": ""85099B"", ""description"": ""JUMBO BAG RED RETROSPOT"", ""merchandise_net_revenue"": 5613.64}], ""currency"": ""GBP""}"
q_0063,dev,top3_products_month,merchandise_scope,False,False,False,False,[],"{""year_month"": ""2011-03"", ""month_label"": ""March 2011"", ""top_products"": [{""rank"": 1, ""stock_code"": ""22423"", ""description"": ""REGENCY CAKESTAND 3 TIER"", ""merchandise_net_revenue"": 16817.85}, {""rank"": 2, ""stock_code"": ""85099B"", ""description"": ""JUMBO BAG RED RETROSPOT"", ""merchandise_net_revenue"": 10116.43}, {""rank"": 3, ""stock_code"": ""47566"", ""description"": ""PARTY BUNTING"", ""merchandise_net_revenue"": 9098.27}], ""currency"": ""GBP""}","{""year_month"": ""2011-03"", ""month_label"": ""March 2011"", ""top_products"": [{""rank"": 1, ""stock_code"": ""22423"", ""description"": ""REGENCY CAKESTAND 3 TIER"", ""merchandise_net_revenue"": 16817.85}, {""rank"": 2, ""stock_code"": ""85099B"", ""description"": ""JUMBO BAG RED RETROSPOT"", ""merchandise_net_revenue"": 10116.43}, {""rank"": 3, ""stock_code"": ""47566"", ""description"": ""PARTY BUNTING"", ""merchandise_net_revenue"": 9098.27}], ""currency"": ""GBP""}"
q_0064,test,top3_products_month,merchandise_scope,False,False,False,False,[],"{""year_month"": ""2011-04"", ""month_label"": ""April 2011"", ""top_products"": [{""rank"": 1, ""stock_code"": ""22423"", ""description"": ""REGENCY CAKESTAND 3 TIER"", ""merchandise_net_revenue"": 14280.9}, {""rank"": 2, ""stock_code"": ""47566"", ""description"": ""PARTY BUNTING"", ""merchandise_net_revenue"": 10323.87}, {""rank"": 3, ""stock_code"": ""22084"", ""description"": ""PAPER CHAIN KIT EMPIRE"", ""merchandise_net_revenue"": 6619.51}], ""currency"": ""GBP""}","{""year_month"": ""2011-04"", ""month_label"": ""April 2011"", ""top_products"": [{""rank"": 1, ""stock_code"": ""22423"", ""description"": ""REGENCY CAKESTAND 3 TIER"", ""merchandise_net_revenue"": 14280.9}, {""rank"": 2, ""stock_code"": ""47566"", ""description"": ""PARTY BUNTING"", ""merchandise_net_revenue"": 10323.87}, {""rank"": 3, ""stock_code"": ""22084"", ""description"": ""PAPER CHAIN KIT EMPIRE"", ""merchandise_net_revenue"": 6619.51}], ""currency"": ""GBP""}"
q_0065,train,top3_products_month,merchandise_scope,False,False,False,False,[],"{""year_month"": ""2011-05"", ""month_label"": ""May 2011"", ""top_products"": [{""rank"": 1, ""stock_code"": ""47566"", ""description"": ""PARTY BUNTING"", ""merchandise_net_revenue"": 19093.3}, {""rank"": 2, ""stock_code"": ""22423"", ""description"": ""REGENCY CAKESTAND 3 TIER"", ""merchandise_net_revenue"": 12217.27}, {""rank"": 3, ""stock_code"": ""85123A"", ""description"": ""WHITE HANGING HEART T-LIGHT HOLDER"", ""merchandise_net_revenue"": 11172.17}], ""currency"": ""GBP""}","{""year_month"": ""2011-05"", ""month_label"": ""May 2011"", ""top_products"": [{""rank"": 1, ""stock_code"": ""47566"", ""description"": ""PARTY BUNTING"", ""merchandise_net_revenue"": 19093.3}, {""rank"": 2, ""stock_code"": ""22423"", ""description"": ""REGENCY CAKESTAND 3 TIER"", ""merchandise_net_revenue"": 12217.27}, {""rank"": 3, ""stock_code"": ""85123A"", ""description"": ""WHITE HANGING HEART T-LIGHT HOLDER"", ""merchandise_net_revenue"": 11172.17}], ""currency"": ""GBP""}"
q_0066,train,top3_products_month,merchandise_scope,False,False,False,False,[],"{""year_month"": ""2011-06"", ""month_label"": ""June 2011"", ""top_products"": [{""rank"": 1, ""stock_code"": ""22502"", ""description"": ""PICNIC BASKET WICKER 60 PIECES"", ""merchandise_net_revenue"": 39619.5}, {""rank"": 2, ""stock_code"": ""47566"", ""description"": ""PARTY BUNTING"", ""merchandise_net_revenue"": 12452.17}, {""rank"": 3, ""stock_code"": ""22423"", ""description"": ""REGENCY CAKESTAND 3 TIER"", ""merchandise_net_revenue"": 9453.64}], ""currency"": ""GBP""}","{""year_month"": ""2011-06"", ""month_label"": ""June 2011"", ""top_products"": [{""rank"": 1, ""stock_code"": ""22502"", ""description"": ""PICNIC BASKET WICKER 60 PIECES"", ""merchandise_net_revenue"": 39619.5}, {""rank"": 2, ""stock_code"": ""47566"", ""description"": ""PARTY BUNTING"", ""merchandise_net_revenue"": 12452.17}, {""rank"": 3, ""stock_code"": ""22423"", ""description"": ""REGENCY CAKESTAND 3 TIER"", ""merchandise_net_revenue"": 9453.64}], ""currency"": ""GBP""}"
q_0067,train,top3_products_month,merchandise_scope,False,False,False,False,[],"{""year_month"": ""2011-07"", ""month_label"": ""July 2011"", ""top_products"": [{""rank"": 1, ""stock_code"": ""47566"", ""description"": ""PARTY BUNTING"", ""merchandise_net_revenue"": 14576.5}, {""rank"": 2, ""stock_code"": ""22423"", ""description"": ""REGENCY CAKESTAND 3 TIER"", ""merchandise_net_revenue"": 13726.56}, {""rank"": 3, ""stock_code"": ""85123A"", ""description"": ""WHITE HANGING HEART T-LIGHT HOLDER"", ""merchandise_net_revenue"": 8474.61}], ""currency"": ""GBP""}","{""year_month"": ""2011-07"", ""month_label"": ""July 2011"", ""top_products"": [{""rank"": 1, ""stock_code"": ""47566"", ""description"": ""PARTY BUNTING"", ""merchandise_net_revenue"": 14576.5}, {""rank"": 2, ""stock_code"": ""22423"", ""description"": ""REGENCY CAKESTAND 3 TIER"", ""merchandise_net_revenue"": 13726.56}, {""rank"": 3, ""stock_code"": ""85123A"", ""description"": ""WHITE HANGING HEART T-LIGHT HOLDER"", ""merchandise_net_revenue"": 8474.61}], ""currency"": ""GBP""}"
q_0068,dev,top3_products_month,merchandise_scope,False,False,False,False,[],"{""year_month"": ""2011-08"", ""month_label"": ""August 2011"", ""top_products"": [{""rank"": 1, ""stock_code"": ""85099B"", ""description"": ""JUMBO BAG RED RETROSPOT"", ""merchandise_net_revenue"": 10441.77}, {""rank"": 2, ""stock_code"": ""84879"", ""description"": ""ASSORTED COLOUR BIRD ORNAMENT"", ""merchandise_net_revenue"": 9867.04}, {""rank"": 3, ""stock_code"": ""47566"", ""description"": ""PARTY BUNTING"", ""merchandise_net_revenue"": 9655.25}], ""currency"": ""GBP""}","{""year_month"": ""2011-08"", ""month_label"": ""August 2011"", ""top_products"": [{""rank"": 1, ""stock_code"": ""85099B"", ""description"": ""JUMBO BAG RED RETROSPOT"", ""merchandise_net_revenue"": 10441.77}, {""rank"": 2, ""stock_code"": ""84879"", ""description"": ""ASSORTED COLOUR BIRD ORNAMENT"", ""merchandise_net_revenue"": 9867.04}, {""rank"": 3, ""stock_code"": ""47566"", ""description"": ""PARTY BUNTING"", ""merchandise_net_revenue"": 9655.25}], ""currency"": ""GBP""}"
q_0069,test,top3_products_month,merchandise_scope,False,False,False,False,[],"{""year_month"": ""2011-09"", ""month_label"": ""September 2011"", ""top_products"": [{""rank"": 1, ""stock_code"": ""23243"", ""description"": ""SET OF TEA COFFEE SUGAR TINS PANTRY"", ""merchandise_net_revenue"": 9971.51}, {""rank"": 2, ""stock_code"": ""22423"", ""description"": ""REGENCY CAKESTAND 3 TIER"", ""merchandise_net_revenue"": 9315.03}, {""rank"": 3, ""stock_code"": ""85099B"", ""description"": ""JUMBO BAG RED RETROSPOT"", ""merchandise_net_revenue"": 8630.45}], ""currency"": ""GBP""}","{""year_month"": ""2011-09"", ""month_label"": ""September 2011"", ""top_products"": [{""rank"": 1, ""stock_code"": ""23243"", ""description"": ""SET OF TEA COFFEE SUGAR TINS PANTRY"", ""merchandise_net_revenue"": 9971.51}, {""rank"": 2, ""stock_code"": ""22423"", ""description"": ""REGENCY CAKESTAND 3 TIER"", ""merchandise_net_revenue"": 9315.03}, {""rank"": 3, ""stock_code"": ""85099B"", ""description"": ""JUMBO BAG RED RETROSPOT"", ""merchandise_net_revenue"": 8630.45}], ""currency"": ""GBP""}"
q_0070,train,top3_products_month,merchandise_scope,False,False,False,False,[],"{""year_month"": ""2011-10"", ""month_label"": ""October 2011"", ""top_products"": [{""rank"": 1, ""stock_code"": ""22423"", ""description"": ""REGENCY CAKESTAND 3 TIER"", ""merchandise_net_revenue"": 12635.34}, {""rank"": 2, ""stock_code"": ""23084"", ""description"": ""RABBIT NIGHT LIGHT"", ""merchandise_net_revenue"": 12249.71}, {""rank"": 3, ""stock_code"": ""23284"", ""description"": ""DOORMAT KEEP CALM AND COME IN"", ""merchandise_net_revenue"": 10103.7}], ""currency"": ""GBP""}","{""year_month"": ""2011-10"", ""month_label"": ""October 2011"", ""top_products"": [{""rank"": 1, ""stock_code"": ""22423"", ""description"": ""REGENCY CAKESTAND 3 TIER"", ""merchandise_net_revenue"": 12635.34}, {""rank"": 2, ""stock_code"": ""23084"", ""description"": ""RABBIT NIGHT LIGHT"", ""merchandise_net_revenue"": 12249.71}, {""rank"": 3, ""stock_code"": ""23284"", ""description"": ""DOORMAT KEEP CALM AND COME IN"", ""merchandise_net_revenue"": 10103.7}], ""currency"": ""GBP""}"
q_0071,train,top3_products_month,merchandise_scope,False,False,False,False,[],"{""year_month"": ""2011-11"", ""month_label"": ""November 2011"", ""top_products"": [{""rank"": 1, ""stock_code"": ""23084"", ""description"": ""RABBIT NIGHT LIGHT"", ""merchandise_net_revenue"": 34343.77}, {""rank"": 2, ""stock_code"": ""22086"", ""description"": ""PAPER CHAIN KIT 50'S CHRISTMAS"", ""merchandise_net_revenue"": 28853.54}, {""rank"": 3, ""stock_code"": ""85123A"", ""description"": ""WHITE HANGING HEART T-LIGHT HOLDER"", ""merchandise_net_revenue"": 14113.9}], ""currency"": ""GBP""}","{""year_month"": ""2011-11"", ""month_label"": ""November 2011"", ""top_products"": [{""rank"": 1, ""stock_code"": ""23084"", ""description"": ""RABBIT NIGHT LIGHT"", ""merchandise_net_revenue"": 34343.77}, {""rank"": 2, ""stock_code"": ""22086"", ""description"": ""PAPER CHAIN KIT 50'S CHRISTMAS"", ""merchandise_net_revenue"": 28853.54}, {""rank"": 3, ""stock_code"": ""85123A"", ""description"": ""WHITE HANGING HEART T-LIGHT HOLDER"", ""merchandise_net_revenue"": 14113.9}], ""currency"": ""GBP""}"
q_0072,train,top3_products_month,merchandise_scope,False,False,False,False,[],"{""year_month"": ""2011-12"", ""month_label"": ""December 2011"", ""top_products"": [{""rank"": 1, ""stock_code"": ""23084"", ""description"": ""RABBIT NIGHT LIGHT"", ""merchandise_net_revenue"": 9603.45}, {""rank"": 2, ""stock_code"": ""22086"", ""description"": ""PAPER CHAIN KIT 50'S CHRISTMAS"", ""merchandise_net_revenue"": 6867.76}, {""rank"": 3, ""stock_code"": ""22423"", ""description"": ""REGENCY CAKESTAND 3 TIER"", ""merchandise_net_revenue"": 5890.17}], ""currency"": ""GBP""}","{""year_month"": ""2011-12"", ""month_label"": ""December 2011"", ""top_products"": [{""rank"": 1, ""stock_code"": ""23084"", ""description"": ""RABBIT NIGHT LIGHT"", ""merchandise_net_revenue"": 9603.45}, {""rank"": 2, ""stock_code"": ""22086"", ""description"": ""PAPER CHAIN KIT 50'S CHRISTMAS"", ""merchandise_net_revenue"": 6867.76}, {""rank"": 3, ""stock_code"": ""22423"", ""description"": ""REGENCY CAKESTAND 3 TIER"", ""merchandise_net_revenue"": 5890.17}], ""currency"": ""GBP""}"
q_0073,train,product_revenue_share_month,merchandise_scope,False,False,False,False,[],"{""year_month"": ""2011-01"", ""month_label"": ""January 2011"", ""top_n"": 1, ""top_products"": [{""rank"": 1, ""stock_code"": ""85123A"", ""description"": ""WHITE HANGING HEART T-LIGHT HOLDER"", ""merchandise_net_revenue"": 15174.26}], ""numerator_merchandise_net_revenue"": 15174.26, ""total_merchandise_net_revenue"": 578914.41, ""share_percent"": 2.62, ""currency"": ""GBP""}","{""year_month"": ""2011-01"", ""month_label"": ""January 2011"", ""top_n"": 1, ""top_products"": [{""rank"": 1, ""stock_code"": ""85123A"", ""description"": ""WHITE HANGING HEART T-LIGHT HOLDER"", ""merchandise_net_revenue"": 15174.26}], ""numerator_merchandise_net_revenue"": 15174.26, ""total_merchandise_net_revenue"": 578914.41, ""share_percent"": 2.62, ""currency"": ""GBP""}"
q_0074,train,product_revenue_share_month,merchandise_scope,False,False,False,False,[],"{""year_month"": ""2011-02"", ""month_label"": ""February 2011"", ""top_n"": 1, ""top_products"": [{""rank"": 1, ""stock_code"": ""22423"", ""description"": ""REGENCY CAKESTAND 3 TIER"", ""merchandise_net_revenue"": 10491.54}], ""numerator_merchandise_net_revenue"": 10491.54, ""total_merchandise_net_revenue"": 499514.57, ""share_percent"": 2.1, ""currency"": ""GBP""}","{""year_month"": ""2011-02"", ""month_label"": ""February 2011"", ""top_n"": 1, ""top_products"": [{""rank"": 1, ""stock_code"": ""22423"", ""description"": ""REGENCY CAKESTAND 3 TIER"", ""merchandise_net_revenue"": 10491.54}], ""numerator_merchandise_net_revenue"": 10491.54, ""total_merchandise_net_revenue"": 499514.57, ""share_percent"": 2.1, ""currency"": ""GBP""}"
q_0075,train,product_revenue_share_month,merchandise_scope,False,False,False,False,[],"{""year_month"": ""2011-03"", ""month_label"": ""March 2011"", ""top_n"": 1, ""top_products"": [{""rank"": 1, ""stock_code"": ""22423"", ""description"": ""REGENCY CAKESTAND 3 TIER"", ""merchandise_net_revenue"": 16817.85}], ""numerator_merchandise_net_revenue"": 16817.85, ""total_merchandise_net_revenue"": 679212.52, ""share_percent"": 2.48, ""currency"": ""GBP""}","{""year_month"": ""2011-03"", ""month_label"": ""March 2011"", ""top_n"": 1, ""top_products"": [{""rank"": 1, ""stock_code"": ""22423"", ""description"": ""REGENCY CAKESTAND 3 TIER"", ""merchandise_net_revenue"": 16817.85}], ""numerator_merchandise_net_revenue"": 16817.85, ""total_merchandise_net_revenue"": 679212.52, ""share_percent"": 2.48, ""currency"": ""GBP""}"
q_0076,dev,product_revenue_share_month,merchandise_scope,False,False,False,False,[],"{""year_month"": ""2011-04"", ""month_label"": ""April 2011"", ""top_n"": 1, ""top_products"": [{""rank"": 1, ""stock_code"": ""22423"", ""description"": ""REGENCY CAKESTAND 3 TIER"", ""merchandise_net_revenue"": 14280.9}], ""numerator_merchandise_net_revenue"": 14280.9, ""total_merchandise_net_revenue"": 482147.02, ""share_percent"": 2.96, ""currency"": ""GBP""}","{""year_month"": ""2011-04"", ""month_label"": ""April 2011"", ""top_n"": 1, ""top_products"": [{""rank"": 1, ""stock_code"": ""22423"", ""description"": ""REGENCY CAKESTAND 3 TIER"", ""merchandise_net_revenue"": 14280.9}], ""numerator_merchandise_net_revenue"": 14280.9, ""total_merchandise_net_revenue"": 482147.02, ""share_percent"": 2.96, ""currency"": ""GBP""}"
q_0077,test,product_revenue_share_month,merchandise_scope,False,False,False,False,[],"{""year_month"": ""2011-05"", ""month_label"": ""May 2011"", ""top_n"": 1, ""top_products"": [{""rank"": 1, ""stock_code"": ""47566"", ""description"": ""PARTY BUNTING"", ""merchandise_net_revenue"": 19093.3}], ""numerator_merchandise_net_revenue"": 19093.3, ""total_merchandise_net_revenue"": 731051.91, ""share_percent"": 2.61, ""currency"": ""GBP""}","{""year_month"": ""2011-05"", ""month_label"": ""May 2011"", ""top_n"": 1, ""top_products"": [{""rank"": 1, ""stock_code"": ""47566"", ""description"": ""PARTY BUNTING"", ""merchandise_net_revenue"": 19093.3}], ""numerator_merchandise_net_revenue"": 19093.3, ""total_merchandise_net_revenue"": 731051.91, ""share_percent"": 2.61, ""currency"": ""GBP""}"
q_0078,train,product_revenue_share_month,merchandise_scope,False,False,False,False,[],"{""year_month"": ""2011-06"", ""month_label"": ""June 2011"", ""top_n"": 1, ""top_products"": [{""rank"": 1, ""stock_code"": ""22502"", ""description"": ""PICNIC BASKET WICKER 60 PIECES"", ""merchandise_net_revenue"": 39619.5}], ""numerator_merchandise_net_revenue"": 39619.5, ""total_merchandise_net_revenue"": 723970.15, ""share_percent"": 5.47, ""currency"": ""GBP""}","{""year_month"": ""2011-06"", ""month_label"": ""June 2011"", ""top_n"": 1, ""top_products"": [{""rank"": 1, ""stock_code"": ""22502"", ""description"": ""PICNIC BASKET WICKER 60 PIECES"", ""merchandise_net_revenue"": 39619.5}], ""numerator_merchandise_net_revenue"": 39619.5, ""total_merchandise_net_revenue"": 723970.15, ""share_percent"": 5.47, ""currency"": ""GBP""}"
q_0079,train,product_revenue_share_month,merchandise_scope,False,False,False,False,[],"{""year_month"": ""2011-07"", ""month_label"": ""July 2011"", ""top_n"": 1, ""top_products"": [{""rank"": 1, ""stock_code"": ""47566"", ""description"": ""PARTY BUNTING"", ""merchandise_net_revenue"": 14576.5}], ""numerator_merchandise_net_revenue"": 14576.5, ""total_merchandise_net_revenue"": 676770.86, ""share_percent"": 2.15, ""currency"": ""GBP""}","{""year_month"": ""2011-07"", ""month_label"": ""July 2011"", ""top_n"": 1, ""top_products"": [{""rank"": 1, ""stock_code"": ""47566"", ""description"": ""PARTY BUNTING"", ""merchandise_net_revenue"": 14576.5}], ""numerator_merchandise_net_revenue"": 14576.5, ""total_merchandise_net_revenue"": 676770.86, ""share_percent"": 2.15, ""currency"": ""GBP""}"
q_0080,train,product_revenue_share_month,merchandise_scope,False,False,False,False,[],"{""year_month"": ""2011-08"", ""month_label"": ""August 2011"", ""top_n"": 1, ""top_products"": [{""rank"": 1, ""stock_code"": ""85099B"", ""description"": ""JUMBO BAG RED RETROSPOT"", ""merchandise_net_revenue"": 10441.77}], ""numerator_merchandise_net_revenue"": 10441.77, ""total_merchandise_net_revenue"": 701361.85, ""share_percent"": 1.49, ""currency"": ""GBP""}","{""year_month"": ""2011-08"", ""month_label"": ""August 2011"", ""top_n"": 1, ""top_products"": [{""rank"": 1, ""stock_code"": ""85099B"", ""description"": ""JUMBO BAG RED RETROSPOT"", ""merchandise_net_revenue"": 10441.77}], ""numerator_merchandise_net_revenue"": 10441.77, ""total_merchandise_net_revenue"": 701361.85, ""share_percent"": 1.49, ""currency"": ""GBP""}"
q_0081,dev,product_revenue_share_month,merchandise_scope,False,False,False,False,[],"{""year_month"": ""2011-09"", ""month_label"": ""September 2011"", ""top_n"": 1, ""top_products"": [{""rank"": 1, ""stock_code"": ""23243"", ""description"": ""SET OF TEA COFFEE SUGAR TINS PANTRY"", ""merchandise_net_revenue"": 9971.51}], ""numerator_merchandise_net_revenue"": 9971.51, ""total_merchandise_net_revenue"": 1011358.16, ""share_percent"": 0.99, ""currency"": ""GBP""}","{""year_month"": ""2011-09"", ""month_label"": ""September 2011"", ""top_n"": 1, ""top_products"": [{""rank"": 1, ""stock_code"": ""23243"", ""description"": ""SET OF TEA COFFEE SUGAR TINS PANTRY"", ""merchandise_net_revenue"": 9971.51}], ""numerator_merchandise_net_revenue"": 9971.51, ""total_merchandise_net_revenue"": 1011358.16, ""share_percent"": 0.99, ""currency"": ""GBP""}"
q_0082,test,product_revenue_share_month,merchandise_scope,False,False,False,False,[],"{""year_month"": ""2011-10"", ""month_label"": ""October 2011"", ""top_n"": 1, ""top_products"": [{""rank"": 1, ""stock_code"": ""22423"", ""description"": ""REGENCY CAKESTAND 3 TIER"", ""merchandise_net_revenue"": 12635.34}], ""numerator_merchandise_net_revenue"": 12635.34, ""total_merchandise_net_revenue"": 1061714.6, ""share_percent"": 1.19, ""currency"": ""GBP""}","{""year_month"": ""2011-10"", ""month_label"": ""October 2011"", ""top_n"": 1, ""top_products"": [{""rank"": 1, ""stock_code"": ""22423"", ""description"": ""REGENCY CAKESTAND 3 TIER"", ""merchandise_net_revenue"": 12635.34}], ""numerator_merchandise_net_revenue"": 12635.34, ""total_merchandise_net_revenue"": 1061714.6, ""share_percent"": 1.19, ""currency"": ""GBP""}"
q_0083,train,product_revenue_share_month,merchandise_scope,False,False,False,False,[],"{""year_month"": ""2011-11"", ""month_label"": ""November 2011"", ""top_n"": 1, ""top_products"": [{""rank"": 1, ""stock_code"": ""23084"", ""description"": ""RABBIT NIGHT LIGHT"", ""merchandise_net_revenue"": 34343.77}], ""numerator_merchandise_net_revenue"": 34343.77, ""total_merchandise_net_revenue"": 1427121.25, ""share_percent"": 2.41, ""currency"": ""GBP""}","{""year_month"": ""2011-11"", ""month_label"": ""November 2011"", ""top_n"": 1, ""top_products"": [{""rank"": 1, ""stock_code"": ""23084"", ""description"": ""RABBIT NIGHT LIGHT"", ""merchandise_net_revenue"": 34343.77}], ""numerator_merchandise_net_revenue"": 34343.77, ""total_merchandise_net_revenue"": 1427121.25, ""share_percent"": 2.41, ""currency"": ""GBP""}"
q_0084,train,product_revenue_share_month,merchandise_scope,False,False,False,False,[],"{""year_month"": ""2011-01"", ""month_label"": ""January 2011"", ""top_n"": 3, ""top_products"": [{""rank"": 1, ""stock_code"": ""85123A"", ""description"": ""WHITE HANGING HEART T-LIGHT HOLDER"", ""merchandise_net_revenue"": 15174.26}, {""rank"": 2, ""stock_code"": ""22423"", ""description"": ""REGENCY CAKESTAND 3 TIER"", ""merchandise_net_revenue"": 11742.5}, {""rank"": 3, ""stock_code"": ""21108"", ""description"": ""FAIRY CAKE FLANNEL ASSORTED COLOUR"", ""merchandise_net_revenue"": 6870.41}], ""numerator_merchandise_net_revenue"": 33787.17, ""total_merchandise_net_revenue"": 578914.41, ""share_percent"": 5.84, ""currency"": ""GBP""}","{""year_month"": ""2011-01"", ""month_label"": ""January 2011"", ""top_n"": 3, ""top_products"": [{""rank"": 1, ""stock_code"": ""85123A"", ""description"": ""WHITE HANGING HEART T-LIGHT HOLDER"", ""merchandise_net_revenue"": 15174.26}, {""rank"": 2, ""stock_code"": ""22423"", ""description"": ""REGENCY CAKESTAND 3 TIER"", ""merchandise_net_revenue"": 11742.5}, {""rank"": 3, ""stock_code"": ""21108"", ""description"": ""FAIRY CAKE FLANNEL ASSORTED COLOUR"", ""merchandise_net_revenue"": 6870.41}], ""numerator_merchandise_net_revenue"": 33787.17, ""total_merchandise_net_revenue"": 578914.41, ""share_percent"": 5.84, ""currency"": ""GBP""}"
q_0085,train,product_revenue_share_month,merchandise_scope,False,False,False,False,[],"{""year_month"": ""2011-03"", ""month_label"": ""March 2011"", ""top_n"": 3, ""top_products"": [{""rank"": 1, ""stock_code"": ""22423"", ""description"": ""REGENCY CAKESTAND 3 TIER"", ""merchandise_net_revenue"": 16817.85}, {""rank"": 2, ""stock_code"": ""85099B"", ""description"": ""JUMBO BAG RED RETROSPOT"", ""merchandise_net_revenue"": 10116.43}, {""rank"": 3, ""stock_code"": ""47566"", ""description"": ""PARTY BUNTING"", ""merchandise_net_revenue"": 9098.27}], ""numerator_merchandise_net_revenue"": 36032.55, ""total_merchandise_net_revenue"": 679212.52, ""share_percent"": 5.31, ""currency"": ""GBP""}","{""year_month"": ""2011-03"", ""month_label"": ""March 2011"", ""top_n"": 3, ""top_products"": [{""rank"": 1, ""stock_code"": ""22423"", ""description"": ""REGENCY CAKESTAND 3 TIER"", ""merchandise_net_revenue"": 16817.85}, {""rank"": 2, ""stock_code"": ""85099B"", ""description"": ""JUMBO BAG RED RETROSPOT"", ""merchandise_net_revenue"": 10116.43}, {""rank"": 3, ""stock_code"": ""47566"", ""description"": ""PARTY BUNTING"", ""merchandise_net_revenue"": 9098.27}], ""numerator_merchandise_net_revenue"": 36032.55, ""total_merchandise_net_revenue"": 679212.52, ""share_percent"": 5.31, ""currency"": ""GBP""}"
q_0086,dev,product_revenue_share_month,merchandise_scope,False,False,False,False,[],"{""year_month"": ""2011-06"", ""month_label"": ""June 2011"", ""top_n"": 3, ""top_products"": [{""rank"": 1, ""stock_code"": ""22502"", ""description"": ""PICNIC BASKET WICKER 60 PIECES"", ""merchandise_net_revenue"": 39619.5}, {""rank"": 2, ""stock_code"": ""47566"", ""description"": ""PARTY BUNTING"", ""merchandise_net_revenue"": 12452.17}, {""rank"": 3, ""stock_code"": ""22423"", ""description"": ""REGENCY CAKESTAND 3 TIER"", ""merchandise_net_revenue"": 9453.64}], ""numerator_merchandise_net_revenue"": 61525.31, ""total_merchandise_net_revenue"": 723970.15, ""share_percent"": 8.5, ""currency"": ""GBP""}","{""year_month"": ""2011-06"", ""month_label"": ""June 2011"", ""top_n"": 3, ""top_products"": [{""rank"": 1, ""stock_code"": ""22502"", ""description"": ""PICNIC BASKET WICKER 60 PIECES"", ""merchandise_net_revenue"": 39619.5}, {""rank"": 2, ""stock_code"": ""47566"", ""description"": ""PARTY BUNTING"", ""merchandise_net_revenue"": 12452.17}, {""rank"": 3, ""stock_code"": ""22423"", ""description"": ""REGENCY CAKESTAND 3 TIER"", ""merchandise_net_revenue"": 9453.64}], ""numerator_merchandise_net_revenue"": 61525.31, ""total_merchandise_net_revenue"": 723970.15, ""share_percent"": 8.5, ""currency"": ""GBP""}"
q_0087,test,product_revenue_share_month,merchandise_scope,False,False,False,False,[],"{""year_month"": ""2011-09"", ""month_label"": ""September 2011"", ""top_n"": 3, ""top_products"": [{""rank"": 1, ""stock_code"": ""23243"", ""description"": ""SET OF TEA COFFEE SUGAR TINS PANTRY"", ""merchandise_net_revenue"": 9971.51}, {""rank"": 2, ""stock_code"": ""22423"", ""description"": ""REGENCY CAKESTAND 3 TIER"", ""merchandise_net_revenue"": 9315.03}, {""rank"": 3, ""stock_code"": ""85099B"", ""description"": ""JUMBO BAG RED RETROSPOT"", ""merchandise_net_revenue"": 8630.45}], ""numerator_merchandise_net_revenue"": 27916.99, ""total_merchandise_net_revenue"": 1011358.16, ""share_percent"": 2.76, ""currency"": ""GBP""}","{""year_month"": ""2011-09"", ""month_label"": ""September 2011"", ""top_n"": 3, ""top_products"": [{""rank"": 1, ""stock_code"": ""23243"", ""description"": ""SET OF TEA COFFEE SUGAR TINS PANTRY"", ""merchandise_net_revenue"": 9971.51}, {""rank"": 2, ""stock_code"": ""22423"", ""description"": ""REGENCY CAKESTAND 3 TIER"", ""merchandise_net_revenue"": 9315.03}, {""rank"": 3, ""stock_code"": ""85099B"", ""description"": ""JUMBO BAG RED RETROSPOT"", ""merchandise_net_revenue"": 8630.45}], ""numerator_merchandise_net_revenue"": 27916.99, ""total_merchandise_net_revenue"": 1011358.16, ""share_percent"": 2.76, ""currency"": ""GBP""}"
q_0088,train,product_revenue_share_month,merchandise_scope,False,False,False,False,[],"{""year_month"": ""2011-11"", ""month_label"": ""November 2011"", ""top_n"": 3, ""top_products"": [{""rank"": 1, ""stock_code"": ""23084"", ""description"": ""RABBIT NIGHT LIGHT"", ""merchandise_net_revenue"": 34343.77}, {""rank"": 2, ""stock_code"": ""22086"", ""description"": ""PAPER CHAIN KIT 50'S CHRISTMAS"", ""merchandise_net_revenue"": 28853.54}, {""rank"": 3, ""stock_code"": ""85123A"", ""description"": ""WHITE HANGING HEART T-LIGHT HOLDER"", ""merchandise_net_revenue"": 14113.9}], ""numerator_merchandise_net_revenue"": 77311.21, ""total_merchandise_net_revenue"": 1427121.25, ""share_percent"": 5.42, ""currency"": ""GBP""}","{""year_month"": ""2011-11"", ""month_label"": ""November 2011"", ""top_n"": 3, ""top_products"": [{""rank"": 1, ""stock_code"": ""23084"", ""description"": ""RABBIT NIGHT LIGHT"", ""merchandise_net_revenue"": 34343.77}, {""rank"": 2, ""stock_code"": ""22086"", ""description"": ""PAPER CHAIN KIT 50'S CHRISTMAS"", ""merchandise_net_revenue"": 28853.54}, {""rank"": 3, ""stock_code"": ""85123A"", ""description"": ""WHITE HANGING HEART T-LIGHT HOLDER"", ""merchandise_net_revenue"": 14113.9}], ""numerator_merchandise_net_revenue"": 77311.21, ""total_merchandise_net_revenue"": 1427121.25, ""share_percent"": 5.42, ""currency"": ""GBP""}"
q_0089,train,return_impact_month,merchandise_scope,True,True,False,False,"[{""field"": ""gross_positive_revenue"", ""old"": 821452.73, ""new"": 775714.95, ""kind"": ""numeric""}, {""field"": ""cancellation_revenue"", ""old"": -74729.12, ""new"": -17547.86, ""kind"": ""numeric""}, {""field"": ""reduction_amount"", ""old"": 74729.12, ""new"": 17547.86, ""kind"": ""numeric""}, {""field"": ""reduction_rate_percent"", ""old"": 9.1, ""new"": 2.26, ""kind"": ""numeric""}, {""field"": ""net_revenue"", ""old"": 746723.61, ""new"": 758167.09, ""kind"": ""numeric""}]","{""year_month"": ""2010-12"", ""month_label"": ""December 2010"", ""gross_positive_revenue"": 821452.73, ""cancellation_revenue"": -74729.12, ""reduction_amount"": 74729.12, ""reduction_rate_percent"": 9.1, ""net_revenue"": 746723.61, ""currency"": ""GBP""}","{""year_month"": ""2010-12"", ""month_label"": ""December 2010"", ""gross_positive_revenue"": 775714.95, ""cancellation_revenue"": -17547.86, ""reduction_amount"": 17547.86, ""reduction_rate_percent"": 2.26, ""net_revenue"": 758167.09, ""currency"": ""GBP""}"
q_0090,train,return_impact_month,merchandise_scope,True,True,False,False,"[{""field"": ""gross_positive_revenue"", ""old"": 689811.61, ""new"": 670439.46, ""kind"": ""numeric""}, {""field"": ""cancellation_revenue"", ""old"": -131363.05, ""new"": -91525.05, ""kind"": ""numeric""}, {""field"": ""reduction_amount"", ""old"": 131363.05, ""new"": 91525.05, ""kind"": ""numeric""}, {""field"": ""reduction_rate_percent"", ""old"": 19.04, ""new"": 13.65, ""kind"": ""numeric""}, {""field"": ""net_revenue"", ""old"": 558448.56, ""new"": 578914.41, ""kind"": ""numeric""}]","{""year_month"": ""2011-01"", ""month_label"": ""January 2011"", ""gross_positive_revenue"": 689811.61, ""cancellation_revenue"": -131363.05, ""reduction_amount"": 131363.05, ""reduction_rate_percent"": 19.04, ""net_revenue"": 558448.56, ""currency"": ""GBP""}","{""year_month"": ""2011-01"", ""month_label"": ""January 2011"", ""gross_positive_revenue"": 670439.46, ""cancellation_revenue"": -91525.05, ""reduction_amount"": 91525.05, ""reduction_rate_percent"": 13.65, ""net_revenue"": 578914.41, ""currency"": ""GBP""}"
q_0091,train,return_impact_month,merchandise_scope,True,True,False,False,"[{""field"": ""gross_positive_revenue"", ""old"": 522545.56, ""new"": 507850.09, ""kind"": ""numeric""}, {""field"": ""cancellation_revenue"", ""old"": -25519.15, ""new"": -8335.52, ""kind"": ""numeric""}, {""field"": ""reduction_amount"", ""old"": 25519.15, ""new"": 8335.52, ""kind"": ""numeric""}, {""field"": ""reduction_rate_percent"", ""old"": 4.88, ""new"": 1.64, ""kind"": ""numeric""}, {""field"": ""net_revenue"", ""old"": 497026.41, ""new"": 499514.57, ""kind"": ""numeric""}]","{""year_month"": ""2011-02"", ""month_label"": ""February 2011"", ""gross_positive_revenue"": 522545.56, ""cancellation_revenue"": -25519.15, ""reduction_amount"": 25519.15, ""reduction_rate_percent"": 4.88, ""net_revenue"": 497026.41, ""currency"": ""GBP""}","{""year_month"": ""2011-02"", ""month_label"": ""February 2011"", ""gross_positive_revenue"": 507850.09, ""cancellation_revenue"": -8335.52, ""reduction_amount"": 8335.52, ""reduction_rate_percent"": 1.64, ""net_revenue"": 499514.57, ""currency"": ""GBP""}"
q_0092,dev,return_impact_month,merchandise_scope,True,True,False,False,"[{""field"": ""gross_positive_revenue"", ""old"": 716215.26, ""new"": 689716.82, ""kind"": ""numeric""}, {""field"": ""cancellation_revenue"", ""old"": -34201.28, ""new"": -10504.3, ""kind"": ""numeric""}, {""field"": ""reduction_amount"", ""old"": 34201.28, ""new"": 10504.3, ""kind"": ""numeric""}, {""field"": ""reduction_rate_percent"", ""old"": 4.78, ""new"": 1.52, ""kind"": ""numeric""}, {""field"": ""net_revenue"", ""old"": 682013.98, ""new"": 679212.52, ""kind"": ""numeric""}]","{""year_month"": ""2011-03"", ""month_label"": ""March 2011"", ""gross_positive_revenue"": 716215.26, ""cancellation_revenue"": -34201.28, ""reduction_amount"": 34201.28, ""reduction_rate_percent"": 4.78, ""net_revenue"": 682013.98, ""currency"": ""GBP""}","{""year_month"": ""2011-03"", ""month_label"": ""March 2011"", ""gross_positive_revenue"": 689716.82, ""cancellation_revenue"": -10504.3, ""reduction_amount"": 10504.3, ""reduction_rate_percent"": 1.52, ""net_revenue"": 679212.52, ""currency"": ""GBP""}"
q_0093,test,return_impact_month,merchandise_scope,True,True,False,False,"[{""field"": ""gross_positive_revenue"", ""old"": 536968.49, ""new"": 515463.08, ""kind"": ""numeric""}, {""field"": ""cancellation_revenue"", ""old"": -44600.65, ""new"": -33316.06, ""kind"": ""numeric""}, {""field"": ""reduction_amount"", ""old"": 44600.65, ""new"": 33316.06, ""kind"": ""numeric""}, {""field"": ""reduction_rate_percent"", ""old"": 8.31, ""new"": 6.46, ""kind"": ""numeric""}, {""field"": ""net_revenue"", ""old"": 492367.84, ""new"": 482147.02, ""kind"": ""numeric""}]","{""year_month"": ""2011-04"", ""month_label"": ""April 2011"", ""gross_positive_revenue"": 536968.49, ""cancellation_revenue"": -44600.65, ""reduction_amount"": 44600.65, ""reduction_rate_percent"": 8.31, ""net_revenue"": 492367.84, ""currency"": ""GBP""}","{""year_month"": ""2011-04"", ""month_label"": ""April 2011"", ""gross_positive_revenue"": 515463.08, ""cancellation_revenue"": -33316.06, ""reduction_amount"": 33316.06, ""reduction_rate_percent"": 6.46, ""net_revenue"": 482147.02, ""currency"": ""GBP""}"
q_0094,train,return_impact_month,merchandise_scope,True,True,False,False,"[{""field"": ""gross_positive_revenue"", ""old"": 769296.61, ""new"": 740000.14, ""kind"": ""numeric""}, {""field"": ""cancellation_revenue"", ""old"": -47202.51, ""new"": -8948.23, ""kind"": ""numeric""}, {""field"": ""reduction_amount"", ""old"": 47202.51, ""new"": 8948.23, ""kind"": ""numeric""}, {""field"": ""reduction_rate_percent"", ""old"": 6.14, ""new"": 1.21, ""kind"": ""numeric""}, {""field"": ""net_revenue"", ""old"": 722094.1, ""new"": 731051.91, ""kind"": ""numeric""}]","{""year_month"": ""2011-05"", ""month_label"": ""May 2011"", ""gross_positive_revenue"": 769296.61, ""cancellation_revenue"": -47202.51, ""reduction_amount"": 47202.51, ""reduction_rate_percent"": 6.14, ""net_revenue"": 722094.1, ""currency"": ""GBP""}","{""year_month"": ""2011-05"", ""month_label"": ""May 2011"", ""gross_positive_revenue"": 740000.14, ""cancellation_revenue"": -8948.23, ""reduction_amount"": 8948.23, ""reduction_rate_percent"": 1.21, ""net_revenue"": 731051.91, ""currency"": ""GBP""}"
q_0095,train,return_impact_month,merchandise_scope,True,True,False,False,"[{""field"": ""gross_positive_revenue"", ""old"": 760547.01, ""new"": 737683.99, ""kind"": ""numeric""}, {""field"": ""cancellation_revenue"", ""old"": -70569.78, ""new"": -13713.84, ""kind"": ""numeric""}, {""field"": ""reduction_amount"", ""old"": 70569.78, ""new"": 13713.84, ""kind"": ""numeric""}, {""field"": ""reduction_rate_percent"", ""old"": 9.28, ""new"": 1.86, ""kind"": ""numeric""}, {""field"": ""net_revenue"", ""old"": 689977.23, ""new"": 723970.15, ""kind"": ""numeric""}]","{""year_month"": ""2011-06"", ""month_label"": ""June 2011"", ""gross_positive_revenue"": 760547.01, ""cancellation_revenue"": -70569.78, ""reduction_amount"": 70569.78, ""reduction_rate_percent"": 9.28, ""net_revenue"": 689977.23, ""currency"": ""GBP""}","{""year_month"": ""2011-06"", ""month_label"": ""June 2011"", ""gross_positive_revenue"": 737683.99, ""cancellation_revenue"": -13713.84, ""reduction_amount"": 13713.84, ""reduction_rate_percent"": 1.86, ""net_revenue"": 723970.15, ""currency"": ""GBP""}"
q_0096,train,return_impact_month,merchandise_scope,True,True,False,False,"[{""field"": ""gross_positive_revenue"", ""old"": 718076.12, ""new"": 688178.12, ""kind"": ""numeric""}, {""field"": ""cancellation_revenue"", ""old"": -37919.13, ""new"": -11407.26, ""kind"": ""numeric""}, {""field"": ""reduction_amount"", ""old"": 37919.13, ""new"": 11407.26, ""kind"": ""numeric""}, {""field"": ""reduction_rate_percent"", ""old"": 5.28, ""new"": 1.66, ""kind"": ""numeric""}, {""field"": ""net_revenue"", ""old"": 680156.99, ""new"": 676770.86, ""kind"": ""numeric""}]","{""year_month"": ""2011-07"", ""month_label"": ""July 2011"", ""gross_positive_revenue"": 718076.12, ""cancellation_revenue"": -37919.13, ""reduction_amount"": 37919.13, ""reduction_rate_percent"": 5.28, ""net_revenue"": 680156.99, ""currency"": ""GBP""}","{""year_month"": ""2011-07"", ""month_label"": ""July 2011"", ""gross_positive_revenue"": 688178.12, ""cancellation_revenue"": -11407.26, ""reduction_amount"": 11407.26, ""reduction_rate_percent"": 1.66, ""net_revenue"": 676770.86, ""currency"": ""GBP""}"
q_0097,dev,return_impact_month,merchandise_scope,True,True,False,False,"[{""field"": ""gross_positive_revenue"", ""old"": 757841.38, ""new"": 724288.42, ""kind"": ""numeric""}, {""field"": ""cancellation_revenue"", ""old"": -54330.8, ""new"": -22926.57, ""kind"": ""numeric""}, {""field"": ""reduction_amount"", ""old"": 54330.8, ""new"": 22926.57, ""kind"": ""numeric""}, {""field"": ""reduction_rate_percent"", ""old"": 7.17, ""new"": 3.17, ""kind"": ""numeric""}, {""field"": ""net_revenue"", ""old"": 703510.58, ""new"": 701361.85, ""kind"": ""numeric""}]","{""year_month"": ""2011-08"", ""month_label"": ""August 2011"", ""gross_positive_revenue"": 757841.38, ""cancellation_revenue"": -54330.8, ""reduction_amount"": 54330.8, ""reduction_rate_percent"": 7.17, ""net_revenue"": 703510.58, ""currency"": ""GBP""}","{""year_month"": ""2011-08"", ""month_label"": ""August 2011"", ""gross_positive_revenue"": 724288.42, ""cancellation_revenue"": -22926.57, ""reduction_amount"": 22926.57, ""reduction_rate_percent"": 3.17, ""net_revenue"": 701361.85, ""currency"": ""GBP""}"
q_0098,test,return_impact_month,merchandise_scope,True,True,False,False,"[{""field"": ""gross_positive_revenue"", ""old"": 1056435.19, ""new"": 1028338.8, ""kind"": ""numeric""}, {""field"": ""cancellation_revenue"", ""old"": -38838.51, ""new"": -16980.64, ""kind"": ""numeric""}, {""field"": ""reduction_amount"", ""old"": 38838.51, ""new"": 16980.64, ""kind"": ""numeric""}, {""field"": ""reduction_rate_percent"", ""old"": 3.68, ""new"": 1.65, ""kind"": ""numeric""}, {""field"": ""net_revenue"", ""old"": 1017596.68, ""new"": 1011358.16, ""kind"": ""numeric""}]","{""year_month"": ""2011-09"", ""month_label"": ""September 2011"", ""gross_positive_revenue"": 1056435.19, ""cancellation_revenue"": -38838.51, ""reduction_amount"": 38838.51, ""reduction_rate_percent"": 3.68, ""net_revenue"": 1017596.68, ""currency"": ""GBP""}","{""year_month"": ""2011-09"", ""month_label"": ""September 2011"", ""gross_positive_revenue"": 1028338.8, ""cancellation_revenue"": -16980.64, ""reduction_amount"": 16980.64, ""reduction_rate_percent"": 1.65, ""net_revenue"": 1011358.16, ""currency"": ""GBP""}"
q_0099,train,return_impact_month,merchandise_scope,True,True,False,False,"[{""field"": ""gross_positive_revenue"", ""old"": 1151263.73, ""new"": 1103327.63, ""kind"": ""numeric""}, {""field"": ""cancellation_revenue"", ""old"": -81895.5, ""new"": -41613.03, ""kind"": ""numeric""}, {""field"": ""reduction_amount"", ""old"": 81895.5, ""new"": 41613.03, ""kind"": ""numeric""}, {""field"": ""reduction_rate_percent"", ""old"": 7.11, ""new"": 3.77, ""kind"": ""numeric""}, {""field"": ""net_revenue"", ""old"": 1069368.23, ""new"": 1061714.6, ""kind"": ""numeric""}]","{""year_month"": ""2011-10"", ""month_label"": ""October 2011"", ""gross_positive_revenue"": 1151263.73, ""cancellation_revenue"": -81895.5, ""reduction_amount"": 81895.5, ""reduction_rate_percent"": 7.11, ""net_revenue"": 1069368.23, ""currency"": ""GBP""}","{""year_month"": ""2011-10"", ""month_label"": ""October 2011"", ""gross_positive_revenue"": 1103327.63, ""cancellation_revenue"": -41613.03, ""reduction_amount"": 41613.03, ""reduction_rate_percent"": 3.77, ""net_revenue"": 1061714.6, ""currency"": ""GBP""}"
q_0100,train,return_impact_month,merchandise_scope,True,True,False,False,"[{""field"": ""gross_positive_revenue"", ""old"": 1503866.78, ""new"": 1452112.69, ""kind"": ""numeric""}, {""field"": ""cancellation_revenue"", ""old"": -47720.98, ""new"": -24991.44, ""kind"": ""numeric""}, {""field"": ""reduction_amount"", ""old"": 47720.98, ""new"": 24991.44, ""kind"": ""numeric""}, {""field"": ""reduction_rate_percent"", ""old"": 3.17, ""new"": 1.72, ""kind"": ""numeric""}, {""field"": ""net_revenue"", ""old"": 1456145.8, ""new"": 1427121.25, ""kind"": ""numeric""}]","{""year_month"": ""2011-11"", ""month_label"": ""November 2011"", ""gross_positive_revenue"": 1503866.78, ""cancellation_revenue"": -47720.98, ""reduction_amount"": 47720.98, ""reduction_rate_percent"": 3.17, ""net_revenue"": 1456145.8, ""currency"": ""GBP""}","{""year_month"": ""2011-11"", ""month_label"": ""November 2011"", ""gross_positive_revenue"": 1452112.69, ""cancellation_revenue"": -24991.44, ""reduction_amount"": 24991.44, ""reduction_rate_percent"": 1.72, ""net_revenue"": 1427121.25, ""currency"": ""GBP""}"
q_0001,train,top_country_month,stock_code_grain,False,False,False,False,[],"{""year_month"": ""2011-01"", ""month_label"": ""January 2011"", ""scope"": ""excluding United Kingdom"", ""country"": ""Netherlands"", ""net_revenue"": 26611.16, ""currency"": ""GBP""}","{""year_month"": ""2011-01"", ""month_label"": ""January 2011"", ""scope"": ""excluding United Kingdom"", ""country"": ""Netherlands"", ""net_revenue"": 26611.16, ""currency"": ""GBP""}"
q_0002,train,top_country_month,stock_code_grain,False,False,False,False,[],"{""year_month"": ""2011-02"", ""month_label"": ""February 2011"", ""scope"": ""excluding United Kingdom"", ""country"": ""Netherlands"", ""net_revenue"": 22932.11, ""currency"": ""GBP""}","{""year_month"": ""2011-02"", ""month_label"": ""February 2011"", ""scope"": ""excluding United Kingdom"", ""country"": ""Netherlands"", ""net_revenue"": 22932.11, ""currency"": ""GBP""}"
q_0003,train,top_country_month,stock_code_grain,False,False,False,False,[],"{""year_month"": ""2011-03"", ""month_label"": ""March 2011"", ""scope"": ""excluding United Kingdom"", ""country"": ""Netherlands"", ""net_revenue"": 22416.49, ""currency"": ""GBP""}","{""year_month"": ""2011-03"", ""month_label"": ""March 2011"", ""scope"": ""excluding United Kingdom"", ""country"": ""Netherlands"", ""net_revenue"": 22416.49, ""currency"": ""GBP""}"
q_0004,dev,top_country_month,stock_code_grain,False,False,False,False,[],"{""year_month"": ""2011-04"", ""month_label"": ""April 2011"", ""scope"": ""excluding United Kingdom"", ""country"": ""Germany"", ""net_revenue"": 11963.37, ""currency"": ""GBP""}","{""year_month"": ""2011-04"", ""month_label"": ""April 2011"", ""scope"": ""excluding United Kingdom"", ""country"": ""Germany"", ""net_revenue"": 11963.37, ""currency"": ""GBP""}"
q_0005,test,top_country_month,stock_code_grain,False,False,False,False,[],"{""year_month"": ""2011-05"", ""month_label"": ""May 2011"", ""scope"": ""excluding United Kingdom"", ""country"": ""Netherlands"", ""net_revenue"": 29185.88, ""currency"": ""GBP""}","{""year_month"": ""2011-05"", ""month_label"": ""May 2011"", ""scope"": ""excluding United Kingdom"", ""country"": ""Netherlands"", ""net_revenue"": 29185.88, ""currency"": ""GBP""}"
q_0006,train,top_country_month,stock_code_grain,False,False,False,False,[],"{""year_month"": ""2011-06"", ""month_label"": ""June 2011"", ""scope"": ""excluding United Kingdom"", ""country"": ""Netherlands"", ""net_revenue"": 26843.09, ""currency"": ""GBP""}","{""year_month"": ""2011-06"", ""month_label"": ""June 2011"", ""scope"": ""excluding United Kingdom"", ""country"": ""Netherlands"", ""net_revenue"": 26843.09, ""currency"": ""GBP""}"
q_0007,train,top_country_month,stock_code_grain,False,False,False,False,[],"{""year_month"": ""2011-07"", ""month_label"": ""July 2011"", ""scope"": ""excluding United Kingdom"", ""country"": ""EIRE"", ""net_revenue"": 42689.65, ""currency"": ""GBP""}","{""year_month"": ""2011-07"", ""month_label"": ""July 2011"", ""scope"": ""excluding United Kingdom"", ""country"": ""EIRE"", ""net_revenue"": 42689.65, ""currency"": ""GBP""}"
q_0008,train,top_country_month,stock_code_grain,False,False,False,False,[],"{""year_month"": ""2011-08"", ""month_label"": ""August 2011"", ""scope"": ""excluding United Kingdom"", ""country"": ""Netherlands"", ""net_revenue"": 39655.81, ""currency"": ""GBP""}","{""year_month"": ""2011-08"", ""month_label"": ""August 2011"", ""scope"": ""excluding United Kingdom"", ""country"": ""Netherlands"", ""net_revenue"": 39655.81, ""currency"": ""GBP""}"
q_0009,dev,top_country_month,stock_code_grain,False,False,False,False,[],"{""year_month"": ""2011-09"", ""month_label"": ""September 2011"", ""scope"": ""excluding United Kingdom"", ""country"": ""EIRE"", ""net_revenue"": 42476.2, ""currency"": ""GBP""}","{""year_month"": ""2011-09"", ""month_label"": ""September 2011"", ""scope"": ""excluding United Kingdom"", ""country"": ""EIRE"", ""net_revenue"": 42476.2, ""currency"": ""GBP""}"
q_0010,test,top_country_month,stock_code_grain,False,False,False,False,[],"{""year_month"": ""2011-10"", ""month_label"": ""October 2011"", ""scope"": ""excluding United Kingdom"", ""country"": ""Netherlands"", ""net_revenue"": 40708.65, ""currency"": ""GBP""}","{""year_month"": ""2011-10"", ""month_label"": ""October 2011"", ""scope"": ""excluding United Kingdom"", ""country"": ""Netherlands"", ""net_revenue"": 40708.65, ""currency"": ""GBP""}"
q_0011,train,top_country_month,stock_code_grain,False,False,False,False,[],"{""year_month"": ""2011-11"", ""month_label"": ""November 2011"", ""scope"": ""excluding United Kingdom"", ""country"": ""France"", ""net_revenue"": 30638.12, ""currency"": ""GBP""}","{""year_month"": ""2011-11"", ""month_label"": ""November 2011"", ""scope"": ""excluding United Kingdom"", ""country"": ""France"", ""net_revenue"": 30638.12, ""currency"": ""GBP""}"
q_0012,train,top_country_month,stock_code_grain,False,False,False,False,[],"{""year_month"": ""2011-01"", ""month_label"": ""January 2011"", ""scope"": ""all countries"", ""country"": ""United Kingdom"", ""net_revenue"": 432995.4, ""currency"": ""GBP""}","{""year_month"": ""2011-01"", ""month_label"": ""January 2011"", ""scope"": ""all countries"", ""country"": ""United Kingdom"", ""net_revenue"": 432995.4, ""currency"": ""GBP""}"
q_0013,train,top_country_month,stock_code_grain,False,False,False,False,[],"{""year_month"": ""2011-03"", ""month_label"": ""March 2011"", ""scope"": ""all countries"", ""country"": ""United Kingdom"", ""net_revenue"": 558458.89, ""currency"": ""GBP""}","{""year_month"": ""2011-03"", ""month_label"": ""March 2011"", ""scope"": ""all countries"", ""country"": ""United Kingdom"", ""net_revenue"": 558458.89, ""currency"": ""GBP""}"
q_0014,dev,top_country_month,stock_code_grain,False,False,False,False,[],"{""year_month"": ""2011-06"", ""month_label"": ""June 2011"", ""scope"": ""all countries"", ""country"": ""United Kingdom"", ""net_revenue"": 553330.21, ""currency"": ""GBP""}","{""year_month"": ""2011-06"", ""month_label"": ""June 2011"", ""scope"": ""all countries"", ""country"": ""United Kingdom"", ""net_revenue"": 553330.21, ""currency"": ""GBP""}"
q_0015,test,top_country_month,stock_code_grain,False,False,False,False,[],"{""year_month"": ""2011-09"", ""month_label"": ""September 2011"", ""scope"": ""all countries"", ""country"": ""United Kingdom"", ""net_revenue"": 860104.36, ""currency"": ""GBP""}","{""year_month"": ""2011-09"", ""month_label"": ""September 2011"", ""scope"": ""all countries"", ""country"": ""United Kingdom"", ""net_revenue"": 860104.36, ""currency"": ""GBP""}"
q_0016,train,top_country_month,stock_code_grain,False,False,False,False,[],"{""year_month"": ""2011-11"", ""month_label"": ""November 2011"", ""scope"": ""all countries"", ""country"": ""United Kingdom"", ""net_revenue"": 1277409.79, ""currency"": ""GBP""}","{""year_month"": ""2011-11"", ""month_label"": ""November 2011"", ""scope"": ""all countries"", ""country"": ""United Kingdom"", ""net_revenue"": 1277409.79, ""currency"": ""GBP""}"
q_0017,train,top_product_month,stock_code_grain,False,False,False,False,[],"{""year_month"": ""2010-12"", ""month_label"": ""December 2010"", ""stock_code"": ""22423"", ""description"": ""REGENCY CAKESTAND 3 TIER"", ""merchandise_net_revenue"": 26722.16, ""currency"": ""GBP""}","{""year_month"": ""2010-12"", ""month_label"": ""December 2010"", ""stock_code"": ""22423"", ""description"": ""REGENCY CAKESTAND 3 TIER"", ""merchandise_net_revenue"": 26722.16, ""currency"": ""GBP""}"
q_0018,train,top_product_month,stock_code_grain,False,False,False,False,[],"{""year_month"": ""2011-01"", ""month_label"": ""January 2011"", ""stock_code"": ""85123A"", ""description"": ""WHITE HANGING HEART T-LIGHT HOLDER"", ""merchandise_net_revenue"": 15174.26, ""currency"": ""GBP""}","{""year_month"": ""2011-01"", ""month_label"": ""January 2011"", ""stock_code"": ""85123A"", ""description"": ""WHITE HANGING HEART T-LIGHT HOLDER"", ""merchandise_net_revenue"": 15174.26, ""currency"": ""GBP""}"
q_0019,train,top_product_month,stock_code_grain,False,False,False,False,[],"{""year_month"": ""2011-02"", ""month_label"": ""February 2011"", ""stock_code"": ""22423"", ""description"": ""REGENCY CAKESTAND 3 TIER"", ""merchandise_net_revenue"": 10491.54, ""currency"": ""GBP""}","{""year_month"": ""2011-02"", ""month_label"": ""February 2011"", ""stock_code"": ""22423"", ""description"": ""REGENCY CAKESTAND 3 TIER"", ""merchandise_net_revenue"": 10491.54, ""currency"": ""GBP""}"
q_0020,dev,top_product_month,stock_code_grain,False,False,False,False,[],"{""year_month"": ""2011-03"", ""month_label"": ""March 2011"", ""stock_code"": ""22423"", ""description"": ""REGENCY CAKESTAND 3 TIER"", ""merchandise_net_revenue"": 16817.85, ""currency"": ""GBP""}","{""year_month"": ""2011-03"", ""month_label"": ""March 2011"", ""stock_code"": ""22423"", ""description"": ""REGENCY CAKESTAND 3 TIER"", ""merchandise_net_revenue"": 16817.85, ""currency"": ""GBP""}"
q_0021,test,top_product_month,stock_code_grain,False,False,False,False,[],"{""year_month"": ""2011-04"", ""month_label"": ""April 2011"", ""stock_code"": ""22423"", ""description"": ""REGENCY CAKESTAND 3 TIER"", ""merchandise_net_revenue"": 14280.9, ""currency"": ""GBP""}","{""year_month"": ""2011-04"", ""month_label"": ""April 2011"", ""stock_code"": ""22423"", ""description"": ""REGENCY CAKESTAND 3 TIER"", ""merchandise_net_revenue"": 14280.9, ""currency"": ""GBP""}"
q_0022,train,top_product_month,stock_code_grain,False,False,False,False,[],"{""year_month"": ""2011-05"", ""month_label"": ""May 2011"", ""stock_code"": ""47566"", ""description"": ""PARTY BUNTING"", ""merchandise_net_revenue"": 19093.3, ""currency"": ""GBP""}","{""year_month"": ""2011-05"", ""month_label"": ""May 2011"", ""stock_code"": ""47566"", ""description"": ""PARTY BUNTING"", ""merchandise_net_revenue"": 19093.3, ""currency"": ""GBP""}"
q_0023,train,top_product_month,stock_code_grain,True,True,False,False,"[{""field"": ""description"", ""old"": ""PICNIC BASKET WICKER 60 PIECES"", ""new"": ""PICNIC BASKET WICKER SMALL"", ""kind"": ""categorical""}, {""field"": ""merchandise_net_revenue"", ""old"": 39619.5, ""new"": 40298.1, ""kind"": ""numeric""}]","{""year_month"": ""2011-06"", ""month_label"": ""June 2011"", ""stock_code"": ""22502"", ""description"": ""PICNIC BASKET WICKER 60 PIECES"", ""merchandise_net_revenue"": 39619.5, ""currency"": ""GBP""}","{""year_month"": ""2011-06"", ""month_label"": ""June 2011"", ""stock_code"": ""22502"", ""description"": ""PICNIC BASKET WICKER SMALL"", ""merchandise_net_revenue"": 40298.1, ""currency"": ""GBP""}"
q_0024,train,top_product_month,stock_code_grain,False,False,False,False,[],"{""year_month"": ""2011-07"", ""month_label"": ""July 2011"", ""stock_code"": ""47566"", ""description"": ""PARTY BUNTING"", ""merchandise_net_revenue"": 14576.5, ""currency"": ""GBP""}","{""year_month"": ""2011-07"", ""month_label"": ""July 2011"", ""stock_code"": ""47566"", ""description"": ""PARTY BUNTING"", ""merchandise_net_revenue"": 14576.5, ""currency"": ""GBP""}"
q_0025,dev,top_product_month,stock_code_grain,False,False,False,False,[],"{""year_month"": ""2011-08"", ""month_label"": ""August 2011"", ""stock_code"": ""85099B"", ""description"": ""JUMBO BAG RED RETROSPOT"", ""merchandise_net_revenue"": 10441.77, ""currency"": ""GBP""}","{""year_month"": ""2011-08"", ""month_label"": ""August 2011"", ""stock_code"": ""85099B"", ""description"": ""JUMBO BAG RED RETROSPOT"", ""merchandise_net_revenue"": 10441.77, ""currency"": ""GBP""}"
q_0026,test,top_product_month,stock_code_grain,False,False,False,False,[],"{""year_month"": ""2011-09"", ""month_label"": ""September 2011"", ""stock_code"": ""23243"", ""description"": ""SET OF TEA COFFEE SUGAR TINS PANTRY"", ""merchandise_net_revenue"": 9971.51, ""currency"": ""GBP""}","{""year_month"": ""2011-09"", ""month_label"": ""September 2011"", ""stock_code"": ""23243"", ""description"": ""SET OF TEA COFFEE SUGAR TINS PANTRY"", ""merchandise_net_revenue"": 9971.51, ""currency"": ""GBP""}"
q_0027,train,top_product_month,stock_code_grain,False,False,False,False,[],"{""year_month"": ""2011-10"", ""month_label"": ""October 2011"", ""stock_code"": ""22423"", ""description"": ""REGENCY CAKESTAND 3 TIER"", ""merchandise_net_revenue"": 12635.34, ""currency"": ""GBP""}","{""year_month"": ""2011-10"", ""month_label"": ""October 2011"", ""stock_code"": ""22423"", ""description"": ""REGENCY CAKESTAND 3 TIER"", ""merchandise_net_revenue"": 12635.34, ""currency"": ""GBP""}"
q_0028,train,top_product_month,stock_code_grain,False,False,False,False,[],"{""year_month"": ""2011-11"", ""month_label"": ""November 2011"", ""stock_code"": ""23084"", ""description"": ""RABBIT NIGHT LIGHT"", ""merchandise_net_revenue"": 34343.77, ""currency"": ""GBP""}","{""year_month"": ""2011-11"", ""month_label"": ""November 2011"", ""stock_code"": ""23084"", ""description"": ""RABBIT NIGHT LIGHT"", ""merchandise_net_revenue"": 34343.77, ""currency"": ""GBP""}"
q_0029,train,top_product_month,stock_code_grain,False,False,False,False,[],"{""year_month"": ""2011-12"", ""month_label"": ""December 2011"", ""stock_code"": ""23084"", ""description"": ""RABBIT NIGHT LIGHT"", ""merchandise_net_revenue"": 9603.45, ""currency"": ""GBP""}","{""year_month"": ""2011-12"", ""month_label"": ""December 2011"", ""stock_code"": ""23084"", ""description"": ""RABBIT NIGHT LIGHT"", ""merchandise_net_revenue"": 9603.45, ""currency"": ""GBP""}"
q_0030,train,country_comparison_month,stock_code_grain,False,False,False,False,[],"{""year_month"": ""2011-01"", ""month_label"": ""January 2011"", ""country_a"": ""Germany"", ""country_b"": ""France"", ""country_a_net_revenue"": 16421.43, ""country_b_net_revenue"": 17503.07, ""higher_country"": ""France"", ""lower_country"": ""Germany"", ""revenue_delta"": 1081.64, ""currency"": ""GBP""}","{""year_month"": ""2011-01"", ""month_label"": ""January 2011"", ""country_a"": ""Germany"", ""country_b"": ""France"", ""country_a_net_revenue"": 16421.43, ""country_b_net_revenue"": 17503.07, ""higher_country"": ""France"", ""lower_country"": ""Germany"", ""revenue_delta"": 1081.64, ""currency"": ""GBP""}"
q_0031,train,country_comparison_month,stock_code_grain,False,False,False,False,[],"{""year_month"": ""2011-02"", ""month_label"": ""February 2011"", ""country_a"": ""Germany"", ""country_b"": ""France"", ""country_a_net_revenue"": 8969.24, ""country_b_net_revenue"": 8438.91, ""higher_country"": ""Germany"", ""lower_country"": ""France"", ""revenue_delta"": 530.33, ""currency"": ""GBP""}","{""year_month"": ""2011-02"", ""month_label"": ""February 2011"", ""country_a"": ""Germany"", ""country_b"": ""France"", ""country_a_net_revenue"": 8969.24, ""country_b_net_revenue"": 8438.91, ""higher_country"": ""Germany"", ""lower_country"": ""France"", ""revenue_delta"": 530.33, ""currency"": ""GBP""}"
q_0032,train,country_comparison_month,stock_code_grain,False,False,False,False,[],"{""year_month"": ""2011-03"", ""month_label"": ""March 2011"", ""country_a"": ""Germany"", ""country_b"": ""France"", ""country_a_net_revenue"": 14170.02, ""country_b_net_revenue"": 14512.3, ""higher_country"": ""France"", ""lower_country"": ""Germany"", ""revenue_delta"": 342.28, ""currency"": ""GBP""}","{""year_month"": ""2011-03"", ""month_label"": ""March 2011"", ""country_a"": ""Germany"", ""country_b"": ""France"", ""country_a_net_revenue"": 14170.02, ""country_b_net_revenue"": 14512.3, ""higher_country"": ""France"", ""lower_country"": ""Germany"", ""revenue_delta"": 342.28, ""currency"": ""GBP""}"
q_0033,dev,country_comparison_month,stock_code_grain,False,False,False,False,[],"{""year_month"": ""2011-04"", ""month_label"": ""April 2011"", ""country_a"": ""Germany"", ""country_b"": ""France"", ""country_a_net_revenue"": 11963.37, ""country_b_net_revenue"": 4195.21, ""higher_country"": ""Germany"", ""lower_country"": ""France"", ""revenue_delta"": 7768.16, ""currency"": ""GBP""}","{""year_month"": ""2011-04"", ""month_label"": ""April 2011"", ""country_a"": ""Germany"", ""country_b"": ""France"", ""country_a_net_revenue"": 11963.37, ""country_b_net_revenue"": 4195.21, ""higher_country"": ""Germany"", ""lower_country"": ""France"", ""revenue_delta"": 7768.16, ""currency"": ""GBP""}"
q_0034,test,country_comparison_month,stock_code_grain,False,False,False,False,[],"{""year_month"": ""2011-05"", ""month_label"": ""May 2011"", ""country_a"": ""Germany"", ""country_b"": ""France"", ""country_a_net_revenue"": 25554.85, ""country_b_net_revenue"": 17518.68, ""higher_country"": ""Germany"", ""lower_country"": ""France"", ""revenue_delta"": 8036.17, ""currency"": ""GBP""}","{""year_month"": ""2011-05"", ""month_label"": ""May 2011"", ""country_a"": ""Germany"", ""country_b"": ""France"", ""country_a_net_revenue"": 25554.85, ""country_b_net_revenue"": 17518.68, ""higher_country"": ""Germany"", ""lower_country"": ""France"", ""revenue_delta"": 8036.17, ""currency"": ""GBP""}"
q_0035,train,country_comparison_month,stock_code_grain,False,False,False,False,[],"{""year_month"": ""2011-06"", ""month_label"": ""June 2011"", ""country_a"": ""Germany"", ""country_b"": ""France"", ""country_a_net_revenue"": 13053.27, ""country_b_net_revenue"": 15991.87, ""higher_country"": ""France"", ""lower_country"": ""Germany"", ""revenue_delta"": 2938.6, ""currency"": ""GBP""}","{""year_month"": ""2011-06"", ""month_label"": ""June 2011"", ""country_a"": ""Germany"", ""country_b"": ""France"", ""country_a_net_revenue"": 13053.27, ""country_b_net_revenue"": 15991.87, ""higher_country"": ""France"", ""lower_country"": ""Germany"", ""revenue_delta"": 2938.6, ""currency"": ""GBP""}"
q_0036,train,country_comparison_month,stock_code_grain,False,False,False,False,[],"{""year_month"": ""2011-07"", ""month_label"": ""July 2011"", ""country_a"": ""Germany"", ""country_b"": ""France"", ""country_a_net_revenue"": 15721.66, ""country_b_net_revenue"": 9888.99, ""higher_country"": ""Germany"", ""lower_country"": ""France"", ""revenue_delta"": 5832.67, ""currency"": ""GBP""}","{""year_month"": ""2011-07"", ""month_label"": ""July 2011"", ""country_a"": ""Germany"", ""country_b"": ""France"", ""country_a_net_revenue"": 15721.66, ""country_b_net_revenue"": 9888.99, ""higher_country"": ""Germany"", ""lower_country"": ""France"", ""revenue_delta"": 5832.67, ""currency"": ""GBP""}"
q_0037,train,country_comparison_month,stock_code_grain,False,False,False,False,[],"{""year_month"": ""2011-08"", ""month_label"": ""August 2011"", ""country_a"": ""Germany"", ""country_b"": ""France"", ""country_a_net_revenue"": 19023.65, ""country_b_net_revenue"": 13789.26, ""higher_country"": ""Germany"", ""lower_country"": ""France"", ""revenue_delta"": 5234.39, ""currency"": ""GBP""}","{""year_month"": ""2011-08"", ""month_label"": ""August 2011"", ""country_a"": ""Germany"", ""country_b"": ""France"", ""country_a_net_revenue"": 19023.65, ""country_b_net_revenue"": 13789.26, ""higher_country"": ""Germany"", ""lower_country"": ""France"", ""revenue_delta"": 5234.39, ""currency"": ""GBP""}"
q_0038,dev,country_comparison_month,stock_code_grain,False,False,False,False,[],"{""year_month"": ""2011-09"", ""month_label"": ""September 2011"", ""country_a"": ""Germany"", ""country_b"": ""France"", ""country_a_net_revenue"": 17708.56, ""country_b_net_revenue"": 23198.87, ""higher_country"": ""France"", ""lower_country"": ""Germany"", ""revenue_delta"": 5490.31, ""currency"": ""GBP""}","{""year_month"": ""2011-09"", ""month_label"": ""September 2011"", ""country_a"": ""Germany"", ""country_b"": ""France"", ""country_a_net_revenue"": 17708.56, ""country_b_net_revenue"": 23198.87, ""higher_country"": ""France"", ""lower_country"": ""Germany"", ""revenue_delta"": 5490.31, ""currency"": ""GBP""}"
q_0039,test,country_comparison_month,stock_code_grain,False,False,False,False,[],"{""year_month"": ""2011-10"", ""month_label"": ""October 2011"", ""country_a"": ""Germany"", ""country_b"": ""France"", ""country_a_net_revenue"": 30604.27, ""country_b_net_revenue"": 25017.64, ""higher_country"": ""Germany"", ""lower_country"": ""France"", ""revenue_delta"": 5586.63, ""currency"": ""GBP""}","{""year_month"": ""2011-10"", ""month_label"": ""October 2011"", ""country_a"": ""Germany"", ""country_b"": ""France"", ""country_a_net_revenue"": 30604.27, ""country_b_net_revenue"": 25017.64, ""higher_country"": ""Germany"", ""lower_country"": ""France"", ""revenue_delta"": 5586.63, ""currency"": ""GBP""}"
q_0040,train,country_comparison_month,stock_code_grain,False,False,False,False,[],"{""year_month"": ""2011-11"", ""month_label"": ""November 2011"", ""country_a"": ""Germany"", ""country_b"": ""France"", ""country_a_net_revenue"": 25987.01, ""country_b_net_revenue"": 30638.12, ""higher_country"": ""France"", ""lower_country"": ""Germany"", ""revenue_delta"": 4651.11, ""currency"": ""GBP""}","{""year_month"": ""2011-11"", ""month_label"": ""November 2011"", ""country_a"": ""Germany"", ""country_b"": ""France"", ""country_a_net_revenue"": 25987.01, ""country_b_net_revenue"": 30638.12, ""higher_country"": ""France"", ""lower_country"": ""Germany"", ""revenue_delta"": 4651.11, ""currency"": ""GBP""}"
q_0041,train,country_comparison_month,stock_code_grain,False,False,False,False,[],"{""year_month"": ""2011-01"", ""month_label"": ""January 2011"", ""country_a"": ""Netherlands"", ""country_b"": ""EIRE"", ""country_a_net_revenue"": 26611.16, ""country_b_net_revenue"": 21656.52, ""higher_country"": ""Netherlands"", ""lower_country"": ""EIRE"", ""revenue_delta"": 4954.64, ""currency"": ""GBP""}","{""year_month"": ""2011-01"", ""month_label"": ""January 2011"", ""country_a"": ""Netherlands"", ""country_b"": ""EIRE"", ""country_a_net_revenue"": 26611.16, ""country_b_net_revenue"": 21656.52, ""higher_country"": ""Netherlands"", ""lower_country"": ""EIRE"", ""revenue_delta"": 4954.64, ""currency"": ""GBP""}"
q_0042,train,country_comparison_month,stock_code_grain,False,False,False,False,[],"{""year_month"": ""2011-02"", ""month_label"": ""February 2011"", ""country_a"": ""Netherlands"", ""country_b"": ""EIRE"", ""country_a_net_revenue"": 22932.11, ""country_b_net_revenue"": 9629.14, ""higher_country"": ""Netherlands"", ""lower_country"": ""EIRE"", ""revenue_delta"": 13302.97, ""currency"": ""GBP""}","{""year_month"": ""2011-02"", ""month_label"": ""February 2011"", ""country_a"": ""Netherlands"", ""country_b"": ""EIRE"", ""country_a_net_revenue"": 22932.11, ""country_b_net_revenue"": 9629.14, ""higher_country"": ""Netherlands"", ""lower_country"": ""EIRE"", ""revenue_delta"": 13302.97, ""currency"": ""GBP""}"
q_0043,dev,country_comparison_month,stock_code_grain,False,False,False,False,[],"{""year_month"": ""2011-03"", ""month_label"": ""March 2011"", ""country_a"": ""Netherlands"", ""country_b"": ""EIRE"", ""country_a_net_revenue"": 22416.49, ""country_b_net_revenue"": 18783.23, ""higher_country"": ""Netherlands"", ""lower_country"": ""EIRE"", ""revenue_delta"": 3633.26, ""currency"": ""GBP""}","{""year_month"": ""2011-03"", ""month_label"": ""March 2011"", ""country_a"": ""Netherlands"", ""country_b"": ""EIRE"", ""country_a_net_revenue"": 22416.49, ""country_b_net_revenue"": 18783.23, ""higher_country"": ""Netherlands"", ""lower_country"": ""EIRE"", ""revenue_delta"": 3633.26, ""currency"": ""GBP""}"
q_0044,test,country_comparison_month,stock_code_grain,False,False,False,False,[],"{""year_month"": ""2011-04"", ""month_label"": ""April 2011"", ""country_a"": ""Netherlands"", ""country_b"": ""EIRE"", ""country_a_net_revenue"": 2976.56, ""country_b_net_revenue"": 7570.5, ""higher_country"": ""EIRE"", ""lower_country"": ""Netherlands"", ""revenue_delta"": 4593.94, ""currency"": ""GBP""}","{""year_month"": ""2011-04"", ""month_label"": ""April 2011"", ""country_a"": ""Netherlands"", ""country_b"": ""EIRE"", ""country_a_net_revenue"": 2976.56, ""country_b_net_revenue"": 7570.5, ""higher_country"": ""EIRE"", ""lower_country"": ""Netherlands"", ""revenue_delta"": 4593.94, ""currency"": ""GBP""}"
q_0045,train,country_comparison_month,stock_code_grain,False,False,False,False,[],"{""year_month"": ""2011-05"", ""month_label"": ""May 2011"", ""country_a"": ""Netherlands"", ""country_b"": ""EIRE"", ""country_a_net_revenue"": 29185.88, ""country_b_net_revenue"": 17916.31, ""higher_country"": ""Netherlands"", ""lower_country"": ""EIRE"", ""revenue_delta"": 11269.57, ""currency"": ""GBP""}","{""year_month"": ""2011-05"", ""month_label"": ""May 2011"", ""country_a"": ""Netherlands"", ""country_b"": ""EIRE"", ""country_a_net_revenue"": 29185.88, ""country_b_net_revenue"": 17916.31, ""higher_country"": ""Netherlands"", ""lower_country"": ""EIRE"", ""revenue_delta"": 11269.57, ""currency"": ""GBP""}"
q_0046,train,country_comparison_month,stock_code_grain,False,False,False,False,[],"{""year_month"": ""2011-06"", ""month_label"": ""June 2011"", ""country_a"": ""Netherlands"", ""country_b"": ""EIRE"", ""country_a_net_revenue"": 26843.09, ""country_b_net_revenue"": 20090.25, ""higher_country"": ""Netherlands"", ""lower_country"": ""EIRE"", ""revenue_delta"": 6752.84, ""currency"": ""GBP""}","{""year_month"": ""2011-06"", ""month_label"": ""June 2011"", ""country_a"": ""Netherlands"", ""country_b"": ""EIRE"", ""country_a_net_revenue"": 26843.09, ""country_b_net_revenue"": 20090.25, ""higher_country"": ""Netherlands"", ""lower_country"": ""EIRE"", ""revenue_delta"": 6752.84, ""currency"": ""GBP""}"
q_0047,train,country_comparison_month,stock_code_grain,False,False,False,False,[],"{""year_month"": ""2011-07"", ""month_label"": ""July 2011"", ""country_a"": ""Netherlands"", ""country_b"": ""EIRE"", ""country_a_net_revenue"": 26.02, ""country_b_net_revenue"": 42689.65, ""higher_country"": ""EIRE"", ""lower_country"": ""Netherlands"", ""revenue_delta"": 42663.63, ""currency"": ""GBP""}","{""year_month"": ""2011-07"", ""month_label"": ""July 2011"", ""country_a"": ""Netherlands"", ""country_b"": ""EIRE"", ""country_a_net_revenue"": 26.02, ""country_b_net_revenue"": 42689.65, ""higher_country"": ""EIRE"", ""lower_country"": ""Netherlands"", ""revenue_delta"": 42663.63, ""currency"": ""GBP""}"
q_0048,dev,country_comparison_month,stock_code_grain,False,False,False,False,[],"{""year_month"": ""2011-08"", ""month_label"": ""August 2011"", ""country_a"": ""Netherlands"", ""country_b"": ""EIRE"", ""country_a_net_revenue"": 39655.81, ""country_b_net_revenue"": 12147.92, ""higher_country"": ""Netherlands"", ""lower_country"": ""EIRE"", ""revenue_delta"": 27507.89, ""currency"": ""GBP""}","{""year_month"": ""2011-08"", ""month_label"": ""August 2011"", ""country_a"": ""Netherlands"", ""country_b"": ""EIRE"", ""country_a_net_revenue"": 39655.81, ""country_b_net_revenue"": 12147.92, ""higher_country"": ""Netherlands"", ""lower_country"": ""EIRE"", ""revenue_delta"": 27507.89, ""currency"": ""GBP""}"
q_0049,test,country_comparison_month,stock_code_grain,False,False,False,False,[],"{""year_month"": ""2011-09"", ""month_label"": ""September 2011"", ""country_a"": ""Netherlands"", ""country_b"": ""EIRE"", ""country_a_net_revenue"": 26937.26, ""country_b_net_revenue"": 42476.2, ""higher_country"": ""EIRE"", ""lower_country"": ""Netherlands"", ""revenue_delta"": 15538.94, ""currency"": ""GBP""}","{""year_month"": ""2011-09"", ""month_label"": ""September 2011"", ""country_a"": ""Netherlands"", ""country_b"": ""EIRE"", ""country_a_net_revenue"": 26937.26, ""country_b_net_revenue"": 42476.2, ""higher_country"": ""EIRE"", ""lower_country"": ""Netherlands"", ""revenue_delta"": 15538.94, ""currency"": ""GBP""}"
q_0050,train,monthly_revenue_change,stock_code_grain,False,False,False,False,[],"{""previous_month"": ""2011-01"", ""current_month"": ""2011-02"", ""previous_month_label"": ""January 2011"", ""current_month_label"": ""February 2011"", ""previous_net_revenue"": 558448.56, ""current_net_revenue"": 497026.41, ""absolute_change"": -61422.15, ""percent_change"": -11.0, ""direction"": ""decrease"", ""currency"": ""GBP""}","{""previous_month"": ""2011-01"", ""current_month"": ""2011-02"", ""previous_month_label"": ""January 2011"", ""current_month_label"": ""February 2011"", ""previous_net_revenue"": 558448.56, ""current_net_revenue"": 497026.41, ""absolute_change"": -61422.15, ""percent_change"": -11.0, ""direction"": ""decrease"", ""currency"": ""GBP""}"
q_0051,train,monthly_revenue_change,stock_code_grain,False,False,False,False,[],"{""previous_month"": ""2011-02"", ""current_month"": ""2011-03"", ""previous_month_label"": ""February 2011"", ""current_month_label"": ""March 2011"", ""previous_net_revenue"": 497026.41, ""current_net_revenue"": 682013.98, ""absolute_change"": 184987.57, ""percent_change"": 37.22, ""direction"": ""increase"", ""currency"": ""GBP""}","{""previous_month"": ""2011-02"", ""current_month"": ""2011-03"", ""previous_month_label"": ""February 2011"", ""current_month_label"": ""March 2011"", ""previous_net_revenue"": 497026.41, ""current_net_revenue"": 682013.98, ""absolute_change"": 184987.57, ""percent_change"": 37.22, ""direction"": ""increase"", ""currency"": ""GBP""}"
q_0052,train,monthly_revenue_change,stock_code_grain,False,False,False,False,[],"{""previous_month"": ""2011-03"", ""current_month"": ""2011-04"", ""previous_month_label"": ""March 2011"", ""current_month_label"": ""April 2011"", ""previous_net_revenue"": 682013.98, ""current_net_revenue"": 492367.84, ""absolute_change"": -189646.14, ""percent_change"": -27.81, ""direction"": ""decrease"", ""currency"": ""GBP""}","{""previous_month"": ""2011-03"", ""current_month"": ""2011-04"", ""previous_month_label"": ""March 2011"", ""current_month_label"": ""April 2011"", ""previous_net_revenue"": 682013.98, ""current_net_revenue"": 492367.84, ""absolute_change"": -189646.14, ""percent_change"": -27.81, ""direction"": ""decrease"", ""currency"": ""GBP""}"
q_0053,dev,monthly_revenue_change,stock_code_grain,False,False,False,False,[],"{""previous_month"": ""2011-04"", ""current_month"": ""2011-05"", ""previous_month_label"": ""April 2011"", ""current_month_label"": ""May 2011"", ""previous_net_revenue"": 492367.84, ""current_net_revenue"": 722094.1, ""absolute_change"": 229726.26, ""percent_change"": 46.66, ""direction"": ""increase"", ""currency"": ""GBP""}","{""previous_month"": ""2011-04"", ""current_month"": ""2011-05"", ""previous_month_label"": ""April 2011"", ""current_month_label"": ""May 2011"", ""previous_net_revenue"": 492367.84, ""current_net_revenue"": 722094.1, ""absolute_change"": 229726.26, ""percent_change"": 46.66, ""direction"": ""increase"", ""currency"": ""GBP""}"
q_0054,test,monthly_revenue_change,stock_code_grain,False,False,False,False,[],"{""previous_month"": ""2011-05"", ""current_month"": ""2011-06"", ""previous_month_label"": ""May 2011"", ""current_month_label"": ""June 2011"", ""previous_net_revenue"": 722094.1, ""current_net_revenue"": 689977.23, ""absolute_change"": -32116.87, ""percent_change"": -4.45, ""direction"": ""decrease"", ""currency"": ""GBP""}","{""previous_month"": ""2011-05"", ""current_month"": ""2011-06"", ""previous_month_label"": ""May 2011"", ""current_month_label"": ""June 2011"", ""previous_net_revenue"": 722094.1, ""current_net_revenue"": 689977.23, ""absolute_change"": -32116.87, ""percent_change"": -4.45, ""direction"": ""decrease"", ""currency"": ""GBP""}"
q_0055,train,monthly_revenue_change,stock_code_grain,False,False,False,False,[],"{""previous_month"": ""2011-06"", ""current_month"": ""2011-07"", ""previous_month_label"": ""June 2011"", ""current_month_label"": ""July 2011"", ""previous_net_revenue"": 689977.23, ""current_net_revenue"": 680156.99, ""absolute_change"": -9820.24, ""percent_change"": -1.42, ""direction"": ""decrease"", ""currency"": ""GBP""}","{""previous_month"": ""2011-06"", ""current_month"": ""2011-07"", ""previous_month_label"": ""June 2011"", ""current_month_label"": ""July 2011"", ""previous_net_revenue"": 689977.23, ""current_net_revenue"": 680156.99, ""absolute_change"": -9820.24, ""percent_change"": -1.42, ""direction"": ""decrease"", ""currency"": ""GBP""}"
q_0056,train,monthly_revenue_change,stock_code_grain,False,False,False,False,[],"{""previous_month"": ""2011-07"", ""current_month"": ""2011-08"", ""previous_month_label"": ""July 2011"", ""current_month_label"": ""August 2011"", ""previous_net_revenue"": 680156.99, ""current_net_revenue"": 703510.58, ""absolute_change"": 23353.59, ""percent_change"": 3.43, ""direction"": ""increase"", ""currency"": ""GBP""}","{""previous_month"": ""2011-07"", ""current_month"": ""2011-08"", ""previous_month_label"": ""July 2011"", ""current_month_label"": ""August 2011"", ""previous_net_revenue"": 680156.99, ""current_net_revenue"": 703510.58, ""absolute_change"": 23353.59, ""percent_change"": 3.43, ""direction"": ""increase"", ""currency"": ""GBP""}"
q_0057,train,monthly_revenue_change,stock_code_grain,False,False,False,False,[],"{""previous_month"": ""2011-08"", ""current_month"": ""2011-09"", ""previous_month_label"": ""August 2011"", ""current_month_label"": ""September 2011"", ""previous_net_revenue"": 703510.58, ""current_net_revenue"": 1017596.68, ""absolute_change"": 314086.1, ""percent_change"": 44.65, ""direction"": ""increase"", ""currency"": ""GBP""}","{""previous_month"": ""2011-08"", ""current_month"": ""2011-09"", ""previous_month_label"": ""August 2011"", ""current_month_label"": ""September 2011"", ""previous_net_revenue"": 703510.58, ""current_net_revenue"": 1017596.68, ""absolute_change"": 314086.1, ""percent_change"": 44.65, ""direction"": ""increase"", ""currency"": ""GBP""}"
q_0058,dev,monthly_revenue_change,stock_code_grain,False,False,False,False,[],"{""previous_month"": ""2011-09"", ""current_month"": ""2011-10"", ""previous_month_label"": ""September 2011"", ""current_month_label"": ""October 2011"", ""previous_net_revenue"": 1017596.68, ""current_net_revenue"": 1069368.23, ""absolute_change"": 51771.55, ""percent_change"": 5.09, ""direction"": ""increase"", ""currency"": ""GBP""}","{""previous_month"": ""2011-09"", ""current_month"": ""2011-10"", ""previous_month_label"": ""September 2011"", ""current_month_label"": ""October 2011"", ""previous_net_revenue"": 1017596.68, ""current_net_revenue"": 1069368.23, ""absolute_change"": 51771.55, ""percent_change"": 5.09, ""direction"": ""increase"", ""currency"": ""GBP""}"
q_0059,test,monthly_revenue_change,stock_code_grain,False,False,False,False,[],"{""previous_month"": ""2011-10"", ""current_month"": ""2011-11"", ""previous_month_label"": ""October 2011"", ""current_month_label"": ""November 2011"", ""previous_net_revenue"": 1069368.23, ""current_net_revenue"": 1456145.8, ""absolute_change"": 386777.57, ""percent_change"": 36.17, ""direction"": ""increase"", ""currency"": ""GBP""}","{""previous_month"": ""2011-10"", ""current_month"": ""2011-11"", ""previous_month_label"": ""October 2011"", ""current_month_label"": ""November 2011"", ""previous_net_revenue"": 1069368.23, ""current_net_revenue"": 1456145.8, ""absolute_change"": 386777.57, ""percent_change"": 36.17, ""direction"": ""increase"", ""currency"": ""GBP""}"
q_0060,train,top3_products_month,stock_code_grain,False,False,False,False,[],"{""year_month"": ""2010-12"", ""month_label"": ""December 2010"", ""top_products"": [{""rank"": 1, ""stock_code"": ""22423"", ""description"": ""REGENCY CAKESTAND 3 TIER"", ""merchandise_net_revenue"": 26722.16}, {""rank"": 2, ""stock_code"": ""84029E"", ""description"": ""RED WOOLLY HOTTIE WHITE HEART."", ""merchandise_net_revenue"": 9291.73}, {""rank"": 3, ""stock_code"": ""22086"", ""description"": ""PAPER CHAIN KIT 50'S CHRISTMAS"", ""merchandise_net_revenue"": 9187.45}], ""currency"": ""GBP""}","{""year_month"": ""2010-12"", ""month_label"": ""December 2010"", ""top_products"": [{""rank"": 1, ""stock_code"": ""22423"", ""description"": ""REGENCY CAKESTAND 3 TIER"", ""merchandise_net_revenue"": 26722.16}, {""rank"": 2, ""stock_code"": ""84029E"", ""description"": ""RED WOOLLY HOTTIE WHITE HEART."", ""merchandise_net_revenue"": 9291.73}, {""rank"": 3, ""stock_code"": ""22086"", ""description"": ""PAPER CHAIN KIT 50'S CHRISTMAS"", ""merchandise_net_revenue"": 9187.45}], ""currency"": ""GBP""}"
q_0061,train,top3_products_month,stock_code_grain,False,False,False,False,[],"{""year_month"": ""2011-01"", ""month_label"": ""January 2011"", ""top_products"": [{""rank"": 1, ""stock_code"": ""85123A"", ""description"": ""WHITE HANGING HEART T-LIGHT HOLDER"", ""merchandise_net_revenue"": 15174.26}, {""rank"": 2, ""stock_code"": ""22423"", ""description"": ""REGENCY CAKESTAND 3 TIER"", ""merchandise_net_revenue"": 11742.5}, {""rank"": 3, ""stock_code"": ""21108"", ""description"": ""FAIRY CAKE FLANNEL ASSORTED COLOUR"", ""merchandise_net_revenue"": 6870.41}], ""currency"": ""GBP""}","{""year_month"": ""2011-01"", ""month_label"": ""January 2011"", ""top_products"": [{""rank"": 1, ""stock_code"": ""85123A"", ""description"": ""WHITE HANGING HEART T-LIGHT HOLDER"", ""merchandise_net_revenue"": 15174.26}, {""rank"": 2, ""stock_code"": ""22423"", ""description"": ""REGENCY CAKESTAND 3 TIER"", ""merchandise_net_revenue"": 11742.5}, {""rank"": 3, ""stock_code"": ""21108"", ""description"": ""FAIRY CAKE FLANNEL ASSORTED COLOUR"", ""merchandise_net_revenue"": 6870.41}], ""currency"": ""GBP""}"
q_0062,train,top3_products_month,stock_code_grain,False,False,False,False,[],"{""year_month"": ""2011-02"", ""month_label"": ""February 2011"", ""top_products"": [{""rank"": 1, ""stock_code"": ""22423"", ""description"": ""REGENCY CAKESTAND 3 TIER"", ""merchandise_net_revenue"": 10491.54}, {""rank"": 2, ""stock_code"": ""21623"", ""description"": ""VINTAGE UNION JACK MEMOBOARD"", ""merchandise_net_revenue"": 6810.39}, {""rank"": 3, ""stock_code"": ""85099B"", ""description"": ""JUMBO BAG RED RETROSPOT"", ""merchandise_net_revenue"": 5613.64}], ""currency"": ""GBP""}","{""year_month"": ""2011-02"", ""month_label"": ""February 2011"", ""top_products"": [{""rank"": 1, ""stock_code"": ""22423"", ""description"": ""REGENCY CAKESTAND 3 TIER"", ""merchandise_net_revenue"": 10491.54}, {""rank"": 2, ""stock_code"": ""21623"", ""description"": ""VINTAGE UNION JACK MEMOBOARD"", ""merchandise_net_revenue"": 6810.39}, {""rank"": 3, ""stock_code"": ""85099B"", ""description"": ""JUMBO BAG RED RETROSPOT"", ""merchandise_net_revenue"": 5613.64}], ""currency"": ""GBP""}"
q_0063,dev,top3_products_month,stock_code_grain,False,False,False,False,[],"{""year_month"": ""2011-03"", ""month_label"": ""March 2011"", ""top_products"": [{""rank"": 1, ""stock_code"": ""22423"", ""description"": ""REGENCY CAKESTAND 3 TIER"", ""merchandise_net_revenue"": 16817.85}, {""rank"": 2, ""stock_code"": ""85099B"", ""description"": ""JUMBO BAG RED RETROSPOT"", ""merchandise_net_revenue"": 10116.43}, {""rank"": 3, ""stock_code"": ""47566"", ""description"": ""PARTY BUNTING"", ""merchandise_net_revenue"": 9098.27}], ""currency"": ""GBP""}","{""year_month"": ""2011-03"", ""month_label"": ""March 2011"", ""top_products"": [{""rank"": 1, ""stock_code"": ""22423"", ""description"": ""REGENCY CAKESTAND 3 TIER"", ""merchandise_net_revenue"": 16817.85}, {""rank"": 2, ""stock_code"": ""85099B"", ""description"": ""JUMBO BAG RED RETROSPOT"", ""merchandise_net_revenue"": 10116.43}, {""rank"": 3, ""stock_code"": ""47566"", ""description"": ""PARTY BUNTING"", ""merchandise_net_revenue"": 9098.27}], ""currency"": ""GBP""}"
q_0064,test,top3_products_month,stock_code_grain,False,False,False,False,[],"{""year_month"": ""2011-04"", ""month_label"": ""April 2011"", ""top_products"": [{""rank"": 1, ""stock_code"": ""22423"", ""description"": ""REGENCY CAKESTAND 3 TIER"", ""merchandise_net_revenue"": 14280.9}, {""rank"": 2, ""stock_code"": ""47566"", ""description"": ""PARTY BUNTING"", ""merchandise_net_revenue"": 10323.87}, {""rank"": 3, ""stock_code"": ""22084"", ""description"": ""PAPER CHAIN KIT EMPIRE"", ""merchandise_net_revenue"": 6619.51}], ""currency"": ""GBP""}","{""year_month"": ""2011-04"", ""month_label"": ""April 2011"", ""top_products"": [{""rank"": 1, ""stock_code"": ""22423"", ""description"": ""REGENCY CAKESTAND 3 TIER"", ""merchandise_net_revenue"": 14280.9}, {""rank"": 2, ""stock_code"": ""47566"", ""description"": ""PARTY BUNTING"", ""merchandise_net_revenue"": 10323.87}, {""rank"": 3, ""stock_code"": ""22084"", ""description"": ""PAPER CHAIN KIT EMPIRE"", ""merchandise_net_revenue"": 6619.51}], ""currency"": ""GBP""}"
q_0065,train,top3_products_month,stock_code_grain,False,False,False,False,[],"{""year_month"": ""2011-05"", ""month_label"": ""May 2011"", ""top_products"": [{""rank"": 1, ""stock_code"": ""47566"", ""description"": ""PARTY BUNTING"", ""merchandise_net_revenue"": 19093.3}, {""rank"": 2, ""stock_code"": ""22423"", ""description"": ""REGENCY CAKESTAND 3 TIER"", ""merchandise_net_revenue"": 12217.27}, {""rank"": 3, ""stock_code"": ""85123A"", ""description"": ""WHITE HANGING HEART T-LIGHT HOLDER"", ""merchandise_net_revenue"": 11172.17}], ""currency"": ""GBP""}","{""year_month"": ""2011-05"", ""month_label"": ""May 2011"", ""top_products"": [{""rank"": 1, ""stock_code"": ""47566"", ""description"": ""PARTY BUNTING"", ""merchandise_net_revenue"": 19093.3}, {""rank"": 2, ""stock_code"": ""22423"", ""description"": ""REGENCY CAKESTAND 3 TIER"", ""merchandise_net_revenue"": 12217.27}, {""rank"": 3, ""stock_code"": ""85123A"", ""description"": ""WHITE HANGING HEART T-LIGHT HOLDER"", ""merchandise_net_revenue"": 11172.17}], ""currency"": ""GBP""}"
q_0066,train,top3_products_month,stock_code_grain,True,True,False,False,"[{""field"": ""top_products[0].description"", ""old"": ""PICNIC BASKET WICKER 60 PIECES"", ""new"": ""PICNIC BASKET WICKER SMALL"", ""kind"": ""categorical""}, {""field"": ""top_products[0].merchandise_net_revenue"", ""old"": 39619.5, ""new"": 40298.1, ""kind"": ""numeric""}]","{""year_month"": ""2011-06"", ""month_label"": ""June 2011"", ""top_products"": [{""rank"": 1, ""stock_code"": ""22502"", ""description"": ""PICNIC BASKET WICKER 60 PIECES"", ""merchandise_net_revenue"": 39619.5}, {""rank"": 2, ""stock_code"": ""47566"", ""description"": ""PARTY BUNTING"", ""merchandise_net_revenue"": 12452.17}, {""rank"": 3, ""stock_code"": ""22423"", ""description"": ""REGENCY CAKESTAND 3 TIER"", ""merchandise_net_revenue"": 9453.64}], ""currency"": ""GBP""}","{""year_month"": ""2011-06"", ""month_label"": ""June 2011"", ""top_products"": [{""rank"": 1, ""stock_code"": ""22502"", ""description"": ""PICNIC BASKET WICKER SMALL"", ""merchandise_net_revenue"": 40298.1}, {""rank"": 2, ""stock_code"": ""47566"", ""description"": ""PARTY BUNTING"", ""merchandise_net_revenue"": 12452.17}, {""rank"": 3, ""stock_code"": ""22423"", ""description"": ""REGENCY CAKESTAND 3 TIER"", ""merchandise_net_revenue"": 9453.64}], ""currency"": ""GBP""}"
q_0067,train,top3_products_month,stock_code_grain,False,False,False,False,[],"{""year_month"": ""2011-07"", ""month_label"": ""July 2011"", ""top_products"": [{""rank"": 1, ""stock_code"": ""47566"", ""description"": ""PARTY BUNTING"", ""merchandise_net_revenue"": 14576.5}, {""rank"": 2, ""stock_code"": ""22423"", ""description"": ""REGENCY CAKESTAND 3 TIER"", ""merchandise_net_revenue"": 13726.56}, {""rank"": 3, ""stock_code"": ""85123A"", ""description"": ""WHITE HANGING HEART T-LIGHT HOLDER"", ""merchandise_net_revenue"": 8474.61}], ""currency"": ""GBP""}","{""year_month"": ""2011-07"", ""month_label"": ""July 2011"", ""top_products"": [{""rank"": 1, ""stock_code"": ""47566"", ""description"": ""PARTY BUNTING"", ""merchandise_net_revenue"": 14576.5}, {""rank"": 2, ""stock_code"": ""22423"", ""description"": ""REGENCY CAKESTAND 3 TIER"", ""merchandise_net_revenue"": 13726.56}, {""rank"": 3, ""stock_code"": ""85123A"", ""description"": ""WHITE HANGING HEART T-LIGHT HOLDER"", ""merchandise_net_revenue"": 8474.61}], ""currency"": ""GBP""}"
q_0068,dev,top3_products_month,stock_code_grain,False,False,False,False,[],"{""year_month"": ""2011-08"", ""month_label"": ""August 2011"", ""top_products"": [{""rank"": 1, ""stock_code"": ""85099B"", ""description"": ""JUMBO BAG RED RETROSPOT"", ""merchandise_net_revenue"": 10441.77}, {""rank"": 2, ""stock_code"": ""84879"", ""description"": ""ASSORTED COLOUR BIRD ORNAMENT"", ""merchandise_net_revenue"": 9867.04}, {""rank"": 3, ""stock_code"": ""47566"", ""description"": ""PARTY BUNTING"", ""merchandise_net_revenue"": 9655.25}], ""currency"": ""GBP""}","{""year_month"": ""2011-08"", ""month_label"": ""August 2011"", ""top_products"": [{""rank"": 1, ""stock_code"": ""85099B"", ""description"": ""JUMBO BAG RED RETROSPOT"", ""merchandise_net_revenue"": 10441.77}, {""rank"": 2, ""stock_code"": ""84879"", ""description"": ""ASSORTED COLOUR BIRD ORNAMENT"", ""merchandise_net_revenue"": 9867.04}, {""rank"": 3, ""stock_code"": ""47566"", ""description"": ""PARTY BUNTING"", ""merchandise_net_revenue"": 9655.25}], ""currency"": ""GBP""}"
q_0069,test,top3_products_month,stock_code_grain,False,False,False,False,[],"{""year_month"": ""2011-09"", ""month_label"": ""September 2011"", ""top_products"": [{""rank"": 1, ""stock_code"": ""23243"", ""description"": ""SET OF TEA COFFEE SUGAR TINS PANTRY"", ""merchandise_net_revenue"": 9971.51}, {""rank"": 2, ""stock_code"": ""22423"", ""description"": ""REGENCY CAKESTAND 3 TIER"", ""merchandise_net_revenue"": 9315.03}, {""rank"": 3, ""stock_code"": ""85099B"", ""description"": ""JUMBO BAG RED RETROSPOT"", ""merchandise_net_revenue"": 8630.45}], ""currency"": ""GBP""}","{""year_month"": ""2011-09"", ""month_label"": ""September 2011"", ""top_products"": [{""rank"": 1, ""stock_code"": ""23243"", ""description"": ""SET OF TEA COFFEE SUGAR TINS PANTRY"", ""merchandise_net_revenue"": 9971.51}, {""rank"": 2, ""stock_code"": ""22423"", ""description"": ""REGENCY CAKESTAND 3 TIER"", ""merchandise_net_revenue"": 9315.03}, {""rank"": 3, ""stock_code"": ""85099B"", ""description"": ""JUMBO BAG RED RETROSPOT"", ""merchandise_net_revenue"": 8630.45}], ""currency"": ""GBP""}"
q_0070,train,top3_products_month,stock_code_grain,False,False,False,False,[],"{""year_month"": ""2011-10"", ""month_label"": ""October 2011"", ""top_products"": [{""rank"": 1, ""stock_code"": ""22423"", ""description"": ""REGENCY CAKESTAND 3 TIER"", ""merchandise_net_revenue"": 12635.34}, {""rank"": 2, ""stock_code"": ""23084"", ""description"": ""RABBIT NIGHT LIGHT"", ""merchandise_net_revenue"": 12249.71}, {""rank"": 3, ""stock_code"": ""23284"", ""description"": ""DOORMAT KEEP CALM AND COME IN"", ""merchandise_net_revenue"": 10103.7}], ""currency"": ""GBP""}","{""year_month"": ""2011-10"", ""month_label"": ""October 2011"", ""top_products"": [{""rank"": 1, ""stock_code"": ""22423"", ""description"": ""REGENCY CAKESTAND 3 TIER"", ""merchandise_net_revenue"": 12635.34}, {""rank"": 2, ""stock_code"": ""23084"", ""description"": ""RABBIT NIGHT LIGHT"", ""merchandise_net_revenue"": 12249.71}, {""rank"": 3, ""stock_code"": ""23284"", ""description"": ""DOORMAT KEEP CALM AND COME IN"", ""merchandise_net_revenue"": 10103.7}], ""currency"": ""GBP""}"
q_0071,train,top3_products_month,stock_code_grain,False,False,False,False,[],"{""year_month"": ""2011-11"", ""month_label"": ""November 2011"", ""top_products"": [{""rank"": 1, ""stock_code"": ""23084"", ""description"": ""RABBIT NIGHT LIGHT"", ""merchandise_net_revenue"": 34343.77}, {""rank"": 2, ""stock_code"": ""22086"", ""description"": ""PAPER CHAIN KIT 50'S CHRISTMAS"", ""merchandise_net_revenue"": 28853.54}, {""rank"": 3, ""stock_code"": ""85123A"", ""description"": ""WHITE HANGING HEART T-LIGHT HOLDER"", ""merchandise_net_revenue"": 14113.9}], ""currency"": ""GBP""}","{""year_month"": ""2011-11"", ""month_label"": ""November 2011"", ""top_products"": [{""rank"": 1, ""stock_code"": ""23084"", ""description"": ""RABBIT NIGHT LIGHT"", ""merchandise_net_revenue"": 34343.77}, {""rank"": 2, ""stock_code"": ""22086"", ""description"": ""PAPER CHAIN KIT 50'S CHRISTMAS"", ""merchandise_net_revenue"": 28853.54}, {""rank"": 3, ""stock_code"": ""85123A"", ""description"": ""WHITE HANGING HEART T-LIGHT HOLDER"", ""merchandise_net_revenue"": 14113.9}], ""currency"": ""GBP""}"
q_0072,train,top3_products_month,stock_code_grain,False,False,False,False,[],"{""year_month"": ""2011-12"", ""month_label"": ""December 2011"", ""top_products"": [{""rank"": 1, ""stock_code"": ""23084"", ""description"": ""RABBIT NIGHT LIGHT"", ""merchandise_net_revenue"": 9603.45}, {""rank"": 2, ""stock_code"": ""22086"", ""description"": ""PAPER CHAIN KIT 50'S CHRISTMAS"", ""merchandise_net_revenue"": 6867.76}, {""rank"": 3, ""stock_code"": ""22423"", ""description"": ""REGENCY CAKESTAND 3 TIER"", ""merchandise_net_revenue"": 5890.17}], ""currency"": ""GBP""}","{""year_month"": ""2011-12"", ""month_label"": ""December 2011"", ""top_products"": [{""rank"": 1, ""stock_code"": ""23084"", ""description"": ""RABBIT NIGHT LIGHT"", ""merchandise_net_revenue"": 9603.45}, {""rank"": 2, ""stock_code"": ""22086"", ""description"": ""PAPER CHAIN KIT 50'S CHRISTMAS"", ""merchandise_net_revenue"": 6867.76}, {""rank"": 3, ""stock_code"": ""22423"", ""description"": ""REGENCY CAKESTAND 3 TIER"", ""merchandise_net_revenue"": 5890.17}], ""currency"": ""GBP""}"
q_0073,train,product_revenue_share_month,stock_code_grain,False,False,False,False,[],"{""year_month"": ""2011-01"", ""month_label"": ""January 2011"", ""top_n"": 1, ""top_products"": [{""rank"": 1, ""stock_code"": ""85123A"", ""description"": ""WHITE HANGING HEART T-LIGHT HOLDER"", ""merchandise_net_revenue"": 15174.26}], ""numerator_merchandise_net_revenue"": 15174.26, ""total_merchandise_net_revenue"": 578914.41, ""share_percent"": 2.62, ""currency"": ""GBP""}","{""year_month"": ""2011-01"", ""month_label"": ""January 2011"", ""top_n"": 1, ""top_products"": [{""rank"": 1, ""stock_code"": ""85123A"", ""description"": ""WHITE HANGING HEART T-LIGHT HOLDER"", ""merchandise_net_revenue"": 15174.26}], ""numerator_merchandise_net_revenue"": 15174.26, ""total_merchandise_net_revenue"": 578914.41, ""share_percent"": 2.62, ""currency"": ""GBP""}"
q_0074,train,product_revenue_share_month,stock_code_grain,False,False,False,False,[],"{""year_month"": ""2011-02"", ""month_label"": ""February 2011"", ""top_n"": 1, ""top_products"": [{""rank"": 1, ""stock_code"": ""22423"", ""description"": ""REGENCY CAKESTAND 3 TIER"", ""merchandise_net_revenue"": 10491.54}], ""numerator_merchandise_net_revenue"": 10491.54, ""total_merchandise_net_revenue"": 499514.57, ""share_percent"": 2.1, ""currency"": ""GBP""}","{""year_month"": ""2011-02"", ""month_label"": ""February 2011"", ""top_n"": 1, ""top_products"": [{""rank"": 1, ""stock_code"": ""22423"", ""description"": ""REGENCY CAKESTAND 3 TIER"", ""merchandise_net_revenue"": 10491.54}], ""numerator_merchandise_net_revenue"": 10491.54, ""total_merchandise_net_revenue"": 499514.57, ""share_percent"": 2.1, ""currency"": ""GBP""}"
q_0075,train,product_revenue_share_month,stock_code_grain,False,False,False,False,[],"{""year_month"": ""2011-03"", ""month_label"": ""March 2011"", ""top_n"": 1, ""top_products"": [{""rank"": 1, ""stock_code"": ""22423"", ""description"": ""REGENCY CAKESTAND 3 TIER"", ""merchandise_net_revenue"": 16817.85}], ""numerator_merchandise_net_revenue"": 16817.85, ""total_merchandise_net_revenue"": 679212.52, ""share_percent"": 2.48, ""currency"": ""GBP""}","{""year_month"": ""2011-03"", ""month_label"": ""March 2011"", ""top_n"": 1, ""top_products"": [{""rank"": 1, ""stock_code"": ""22423"", ""description"": ""REGENCY CAKESTAND 3 TIER"", ""merchandise_net_revenue"": 16817.85}], ""numerator_merchandise_net_revenue"": 16817.85, ""total_merchandise_net_revenue"": 679212.52, ""share_percent"": 2.48, ""currency"": ""GBP""}"
q_0076,dev,product_revenue_share_month,stock_code_grain,False,False,False,False,[],"{""year_month"": ""2011-04"", ""month_label"": ""April 2011"", ""top_n"": 1, ""top_products"": [{""rank"": 1, ""stock_code"": ""22423"", ""description"": ""REGENCY CAKESTAND 3 TIER"", ""merchandise_net_revenue"": 14280.9}], ""numerator_merchandise_net_revenue"": 14280.9, ""total_merchandise_net_revenue"": 482147.02, ""share_percent"": 2.96, ""currency"": ""GBP""}","{""year_month"": ""2011-04"", ""month_label"": ""April 2011"", ""top_n"": 1, ""top_products"": [{""rank"": 1, ""stock_code"": ""22423"", ""description"": ""REGENCY CAKESTAND 3 TIER"", ""merchandise_net_revenue"": 14280.9}], ""numerator_merchandise_net_revenue"": 14280.9, ""total_merchandise_net_revenue"": 482147.02, ""share_percent"": 2.96, ""currency"": ""GBP""}"
q_0077,test,product_revenue_share_month,stock_code_grain,False,False,False,False,[],"{""year_month"": ""2011-05"", ""month_label"": ""May 2011"", ""top_n"": 1, ""top_products"": [{""rank"": 1, ""stock_code"": ""47566"", ""description"": ""PARTY BUNTING"", ""merchandise_net_revenue"": 19093.3}], ""numerator_merchandise_net_revenue"": 19093.3, ""total_merchandise_net_revenue"": 731051.91, ""share_percent"": 2.61, ""currency"": ""GBP""}","{""year_month"": ""2011-05"", ""month_label"": ""May 2011"", ""top_n"": 1, ""top_products"": [{""rank"": 1, ""stock_code"": ""47566"", ""description"": ""PARTY BUNTING"", ""merchandise_net_revenue"": 19093.3}], ""numerator_merchandise_net_revenue"": 19093.3, ""total_merchandise_net_revenue"": 731051.91, ""share_percent"": 2.61, ""currency"": ""GBP""}"
q_0078,train,product_revenue_share_month,stock_code_grain,True,True,False,False,"[{""field"": ""top_products[0].description"", ""old"": ""PICNIC BASKET WICKER 60 PIECES"", ""new"": ""PICNIC BASKET WICKER SMALL"", ""kind"": ""categorical""}, {""field"": ""top_products[0].merchandise_net_revenue"", ""old"": 39619.5, ""new"": 40298.1, ""kind"": ""numeric""}, {""field"": ""numerator_merchandise_net_revenue"", ""old"": 39619.5, ""new"": 40298.1, ""kind"": ""numeric""}, {""field"": ""share_percent"", ""old"": 5.47, ""new"": 5.57, ""kind"": ""numeric""}]","{""year_month"": ""2011-06"", ""month_label"": ""June 2011"", ""top_n"": 1, ""top_products"": [{""rank"": 1, ""stock_code"": ""22502"", ""description"": ""PICNIC BASKET WICKER 60 PIECES"", ""merchandise_net_revenue"": 39619.5}], ""numerator_merchandise_net_revenue"": 39619.5, ""total_merchandise_net_revenue"": 723970.15, ""share_percent"": 5.47, ""currency"": ""GBP""}","{""year_month"": ""2011-06"", ""month_label"": ""June 2011"", ""top_n"": 1, ""top_products"": [{""rank"": 1, ""stock_code"": ""22502"", ""description"": ""PICNIC BASKET WICKER SMALL"", ""merchandise_net_revenue"": 40298.1}], ""numerator_merchandise_net_revenue"": 40298.1, ""total_merchandise_net_revenue"": 723970.15, ""share_percent"": 5.57, ""currency"": ""GBP""}"
q_0079,train,product_revenue_share_month,stock_code_grain,False,False,False,False,[],"{""year_month"": ""2011-07"", ""month_label"": ""July 2011"", ""top_n"": 1, ""top_products"": [{""rank"": 1, ""stock_code"": ""47566"", ""description"": ""PARTY BUNTING"", ""merchandise_net_revenue"": 14576.5}], ""numerator_merchandise_net_revenue"": 14576.5, ""total_merchandise_net_revenue"": 676770.86, ""share_percent"": 2.15, ""currency"": ""GBP""}","{""year_month"": ""2011-07"", ""month_label"": ""July 2011"", ""top_n"": 1, ""top_products"": [{""rank"": 1, ""stock_code"": ""47566"", ""description"": ""PARTY BUNTING"", ""merchandise_net_revenue"": 14576.5}], ""numerator_merchandise_net_revenue"": 14576.5, ""total_merchandise_net_revenue"": 676770.86, ""share_percent"": 2.15, ""currency"": ""GBP""}"
q_0080,train,product_revenue_share_month,stock_code_grain,False,False,False,False,[],"{""year_month"": ""2011-08"", ""month_label"": ""August 2011"", ""top_n"": 1, ""top_products"": [{""rank"": 1, ""stock_code"": ""85099B"", ""description"": ""JUMBO BAG RED RETROSPOT"", ""merchandise_net_revenue"": 10441.77}], ""numerator_merchandise_net_revenue"": 10441.77, ""total_merchandise_net_revenue"": 701361.85, ""share_percent"": 1.49, ""currency"": ""GBP""}","{""year_month"": ""2011-08"", ""month_label"": ""August 2011"", ""top_n"": 1, ""top_products"": [{""rank"": 1, ""stock_code"": ""85099B"", ""description"": ""JUMBO BAG RED RETROSPOT"", ""merchandise_net_revenue"": 10441.77}], ""numerator_merchandise_net_revenue"": 10441.77, ""total_merchandise_net_revenue"": 701361.85, ""share_percent"": 1.49, ""currency"": ""GBP""}"
q_0081,dev,product_revenue_share_month,stock_code_grain,False,False,False,False,[],"{""year_month"": ""2011-09"", ""month_label"": ""September 2011"", ""top_n"": 1, ""top_products"": [{""rank"": 1, ""stock_code"": ""23243"", ""description"": ""SET OF TEA COFFEE SUGAR TINS PANTRY"", ""merchandise_net_revenue"": 9971.51}], ""numerator_merchandise_net_revenue"": 9971.51, ""total_merchandise_net_revenue"": 1011358.16, ""share_percent"": 0.99, ""currency"": ""GBP""}","{""year_month"": ""2011-09"", ""month_label"": ""September 2011"", ""top_n"": 1, ""top_products"": [{""rank"": 1, ""stock_code"": ""23243"", ""description"": ""SET OF TEA COFFEE SUGAR TINS PANTRY"", ""merchandise_net_revenue"": 9971.51}], ""numerator_merchandise_net_revenue"": 9971.51, ""total_merchandise_net_revenue"": 1011358.16, ""share_percent"": 0.99, ""currency"": ""GBP""}"
q_0082,test,product_revenue_share_month,stock_code_grain,False,False,False,False,[],"{""year_month"": ""2011-10"", ""month_label"": ""October 2011"", ""top_n"": 1, ""top_products"": [{""rank"": 1, ""stock_code"": ""22423"", ""description"": ""REGENCY CAKESTAND 3 TIER"", ""merchandise_net_revenue"": 12635.34}], ""numerator_merchandise_net_revenue"": 12635.34, ""total_merchandise_net_revenue"": 1061714.6, ""share_percent"": 1.19, ""currency"": ""GBP""}","{""year_month"": ""2011-10"", ""month_label"": ""October 2011"", ""top_n"": 1, ""top_products"": [{""rank"": 1, ""stock_code"": ""22423"", ""description"": ""REGENCY CAKESTAND 3 TIER"", ""merchandise_net_revenue"": 12635.34}], ""numerator_merchandise_net_revenue"": 12635.34, ""total_merchandise_net_revenue"": 1061714.6, ""share_percent"": 1.19, ""currency"": ""GBP""}"
q_0083,train,product_revenue_share_month,stock_code_grain,False,False,False,False,[],"{""year_month"": ""2011-11"", ""month_label"": ""November 2011"", ""top_n"": 1, ""top_products"": [{""rank"": 1, ""stock_code"": ""23084"", ""description"": ""RABBIT NIGHT LIGHT"", ""merchandise_net_revenue"": 34343.77}], ""numerator_merchandise_net_revenue"": 34343.77, ""total_merchandise_net_revenue"": 1427121.25, ""share_percent"": 2.41, ""currency"": ""GBP""}","{""year_month"": ""2011-11"", ""month_label"": ""November 2011"", ""top_n"": 1, ""top_products"": [{""rank"": 1, ""stock_code"": ""23084"", ""description"": ""RABBIT NIGHT LIGHT"", ""merchandise_net_revenue"": 34343.77}], ""numerator_merchandise_net_revenue"": 34343.77, ""total_merchandise_net_revenue"": 1427121.25, ""share_percent"": 2.41, ""currency"": ""GBP""}"
q_0084,train,product_revenue_share_month,stock_code_grain,False,False,False,False,[],"{""year_month"": ""2011-01"", ""month_label"": ""January 2011"", ""top_n"": 3, ""top_products"": [{""rank"": 1, ""stock_code"": ""85123A"", ""description"": ""WHITE HANGING HEART T-LIGHT HOLDER"", ""merchandise_net_revenue"": 15174.26}, {""rank"": 2, ""stock_code"": ""22423"", ""description"": ""REGENCY CAKESTAND 3 TIER"", ""merchandise_net_revenue"": 11742.5}, {""rank"": 3, ""stock_code"": ""21108"", ""description"": ""FAIRY CAKE FLANNEL ASSORTED COLOUR"", ""merchandise_net_revenue"": 6870.41}], ""numerator_merchandise_net_revenue"": 33787.17, ""total_merchandise_net_revenue"": 578914.41, ""share_percent"": 5.84, ""currency"": ""GBP""}","{""year_month"": ""2011-01"", ""month_label"": ""January 2011"", ""top_n"": 3, ""top_products"": [{""rank"": 1, ""stock_code"": ""85123A"", ""description"": ""WHITE HANGING HEART T-LIGHT HOLDER"", ""merchandise_net_revenue"": 15174.26}, {""rank"": 2, ""stock_code"": ""22423"", ""description"": ""REGENCY CAKESTAND 3 TIER"", ""merchandise_net_revenue"": 11742.5}, {""rank"": 3, ""stock_code"": ""21108"", ""description"": ""FAIRY CAKE FLANNEL ASSORTED COLOUR"", ""merchandise_net_revenue"": 6870.41}], ""numerator_merchandise_net_revenue"": 33787.17, ""total_merchandise_net_revenue"": 578914.41, ""share_percent"": 5.84, ""currency"": ""GBP""}"
q_0085,train,product_revenue_share_month,stock_code_grain,False,False,False,False,[],"{""year_month"": ""2011-03"", ""month_label"": ""March 2011"", ""top_n"": 3, ""top_products"": [{""rank"": 1, ""stock_code"": ""22423"", ""description"": ""REGENCY CAKESTAND 3 TIER"", ""merchandise_net_revenue"": 16817.85}, {""rank"": 2, ""stock_code"": ""85099B"", ""description"": ""JUMBO BAG RED RETROSPOT"", ""merchandise_net_revenue"": 10116.43}, {""rank"": 3, ""stock_code"": ""47566"", ""description"": ""PARTY BUNTING"", ""merchandise_net_revenue"": 9098.27}], ""numerator_merchandise_net_revenue"": 36032.55, ""total_merchandise_net_revenue"": 679212.52, ""share_percent"": 5.31, ""currency"": ""GBP""}","{""year_month"": ""2011-03"", ""month_label"": ""March 2011"", ""top_n"": 3, ""top_products"": [{""rank"": 1, ""stock_code"": ""22423"", ""description"": ""REGENCY CAKESTAND 3 TIER"", ""merchandise_net_revenue"": 16817.85}, {""rank"": 2, ""stock_code"": ""85099B"", ""description"": ""JUMBO BAG RED RETROSPOT"", ""merchandise_net_revenue"": 10116.43}, {""rank"": 3, ""stock_code"": ""47566"", ""description"": ""PARTY BUNTING"", ""merchandise_net_revenue"": 9098.27}], ""numerator_merchandise_net_revenue"": 36032.55, ""total_merchandise_net_revenue"": 679212.52, ""share_percent"": 5.31, ""currency"": ""GBP""}"
q_0086,dev,product_revenue_share_month,stock_code_grain,True,True,False,False,"[{""field"": ""top_products[0].description"", ""old"": ""PICNIC BASKET WICKER 60 PIECES"", ""new"": ""PICNIC BASKET WICKER SMALL"", ""kind"": ""categorical""}, {""field"": ""top_products[0].merchandise_net_revenue"", ""old"": 39619.5, ""new"": 40298.1, ""kind"": ""numeric""}, {""field"": ""numerator_merchandise_net_revenue"", ""old"": 61525.31, ""new"": 62203.91, ""kind"": ""numeric""}, {""field"": ""share_percent"", ""old"": 8.5, ""new"": 8.59, ""kind"": ""numeric""}]","{""year_month"": ""2011-06"", ""month_label"": ""June 2011"", ""top_n"": 3, ""top_products"": [{""rank"": 1, ""stock_code"": ""22502"", ""description"": ""PICNIC BASKET WICKER 60 PIECES"", ""merchandise_net_revenue"": 39619.5}, {""rank"": 2, ""stock_code"": ""47566"", ""description"": ""PARTY BUNTING"", ""merchandise_net_revenue"": 12452.17}, {""rank"": 3, ""stock_code"": ""22423"", ""description"": ""REGENCY CAKESTAND 3 TIER"", ""merchandise_net_revenue"": 9453.64}], ""numerator_merchandise_net_revenue"": 61525.31, ""total_merchandise_net_revenue"": 723970.15, ""share_percent"": 8.5, ""currency"": ""GBP""}","{""year_month"": ""2011-06"", ""month_label"": ""June 2011"", ""top_n"": 3, ""top_products"": [{""rank"": 1, ""stock_code"": ""22502"", ""description"": ""PICNIC BASKET WICKER SMALL"", ""merchandise_net_revenue"": 40298.1}, {""rank"": 2, ""stock_code"": ""47566"", ""description"": ""PARTY BUNTING"", ""merchandise_net_revenue"": 12452.17}, {""rank"": 3, ""stock_code"": ""22423"", ""description"": ""REGENCY CAKESTAND 3 TIER"", ""merchandise_net_revenue"": 9453.64}], ""numerator_merchandise_net_revenue"": 62203.91, ""total_merchandise_net_revenue"": 723970.15, ""share_percent"": 8.59, ""currency"": ""GBP""}"
q_0087,test,product_revenue_share_month,stock_code_grain,False,False,False,False,[],"{""year_month"": ""2011-09"", ""month_label"": ""September 2011"", ""top_n"": 3, ""top_products"": [{""rank"": 1, ""stock_code"": ""23243"", ""description"": ""SET OF TEA COFFEE SUGAR TINS PANTRY"", ""merchandise_net_revenue"": 9971.51}, {""rank"": 2, ""stock_code"": ""22423"", ""description"": ""REGENCY CAKESTAND 3 TIER"", ""merchandise_net_revenue"": 9315.03}, {""rank"": 3, ""stock_code"": ""85099B"", ""description"": ""JUMBO BAG RED RETROSPOT"", ""merchandise_net_revenue"": 8630.45}], ""numerator_merchandise_net_revenue"": 27916.99, ""total_merchandise_net_revenue"": 1011358.16, ""share_percent"": 2.76, ""currency"": ""GBP""}","{""year_month"": ""2011-09"", ""month_label"": ""September 2011"", ""top_n"": 3, ""top_products"": [{""rank"": 1, ""stock_code"": ""23243"", ""description"": ""SET OF TEA COFFEE SUGAR TINS PANTRY"", ""merchandise_net_revenue"": 9971.51}, {""rank"": 2, ""stock_code"": ""22423"", ""description"": ""REGENCY CAKESTAND 3 TIER"", ""merchandise_net_revenue"": 9315.03}, {""rank"": 3, ""stock_code"": ""85099B"", ""description"": ""JUMBO BAG RED RETROSPOT"", ""merchandise_net_revenue"": 8630.45}], ""numerator_merchandise_net_revenue"": 27916.99, ""total_merchandise_net_revenue"": 1011358.16, ""share_percent"": 2.76, ""currency"": ""GBP""}"
q_0088,train,product_revenue_share_month,stock_code_grain,False,False,False,False,[],"{""year_month"": ""2011-11"", ""month_label"": ""November 2011"", ""top_n"": 3, ""top_products"": [{""rank"": 1, ""stock_code"": ""23084"", ""description"": ""RABBIT NIGHT LIGHT"", ""merchandise_net_revenue"": 34343.77}, {""rank"": 2, ""stock_code"": ""22086"", ""description"": ""PAPER CHAIN KIT 50'S CHRISTMAS"", ""merchandise_net_revenue"": 28853.54}, {""rank"": 3, ""stock_code"": ""85123A"", ""description"": ""WHITE HANGING HEART T-LIGHT HOLDER"", ""merchandise_net_revenue"": 14113.9}], ""numerator_merchandise_net_revenue"": 77311.21, ""total_merchandise_net_revenue"": 1427121.25, ""share_percent"": 5.42, ""currency"": ""GBP""}","{""year_month"": ""2011-11"", ""month_label"": ""November 2011"", ""top_n"": 3, ""top_products"": [{""rank"": 1, ""stock_code"": ""23084"", ""description"": ""RABBIT NIGHT LIGHT"", ""merchandise_net_revenue"": 34343.77}, {""rank"": 2, ""stock_code"": ""22086"", ""description"": ""PAPER CHAIN KIT 50'S CHRISTMAS"", ""merchandise_net_revenue"": 28853.54}, {""rank"": 3, ""stock_code"": ""85123A"", ""description"": ""WHITE HANGING HEART T-LIGHT HOLDER"", ""merchandise_net_revenue"": 14113.9}], ""numerator_merchandise_net_revenue"": 77311.21, ""total_merchandise_net_revenue"": 1427121.25, ""share_percent"": 5.42, ""currency"": ""GBP""}"
q_0089,train,return_impact_month,stock_code_grain,False,False,False,False,[],"{""year_month"": ""2010-12"", ""month_label"": ""December 2010"", ""gross_positive_revenue"": 821452.73, ""cancellation_revenue"": -74729.12, ""reduction_amount"": 74729.12, ""reduction_rate_percent"": 9.1, ""net_revenue"": 746723.61, ""currency"": ""GBP""}","{""year_month"": ""2010-12"", ""month_label"": ""December 2010"", ""gross_positive_revenue"": 821452.73, ""cancellation_revenue"": -74729.12, ""reduction_amount"": 74729.12, ""reduction_rate_percent"": 9.1, ""net_revenue"": 746723.61, ""currency"": ""GBP""}"
q_0090,train,return_impact_month,stock_code_grain,False,False,False,False,[],"{""year_month"": ""2011-01"", ""month_label"": ""January 2011"", ""gross_positive_revenue"": 689811.61, ""cancellation_revenue"": -131363.05, ""reduction_amount"": 131363.05, ""reduction_rate_percent"": 19.04, ""net_revenue"": 558448.56, ""currency"": ""GBP""}","{""year_month"": ""2011-01"", ""month_label"": ""January 2011"", ""gross_positive_revenue"": 689811.61, ""cancellation_revenue"": -131363.05, ""reduction_amount"": 131363.05, ""reduction_rate_percent"": 19.04, ""net_revenue"": 558448.56, ""currency"": ""GBP""}"
q_0091,train,return_impact_month,stock_code_grain,False,False,False,False,[],"{""year_month"": ""2011-02"", ""month_label"": ""February 2011"", ""gross_positive_revenue"": 522545.56, ""cancellation_revenue"": -25519.15, ""reduction_amount"": 25519.15, ""reduction_rate_percent"": 4.88, ""net_revenue"": 497026.41, ""currency"": ""GBP""}","{""year_month"": ""2011-02"", ""month_label"": ""February 2011"", ""gross_positive_revenue"": 522545.56, ""cancellation_revenue"": -25519.15, ""reduction_amount"": 25519.15, ""reduction_rate_percent"": 4.88, ""net_revenue"": 497026.41, ""currency"": ""GBP""}"
q_0092,dev,return_impact_month,stock_code_grain,False,False,False,False,[],"{""year_month"": ""2011-03"", ""month_label"": ""March 2011"", ""gross_positive_revenue"": 716215.26, ""cancellation_revenue"": -34201.28, ""reduction_amount"": 34201.28, ""reduction_rate_percent"": 4.78, ""net_revenue"": 682013.98, ""currency"": ""GBP""}","{""year_month"": ""2011-03"", ""month_label"": ""March 2011"", ""gross_positive_revenue"": 716215.26, ""cancellation_revenue"": -34201.28, ""reduction_amount"": 34201.28, ""reduction_rate_percent"": 4.78, ""net_revenue"": 682013.98, ""currency"": ""GBP""}"
q_0093,test,return_impact_month,stock_code_grain,False,False,False,False,[],"{""year_month"": ""2011-04"", ""month_label"": ""April 2011"", ""gross_positive_revenue"": 536968.49, ""cancellation_revenue"": -44600.65, ""reduction_amount"": 44600.65, ""reduction_rate_percent"": 8.31, ""net_revenue"": 492367.84, ""currency"": ""GBP""}","{""year_month"": ""2011-04"", ""month_label"": ""April 2011"", ""gross_positive_revenue"": 536968.49, ""cancellation_revenue"": -44600.65, ""reduction_amount"": 44600.65, ""reduction_rate_percent"": 8.31, ""net_revenue"": 492367.84, ""currency"": ""GBP""}"
q_0094,train,return_impact_month,stock_code_grain,False,False,False,False,[],"{""year_month"": ""2011-05"", ""month_label"": ""May 2011"", ""gross_positive_revenue"": 769296.61, ""cancellation_revenue"": -47202.51, ""reduction_amount"": 47202.51, ""reduction_rate_percent"": 6.14, ""net_revenue"": 722094.1, ""currency"": ""GBP""}","{""year_month"": ""2011-05"", ""month_label"": ""May 2011"", ""gross_positive_revenue"": 769296.61, ""cancellation_revenue"": -47202.51, ""reduction_amount"": 47202.51, ""reduction_rate_percent"": 6.14, ""net_revenue"": 722094.1, ""currency"": ""GBP""}"
q_0095,train,return_impact_month,stock_code_grain,False,False,False,False,[],"{""year_month"": ""2011-06"", ""month_label"": ""June 2011"", ""gross_positive_revenue"": 760547.01, ""cancellation_revenue"": -70569.78, ""reduction_amount"": 70569.78, ""reduction_rate_percent"": 9.28, ""net_revenue"": 689977.23, ""currency"": ""GBP""}","{""year_month"": ""2011-06"", ""month_label"": ""June 2011"", ""gross_positive_revenue"": 760547.01, ""cancellation_revenue"": -70569.78, ""reduction_amount"": 70569.78, ""reduction_rate_percent"": 9.28, ""net_revenue"": 689977.23, ""currency"": ""GBP""}"
q_0096,train,return_impact_month,stock_code_grain,False,False,False,False,[],"{""year_month"": ""2011-07"", ""month_label"": ""July 2011"", ""gross_positive_revenue"": 718076.12, ""cancellation_revenue"": -37919.13, ""reduction_amount"": 37919.13, ""reduction_rate_percent"": 5.28, ""net_revenue"": 680156.99, ""currency"": ""GBP""}","{""year_month"": ""2011-07"", ""month_label"": ""July 2011"", ""gross_positive_revenue"": 718076.12, ""cancellation_revenue"": -37919.13, ""reduction_amount"": 37919.13, ""reduction_rate_percent"": 5.28, ""net_revenue"": 680156.99, ""currency"": ""GBP""}"
q_0097,dev,return_impact_month,stock_code_grain,False,False,False,False,[],"{""year_month"": ""2011-08"", ""month_label"": ""August 2011"", ""gross_positive_revenue"": 757841.38, ""cancellation_revenue"": -54330.8, ""reduction_amount"": 54330.8, ""reduction_rate_percent"": 7.17, ""net_revenue"": 703510.58, ""currency"": ""GBP""}","{""year_month"": ""2011-08"", ""month_label"": ""August 2011"", ""gross_positive_revenue"": 757841.38, ""cancellation_revenue"": -54330.8, ""reduction_amount"": 54330.8, ""reduction_rate_percent"": 7.17, ""net_revenue"": 703510.58, ""currency"": ""GBP""}"
q_0098,test,return_impact_month,stock_code_grain,False,False,False,False,[],"{""year_month"": ""2011-09"", ""month_label"": ""September 2011"", ""gross_positive_revenue"": 1056435.19, ""cancellation_revenue"": -38838.51, ""reduction_amount"": 38838.51, ""reduction_rate_percent"": 3.68, ""net_revenue"": 1017596.68, ""currency"": ""GBP""}","{""year_month"": ""2011-09"", ""month_label"": ""September 2011"", ""gross_positive_revenue"": 1056435.19, ""cancellation_revenue"": -38838.51, ""reduction_amount"": 38838.51, ""reduction_rate_percent"": 3.68, ""net_revenue"": 1017596.68, ""currency"": ""GBP""}"
q_0099,train,return_impact_month,stock_code_grain,False,False,False,False,[],"{""year_month"": ""2011-10"", ""month_label"": ""October 2011"", ""gross_positive_revenue"": 1151263.73, ""cancellation_revenue"": -81895.5, ""reduction_amount"": 81895.5, ""reduction_rate_percent"": 7.11, ""net_revenue"": 1069368.23, ""currency"": ""GBP""}","{""year_month"": ""2011-10"", ""month_label"": ""October 2011"", ""gross_positive_revenue"": 1151263.73, ""cancellation_revenue"": -81895.5, ""reduction_amount"": 81895.5, ""reduction_rate_percent"": 7.11, ""net_revenue"": 1069368.23, ""currency"": ""GBP""}"
q_0100,train,return_impact_month,stock_code_grain,False,False,False,False,[],"{""year_month"": ""2011-11"", ""month_label"": ""November 2011"", ""gross_positive_revenue"": 1503866.78, ""cancellation_revenue"": -47720.98, ""reduction_amount"": 47720.98, ""reduction_rate_percent"": 3.17, ""net_revenue"": 1456145.8, ""currency"": ""GBP""}","{""year_month"": ""2011-11"", ""month_label"": ""November 2011"", ""gross_positive_revenue"": 1503866.78, ""cancellation_revenue"": -47720.98, ""reduction_amount"": 47720.98, ""reduction_rate_percent"": 3.17, ""net_revenue"": 1456145.8, ""currency"": ""GBP""}"
q_0001,train,top_country_month,merchandise_scope_and_stock_code_grain,True,True,False,False,"[{""field"": ""net_revenue"", ""old"": 26611.16, ""new"": 26596.16, ""kind"": ""numeric""}]","{""year_month"": ""2011-01"", ""month_label"": ""January 2011"", ""scope"": ""excluding United Kingdom"", ""country"": ""Netherlands"", ""net_revenue"": 26611.16, ""currency"": ""GBP""}","{""year_month"": ""2011-01"", ""month_label"": ""January 2011"", ""scope"": ""excluding United Kingdom"", ""country"": ""Netherlands"", ""net_revenue"": 26596.16, ""currency"": ""GBP""}"
q_0002,train,top_country_month,merchandise_scope_and_stock_code_grain,True,True,False,False,"[{""field"": ""net_revenue"", ""old"": 22932.11, ""new"": 22797.11, ""kind"": ""numeric""}]","{""year_month"": ""2011-02"", ""month_label"": ""February 2011"", ""scope"": ""excluding United Kingdom"", ""country"": ""Netherlands"", ""net_revenue"": 22932.11, ""currency"": ""GBP""}","{""year_month"": ""2011-02"", ""month_label"": ""February 2011"", ""scope"": ""excluding United Kingdom"", ""country"": ""Netherlands"", ""net_revenue"": 22797.11, ""currency"": ""GBP""}"
q_0003,train,top_country_month,merchandise_scope_and_stock_code_grain,True,True,False,False,"[{""field"": ""net_revenue"", ""old"": 22416.49, ""new"": 22206.49, ""kind"": ""numeric""}]","{""year_month"": ""2011-03"", ""month_label"": ""March 2011"", ""scope"": ""excluding United Kingdom"", ""country"": ""Netherlands"", ""net_revenue"": 22416.49, ""currency"": ""GBP""}","{""year_month"": ""2011-03"", ""month_label"": ""March 2011"", ""scope"": ""excluding United Kingdom"", ""country"": ""Netherlands"", ""net_revenue"": 22206.49, ""currency"": ""GBP""}"
q_0004,dev,top_country_month,merchandise_scope_and_stock_code_grain,True,True,False,False,"[{""field"": ""net_revenue"", ""old"": 11963.37, ""new"": 10865.37, ""kind"": ""numeric""}]","{""year_month"": ""2011-04"", ""month_label"": ""April 2011"", ""scope"": ""excluding United Kingdom"", ""country"": ""Germany"", ""net_revenue"": 11963.37, ""currency"": ""GBP""}","{""year_month"": ""2011-04"", ""month_label"": ""April 2011"", ""scope"": ""excluding United Kingdom"", ""country"": ""Germany"", ""net_revenue"": 10865.37, ""currency"": ""GBP""}"
q_0005,test,top_country_month,merchandise_scope_and_stock_code_grain,True,True,False,False,"[{""field"": ""net_revenue"", ""old"": 29185.88, ""new"": 28942.88, ""kind"": ""numeric""}]","{""year_month"": ""2011-05"", ""month_label"": ""May 2011"", ""scope"": ""excluding United Kingdom"", ""country"": ""Netherlands"", ""net_revenue"": 29185.88, ""currency"": ""GBP""}","{""year_month"": ""2011-05"", ""month_label"": ""May 2011"", ""scope"": ""excluding United Kingdom"", ""country"": ""Netherlands"", ""net_revenue"": 28942.88, ""currency"": ""GBP""}"
q_0006,train,top_country_month,merchandise_scope_and_stock_code_grain,True,True,False,False,"[{""field"": ""net_revenue"", ""old"": 26843.09, ""new"": 26738.09, ""kind"": ""numeric""}]","{""year_month"": ""2011-06"", ""month_label"": ""June 2011"", ""scope"": ""excluding United Kingdom"", ""country"": ""Netherlands"", ""net_revenue"": 26843.09, ""currency"": ""GBP""}","{""year_month"": ""2011-06"", ""month_label"": ""June 2011"", ""scope"": ""excluding United Kingdom"", ""country"": ""Netherlands"", ""net_revenue"": 26738.09, ""currency"": ""GBP""}"
q_0007,train,top_country_month,merchandise_scope_and_stock_code_grain,True,True,False,False,"[{""field"": ""net_revenue"", ""old"": 42689.65, ""new"": 42189.65, ""kind"": ""numeric""}]","{""year_month"": ""2011-07"", ""month_label"": ""July 2011"", ""scope"": ""excluding United Kingdom"", ""country"": ""EIRE"", ""net_revenue"": 42689.65, ""currency"": ""GBP""}","{""year_month"": ""2011-07"", ""month_label"": ""July 2011"", ""scope"": ""excluding United Kingdom"", ""country"": ""EIRE"", ""net_revenue"": 42189.65, ""currency"": ""GBP""}"
q_0008,train,top_country_month,merchandise_scope_and_stock_code_grain,True,True,False,False,"[{""field"": ""net_revenue"", ""old"": 39655.81, ""new"": 39967.81, ""kind"": ""numeric""}]","{""year_month"": ""2011-08"", ""month_label"": ""August 2011"", ""scope"": ""excluding United Kingdom"", ""country"": ""Netherlands"", ""net_revenue"": 39655.81, ""currency"": ""GBP""}","{""year_month"": ""2011-08"", ""month_label"": ""August 2011"", ""scope"": ""excluding United Kingdom"", ""country"": ""Netherlands"", ""net_revenue"": 39967.81, ""currency"": ""GBP""}"
q_0009,dev,top_country_month,merchandise_scope_and_stock_code_grain,True,True,False,False,"[{""field"": ""net_revenue"", ""old"": 42476.2, ""new"": 41882.15, ""kind"": ""numeric""}]","{""year_month"": ""2011-09"", ""month_label"": ""September 2011"", ""scope"": ""excluding United Kingdom"", ""country"": ""EIRE"", ""net_revenue"": 42476.2, ""currency"": ""GBP""}","{""year_month"": ""2011-09"", ""month_label"": ""September 2011"", ""scope"": ""excluding United Kingdom"", ""country"": ""EIRE"", ""net_revenue"": 41882.15, ""currency"": ""GBP""}"
q_0010,test,top_country_month,merchandise_scope_and_stock_code_grain,True,True,False,False,"[{""field"": ""net_revenue"", ""old"": 40708.65, ""new"": 40378.65, ""kind"": ""numeric""}]","{""year_month"": ""2011-10"", ""month_label"": ""October 2011"", ""scope"": ""excluding United Kingdom"", ""country"": ""Netherlands"", ""net_revenue"": 40708.65, ""currency"": ""GBP""}","{""year_month"": ""2011-10"", ""month_label"": ""October 2011"", ""scope"": ""excluding United Kingdom"", ""country"": ""Netherlands"", ""net_revenue"": 40378.65, ""currency"": ""GBP""}"
q_0011,train,top_country_month,merchandise_scope_and_stock_code_grain,True,True,True,False,"[{""field"": ""country"", ""old"": ""France"", ""new"": ""EIRE"", ""kind"": ""categorical""}, {""field"": ""net_revenue"", ""old"": 30638.12, ""new"": 29488.05, ""kind"": ""numeric""}]","{""year_month"": ""2011-11"", ""month_label"": ""November 2011"", ""scope"": ""excluding United Kingdom"", ""country"": ""France"", ""net_revenue"": 30638.12, ""currency"": ""GBP""}","{""year_month"": ""2011-11"", ""month_label"": ""November 2011"", ""scope"": ""excluding United Kingdom"", ""country"": ""EIRE"", ""net_revenue"": 29488.05, ""currency"": ""GBP""}"
q_0012,train,top_country_month,merchandise_scope_and_stock_code_grain,True,True,False,False,"[{""field"": ""net_revenue"", ""old"": 432995.4, ""new"": 455784.4, ""kind"": ""numeric""}]","{""year_month"": ""2011-01"", ""month_label"": ""January 2011"", ""scope"": ""all countries"", ""country"": ""United Kingdom"", ""net_revenue"": 432995.4, ""currency"": ""GBP""}","{""year_month"": ""2011-01"", ""month_label"": ""January 2011"", ""scope"": ""all countries"", ""country"": ""United Kingdom"", ""net_revenue"": 455784.4, ""currency"": ""GBP""}"
q_0013,train,top_country_month,merchandise_scope_and_stock_code_grain,True,True,False,False,"[{""field"": ""net_revenue"", ""old"": 558458.89, ""new"": 561786.46, ""kind"": ""numeric""}]","{""year_month"": ""2011-03"", ""month_label"": ""March 2011"", ""scope"": ""all countries"", ""country"": ""United Kingdom"", ""net_revenue"": 558458.89, ""currency"": ""GBP""}","{""year_month"": ""2011-03"", ""month_label"": ""March 2011"", ""scope"": ""all countries"", ""country"": ""United Kingdom"", ""net_revenue"": 561786.46, ""currency"": ""GBP""}"
q_0014,dev,top_country_month,merchandise_scope_and_stock_code_grain,True,True,False,False,"[{""field"": ""net_revenue"", ""old"": 553330.21, ""new"": 593269.36, ""kind"": ""numeric""}]","{""year_month"": ""2011-06"", ""month_label"": ""June 2011"", ""scope"": ""all countries"", ""country"": ""United Kingdom"", ""net_revenue"": 553330.21, ""currency"": ""GBP""}","{""year_month"": ""2011-06"", ""month_label"": ""June 2011"", ""scope"": ""all countries"", ""country"": ""United Kingdom"", ""net_revenue"": 593269.36, ""currency"": ""GBP""}"
q_0015,test,top_country_month,merchandise_scope_and_stock_code_grain,True,True,False,False,"[{""field"": ""net_revenue"", ""old"": 860104.36, ""new"": 860237.39, ""kind"": ""numeric""}]","{""year_month"": ""2011-09"", ""month_label"": ""September 2011"", ""scope"": ""all countries"", ""country"": ""United Kingdom"", ""net_revenue"": 860104.36, ""currency"": ""GBP""}","{""year_month"": ""2011-09"", ""month_label"": ""September 2011"", ""scope"": ""all countries"", ""country"": ""United Kingdom"", ""net_revenue"": 860237.39, ""currency"": ""GBP""}"
q_0016,train,top_country_month,merchandise_scope_and_stock_code_grain,True,True,False,False,"[{""field"": ""net_revenue"", ""old"": 1277409.79, ""new"": 1258904.59, ""kind"": ""numeric""}]","{""year_month"": ""2011-11"", ""month_label"": ""November 2011"", ""scope"": ""all countries"", ""country"": ""United Kingdom"", ""net_revenue"": 1277409.79, ""currency"": ""GBP""}","{""year_month"": ""2011-11"", ""month_label"": ""November 2011"", ""scope"": ""all countries"", ""country"": ""United Kingdom"", ""net_revenue"": 1258904.59, ""currency"": ""GBP""}"
q_0017,train,top_product_month,merchandise_scope_and_stock_code_grain,False,False,False,False,[],"{""year_month"": ""2010-12"", ""month_label"": ""December 2010"", ""stock_code"": ""22423"", ""description"": ""REGENCY CAKESTAND 3 TIER"", ""merchandise_net_revenue"": 26722.16, ""currency"": ""GBP""}","{""year_month"": ""2010-12"", ""month_label"": ""December 2010"", ""stock_code"": ""22423"", ""description"": ""REGENCY CAKESTAND 3 TIER"", ""merchandise_net_revenue"": 26722.16, ""currency"": ""GBP""}"
q_0018,train,top_product_month,merchandise_scope_and_stock_code_grain,False,False,False,False,[],"{""year_month"": ""2011-01"", ""month_label"": ""January 2011"", ""stock_code"": ""85123A"", ""description"": ""WHITE HANGING HEART T-LIGHT HOLDER"", ""merchandise_net_revenue"": 15174.26, ""currency"": ""GBP""}","{""year_month"": ""2011-01"", ""month_label"": ""January 2011"", ""stock_code"": ""85123A"", ""description"": ""WHITE HANGING HEART T-LIGHT HOLDER"", ""merchandise_net_revenue"": 15174.26, ""currency"": ""GBP""}"
q_0019,train,top_product_month,merchandise_scope_and_stock_code_grain,False,False,False,False,[],"{""year_month"": ""2011-02"", ""month_label"": ""February 2011"", ""stock_code"": ""22423"", ""description"": ""REGENCY CAKESTAND 3 TIER"", ""merchandise_net_revenue"": 10491.54, ""currency"": ""GBP""}","{""year_month"": ""2011-02"", ""month_label"": ""February 2011"", ""stock_code"": ""22423"", ""description"": ""REGENCY CAKESTAND 3 TIER"", ""merchandise_net_revenue"": 10491.54, ""currency"": ""GBP""}"
q_0020,dev,top_product_month,merchandise_scope_and_stock_code_grain,False,False,False,False,[],"{""year_month"": ""2011-03"", ""month_label"": ""March 2011"", ""stock_code"": ""22423"", ""description"": ""REGENCY CAKESTAND 3 TIER"", ""merchandise_net_revenue"": 16817.85, ""currency"": ""GBP""}","{""year_month"": ""2011-03"", ""month_label"": ""March 2011"", ""stock_code"": ""22423"", ""description"": ""REGENCY CAKESTAND 3 TIER"", ""merchandise_net_revenue"": 16817.85, ""currency"": ""GBP""}"
q_0021,test,top_product_month,merchandise_scope_and_stock_code_grain,False,False,False,False,[],"{""year_month"": ""2011-04"", ""month_label"": ""April 2011"", ""stock_code"": ""22423"", ""description"": ""REGENCY CAKESTAND 3 TIER"", ""merchandise_net_revenue"": 14280.9, ""currency"": ""GBP""}","{""year_month"": ""2011-04"", ""month_label"": ""April 2011"", ""stock_code"": ""22423"", ""description"": ""REGENCY CAKESTAND 3 TIER"", ""merchandise_net_revenue"": 14280.9, ""currency"": ""GBP""}"
q_0022,train,top_product_month,merchandise_scope_and_stock_code_grain,False,False,False,False,[],"{""year_month"": ""2011-05"", ""month_label"": ""May 2011"", ""stock_code"": ""47566"", ""description"": ""PARTY BUNTING"", ""merchandise_net_revenue"": 19093.3, ""currency"": ""GBP""}","{""year_month"": ""2011-05"", ""month_label"": ""May 2011"", ""stock_code"": ""47566"", ""description"": ""PARTY BUNTING"", ""merchandise_net_revenue"": 19093.3, ""currency"": ""GBP""}"
q_0023,train,top_product_month,merchandise_scope_and_stock_code_grain,True,True,False,False,"[{""field"": ""description"", ""old"": ""PICNIC BASKET WICKER 60 PIECES"", ""new"": ""PICNIC BASKET WICKER SMALL"", ""kind"": ""categorical""}, {""field"": ""merchandise_net_revenue"", ""old"": 39619.5, ""new"": 40298.1, ""kind"": ""numeric""}]","{""year_month"": ""2011-06"", ""month_label"": ""June 2011"", ""stock_code"": ""22502"", ""description"": ""PICNIC BASKET WICKER 60 PIECES"", ""merchandise_net_revenue"": 39619.5, ""currency"": ""GBP""}","{""year_month"": ""2011-06"", ""month_label"": ""June 2011"", ""stock_code"": ""22502"", ""description"": ""PICNIC BASKET WICKER SMALL"", ""merchandise_net_revenue"": 40298.1, ""currency"": ""GBP""}"
q_0024,train,top_product_month,merchandise_scope_and_stock_code_grain,False,False,False,False,[],"{""year_month"": ""2011-07"", ""month_label"": ""July 2011"", ""stock_code"": ""47566"", ""description"": ""PARTY BUNTING"", ""merchandise_net_revenue"": 14576.5, ""currency"": ""GBP""}","{""year_month"": ""2011-07"", ""month_label"": ""July 2011"", ""stock_code"": ""47566"", ""description"": ""PARTY BUNTING"", ""merchandise_net_revenue"": 14576.5, ""currency"": ""GBP""}"
q_0025,dev,top_product_month,merchandise_scope_and_stock_code_grain,False,False,False,False,[],"{""year_month"": ""2011-08"", ""month_label"": ""August 2011"", ""stock_code"": ""85099B"", ""description"": ""JUMBO BAG RED RETROSPOT"", ""merchandise_net_revenue"": 10441.77, ""currency"": ""GBP""}","{""year_month"": ""2011-08"", ""month_label"": ""August 2011"", ""stock_code"": ""85099B"", ""description"": ""JUMBO BAG RED RETROSPOT"", ""merchandise_net_revenue"": 10441.77, ""currency"": ""GBP""}"
q_0026,test,top_product_month,merchandise_scope_and_stock_code_grain,False,False,False,False,[],"{""year_month"": ""2011-09"", ""month_label"": ""September 2011"", ""stock_code"": ""23243"", ""description"": ""SET OF TEA COFFEE SUGAR TINS PANTRY"", ""merchandise_net_revenue"": 9971.51, ""currency"": ""GBP""}","{""year_month"": ""2011-09"", ""month_label"": ""September 2011"", ""stock_code"": ""23243"", ""description"": ""SET OF TEA COFFEE SUGAR TINS PANTRY"", ""merchandise_net_revenue"": 9971.51, ""currency"": ""GBP""}"
q_0027,train,top_product_month,merchandise_scope_and_stock_code_grain,False,False,False,False,[],"{""year_month"": ""2011-10"", ""month_label"": ""October 2011"", ""stock_code"": ""22423"", ""description"": ""REGENCY CAKESTAND 3 TIER"", ""merchandise_net_revenue"": 12635.34, ""currency"": ""GBP""}","{""year_month"": ""2011-10"", ""month_label"": ""October 2011"", ""stock_code"": ""22423"", ""description"": ""REGENCY CAKESTAND 3 TIER"", ""merchandise_net_revenue"": 12635.34, ""currency"": ""GBP""}"
q_0028,train,top_product_month,merchandise_scope_and_stock_code_grain,False,False,False,False,[],"{""year_month"": ""2011-11"", ""month_label"": ""November 2011"", ""stock_code"": ""23084"", ""description"": ""RABBIT NIGHT LIGHT"", ""merchandise_net_revenue"": 34343.77, ""currency"": ""GBP""}","{""year_month"": ""2011-11"", ""month_label"": ""November 2011"", ""stock_code"": ""23084"", ""description"": ""RABBIT NIGHT LIGHT"", ""merchandise_net_revenue"": 34343.77, ""currency"": ""GBP""}"
q_0029,train,top_product_month,merchandise_scope_and_stock_code_grain,False,False,False,False,[],"{""year_month"": ""2011-12"", ""month_label"": ""December 2011"", ""stock_code"": ""23084"", ""description"": ""RABBIT NIGHT LIGHT"", ""merchandise_net_revenue"": 9603.45, ""currency"": ""GBP""}","{""year_month"": ""2011-12"", ""month_label"": ""December 2011"", ""stock_code"": ""23084"", ""description"": ""RABBIT NIGHT LIGHT"", ""merchandise_net_revenue"": 9603.45, ""currency"": ""GBP""}"
q_0030,train,country_comparison_month,merchandise_scope_and_stock_code_grain,True,True,False,False,"[{""field"": ""country_a_net_revenue"", ""old"": 16421.43, ""new"": 14837.43, ""kind"": ""numeric""}, {""field"": ""country_b_net_revenue"", ""old"": 17503.07, ""new"": 15991.07, ""kind"": ""numeric""}, {""field"": ""revenue_delta"", ""old"": 1081.64, ""new"": 1153.64, ""kind"": ""numeric""}]","{""year_month"": ""2011-01"", ""month_label"": ""January 2011"", ""country_a"": ""Germany"", ""country_b"": ""France"", ""country_a_net_revenue"": 16421.43, ""country_b_net_revenue"": 17503.07, ""higher_country"": ""France"", ""lower_country"": ""Germany"", ""revenue_delta"": 1081.64, ""currency"": ""GBP""}","{""year_month"": ""2011-01"", ""month_label"": ""January 2011"", ""country_a"": ""Germany"", ""country_b"": ""France"", ""country_a_net_revenue"": 14837.43, ""country_b_net_revenue"": 15991.07, ""higher_country"": ""France"", ""lower_country"": ""Germany"", ""revenue_delta"": 1153.64, ""currency"": ""GBP""}"
q_0031,train,country_comparison_month,merchandise_scope_and_stock_code_grain,True,True,False,False,"[{""field"": ""country_a_net_revenue"", ""old"": 8969.24, ""new"": 8249.24, ""kind"": ""numeric""}, {""field"": ""country_b_net_revenue"", ""old"": 8438.91, ""new"": 7646.91, ""kind"": ""numeric""}, {""field"": ""revenue_delta"", ""old"": 530.33, ""new"": 602.33, ""kind"": ""numeric""}]","{""year_month"": ""2011-02"", ""month_label"": ""February 2011"", ""country_a"": ""Germany"", ""country_b"": ""France"", ""country_a_net_revenue"": 8969.24, ""country_b_net_revenue"": 8438.91, ""higher_country"": ""Germany"", ""lower_country"": ""France"", ""revenue_delta"": 530.33, ""currency"": ""GBP""}","{""year_month"": ""2011-02"", ""month_label"": ""February 2011"", ""country_a"": ""Germany"", ""country_b"": ""France"", ""country_a_net_revenue"": 8249.24, ""country_b_net_revenue"": 7646.91, ""higher_country"": ""Germany"", ""lower_country"": ""France"", ""revenue_delta"": 602.33, ""currency"": ""GBP""}"
q_0032,train,country_comparison_month,merchandise_scope_and_stock_code_grain,True,True,False,False,"[{""field"": ""country_a_net_revenue"", ""old"": 14170.02, ""new"": 12640.02, ""kind"": ""numeric""}, {""field"": ""country_b_net_revenue"", ""old"": 14512.3, ""new"": 13612.3, ""kind"": ""numeric""}, {""field"": ""revenue_delta"", ""old"": 342.28, ""new"": 972.28, ""kind"": ""numeric""}]","{""year_month"": ""2011-03"", ""month_label"": ""March 2011"", ""country_a"": ""Germany"", ""country_b"": ""France"", ""country_a_net_revenue"": 14170.02, ""country_b_net_revenue"": 14512.3, ""higher_country"": ""France"", ""lower_country"": ""Germany"", ""revenue_delta"": 342.28, ""currency"": ""GBP""}","{""year_month"": ""2011-03"", ""month_label"": ""March 2011"", ""country_a"": ""Germany"", ""country_b"": ""France"", ""country_a_net_revenue"": 12640.02, ""country_b_net_revenue"": 13612.3, ""higher_country"": ""France"", ""lower_country"": ""Germany"", ""revenue_delta"": 972.28, ""currency"": ""GBP""}"
q_0033,dev,country_comparison_month,merchandise_scope_and_stock_code_grain,True,True,False,False,"[{""field"": ""country_a_net_revenue"", ""old"": 11963.37, ""new"": 10865.37, ""kind"": ""numeric""}, {""field"": ""country_b_net_revenue"", ""old"": 4195.21, ""new"": 3766.21, ""kind"": ""numeric""}, {""field"": ""revenue_delta"", ""old"": 7768.16, ""new"": 7099.16, ""kind"": ""numeric""}]","{""year_month"": ""2011-04"", ""month_label"": ""April 2011"", ""country_a"": ""Germany"", ""country_b"": ""France"", ""country_a_net_revenue"": 11963.37, ""country_b_net_revenue"": 4195.21, ""higher_country"": ""Germany"", ""lower_country"": ""France"", ""revenue_delta"": 7768.16, ""currency"": ""GBP""}","{""year_month"": ""2011-04"", ""month_label"": ""April 2011"", ""country_a"": ""Germany"", ""country_b"": ""France"", ""country_a_net_revenue"": 10865.37, ""country_b_net_revenue"": 3766.21, ""higher_country"": ""Germany"", ""lower_country"": ""France"", ""revenue_delta"": 7099.16, ""currency"": ""GBP""}"
q_0034,test,country_comparison_month,merchandise_scope_and_stock_code_grain,True,True,False,False,"[{""field"": ""country_a_net_revenue"", ""old"": 25554.85, ""new"": 23339.85, ""kind"": ""numeric""}, {""field"": ""country_b_net_revenue"", ""old"": 17518.68, ""new"": 16114.68, ""kind"": ""numeric""}, {""field"": ""revenue_delta"", ""old"": 8036.17, ""new"": 7225.17, ""kind"": ""numeric""}]","{""year_month"": ""2011-05"", ""month_label"": ""May 2011"", ""country_a"": ""Germany"", ""country_b"": ""France"", ""country_a_net_revenue"": 25554.85, ""country_b_net_revenue"": 17518.68, ""higher_country"": ""Germany"", ""lower_country"": ""France"", ""revenue_delta"": 8036.17, ""currency"": ""GBP""}","{""year_month"": ""2011-05"", ""month_label"": ""May 2011"", ""country_a"": ""Germany"", ""country_b"": ""France"", ""country_a_net_revenue"": 23339.85, ""country_b_net_revenue"": 16114.68, ""higher_country"": ""Germany"", ""lower_country"": ""France"", ""revenue_delta"": 7225.17, ""currency"": ""GBP""}"
q_0035,train,country_comparison_month,merchandise_scope_and_stock_code_grain,True,True,False,False,"[{""field"": ""country_a_net_revenue"", ""old"": 13053.27, ""new"": 11937.27, ""kind"": ""numeric""}, {""field"": ""country_b_net_revenue"", ""old"": 15991.87, ""new"": 14605.87, ""kind"": ""numeric""}, {""field"": ""revenue_delta"", ""old"": 2938.6, ""new"": 2668.6, ""kind"": ""numeric""}]","{""year_month"": ""2011-06"", ""month_label"": ""June 2011"", ""country_a"": ""Germany"", ""country_b"": ""France"", ""country_a_net_revenue"": 13053.27, ""country_b_net_revenue"": 15991.87, ""higher_country"": ""France"", ""lower_country"": ""Germany"", ""revenue_delta"": 2938.6, ""currency"": ""GBP""}","{""year_month"": ""2011-06"", ""month_label"": ""June 2011"", ""country_a"": ""Germany"", ""country_b"": ""France"", ""country_a_net_revenue"": 11937.27, ""country_b_net_revenue"": 14605.87, ""higher_country"": ""France"", ""lower_country"": ""Germany"", ""revenue_delta"": 2668.6, ""currency"": ""GBP""}"
q_0036,train,country_comparison_month,merchandise_scope_and_stock_code_grain,True,True,False,False,"[{""field"": ""country_a_net_revenue"", ""old"": 15721.66, ""new"": 14415.31, ""kind"": ""numeric""}, {""field"": ""country_b_net_revenue"", ""old"": 9888.99, ""new"": 9059.99, ""kind"": ""numeric""}, {""field"": ""revenue_delta"", ""old"": 5832.67, ""new"": 5355.32, ""kind"": ""numeric""}]","{""year_month"": ""2011-07"", ""month_label"": ""July 2011"", ""country_a"": ""Germany"", ""country_b"": ""France"", ""country_a_net_revenue"": 15721.66, ""country_b_net_revenue"": 9888.99, ""higher_country"": ""Germany"", ""lower_country"": ""France"", ""revenue_delta"": 5832.67, ""currency"": ""GBP""}","{""year_month"": ""2011-07"", ""month_label"": ""July 2011"", ""country_a"": ""Germany"", ""country_b"": ""France"", ""country_a_net_revenue"": 14415.31, ""country_b_net_revenue"": 9059.99, ""higher_country"": ""Germany"", ""lower_country"": ""France"", ""revenue_delta"": 5355.32, ""currency"": ""GBP""}"
q_0037,train,country_comparison_month,merchandise_scope_and_stock_code_grain,True,True,False,False,"[{""field"": ""country_a_net_revenue"", ""old"": 19023.65, ""new"": 17457.65, ""kind"": ""numeric""}, {""field"": ""country_b_net_revenue"", ""old"": 13789.26, ""new"": 12609.26, ""kind"": ""numeric""}, {""field"": ""revenue_delta"", ""old"": 5234.39, ""new"": 4848.39, ""kind"": ""numeric""}]","{""year_month"": ""2011-08"", ""month_label"": ""August 2011"", ""country_a"": ""Germany"", ""country_b"": ""France"", ""country_a_net_revenue"": 19023.65, ""country_b_net_revenue"": 13789.26, ""higher_country"": ""Germany"", ""lower_country"": ""France"", ""revenue_delta"": 5234.39, ""currency"": ""GBP""}","{""year_month"": ""2011-08"", ""month_label"": ""August 2011"", ""country_a"": ""Germany"", ""country_b"": ""France"", ""country_a_net_revenue"": 17457.65, ""country_b_net_revenue"": 12609.26, ""higher_country"": ""Germany"", ""lower_country"": ""France"", ""revenue_delta"": 4848.39, ""currency"": ""GBP""}"
q_0038,dev,country_comparison_month,merchandise_scope_and_stock_code_grain,True,True,False,False,"[{""field"": ""country_a_net_revenue"", ""old"": 17708.56, ""new"": 16196.56, ""kind"": ""numeric""}, {""field"": ""country_b_net_revenue"", ""old"": 23198.87, ""new"": 21686.87, ""kind"": ""numeric""}]","{""year_month"": ""2011-09"", ""month_label"": ""September 2011"", ""country_a"": ""Germany"", ""country_b"": ""France"", ""country_a_net_revenue"": 17708.56, ""country_b_net_revenue"": 23198.87, ""higher_country"": ""France"", ""lower_country"": ""Germany"", ""revenue_delta"": 5490.31, ""currency"": ""GBP""}","{""year_month"": ""2011-09"", ""month_label"": ""September 2011"", ""country_a"": ""Germany"", ""country_b"": ""France"", ""country_a_net_revenue"": 16196.56, ""country_b_net_revenue"": 21686.87, ""higher_country"": ""France"", ""lower_country"": ""Germany"", ""revenue_delta"": 5490.31, ""currency"": ""GBP""}"
q_0039,test,country_comparison_month,merchandise_scope_and_stock_code_grain,True,True,False,False,"[{""field"": ""country_a_net_revenue"", ""old"": 30604.27, ""new"": 28006.27, ""kind"": ""numeric""}, {""field"": ""country_b_net_revenue"", ""old"": 25017.64, ""new"": 23862.64, ""kind"": ""numeric""}, {""field"": ""revenue_delta"", ""old"": 5586.63, ""new"": 4143.63, ""kind"": ""numeric""}]","{""year_month"": ""2011-10"", ""month_label"": ""October 2011"", ""country_a"": ""Germany"", ""country_b"": ""France"", ""country_a_net_revenue"": 30604.27, ""country_b_net_revenue"": 25017.64, ""higher_country"": ""Germany"", ""lower_country"": ""France"", ""revenue_delta"": 5586.63, ""currency"": ""GBP""}","{""year_month"": ""2011-10"", ""month_label"": ""October 2011"", ""country_a"": ""Germany"", ""country_b"": ""France"", ""country_a_net_revenue"": 28006.27, ""country_b_net_revenue"": 23862.64, ""higher_country"": ""Germany"", ""lower_country"": ""France"", ""revenue_delta"": 4143.63, ""currency"": ""GBP""}"
q_0040,train,country_comparison_month,merchandise_scope_and_stock_code_grain,True,True,False,False,"[{""field"": ""country_a_net_revenue"", ""old"": 25987.01, ""new"": 23246.55, ""kind"": ""numeric""}, {""field"": ""country_b_net_revenue"", ""old"": 30638.12, ""new"": 28240.17, ""kind"": ""numeric""}, {""field"": ""revenue_delta"", ""old"": 4651.11, ""new"": 4993.62, ""kind"": ""numeric""}]","{""year_month"": ""2011-11"", ""month_label"": ""November 2011"", ""country_a"": ""Germany"", ""country_b"": ""France"", ""country_a_net_revenue"": 25987.01, ""country_b_net_revenue"": 30638.12, ""higher_country"": ""France"", ""lower_country"": ""Germany"", ""revenue_delta"": 4651.11, ""currency"": ""GBP""}","{""year_month"": ""2011-11"", ""month_label"": ""November 2011"", ""country_a"": ""Germany"", ""country_b"": ""France"", ""country_a_net_revenue"": 23246.55, ""country_b_net_revenue"": 28240.17, ""higher_country"": ""France"", ""lower_country"": ""Germany"", ""revenue_delta"": 4993.62, ""currency"": ""GBP""}"
q_0041,train,country_comparison_month,merchandise_scope_and_stock_code_grain,True,True,False,False,"[{""field"": ""country_a_net_revenue"", ""old"": 26611.16, ""new"": 26596.16, ""kind"": ""numeric""}, {""field"": ""country_b_net_revenue"", ""old"": 21656.52, ""new"": 21506.52, ""kind"": ""numeric""}, {""field"": ""revenue_delta"", ""old"": 4954.64, ""new"": 5089.64, ""kind"": ""numeric""}]","{""year_month"": ""2011-01"", ""month_label"": ""January 2011"", ""country_a"": ""Netherlands"", ""country_b"": ""EIRE"", ""country_a_net_revenue"": 26611.16, ""country_b_net_revenue"": 21656.52, ""higher_country"": ""Netherlands"", ""lower_country"": ""EIRE"", ""revenue_delta"": 4954.64, ""currency"": ""GBP""}","{""year_month"": ""2011-01"", ""month_label"": ""January 2011"", ""country_a"": ""Netherlands"", ""country_b"": ""EIRE"", ""country_a_net_revenue"": 26596.16, ""country_b_net_revenue"": 21506.52, ""higher_country"": ""Netherlands"", ""lower_country"": ""EIRE"", ""revenue_delta"": 5089.64, ""currency"": ""GBP""}"
q_0042,train,country_comparison_month,merchandise_scope_and_stock_code_grain,True,True,False,False,"[{""field"": ""country_a_net_revenue"", ""old"": 22932.11, ""new"": 22797.11, ""kind"": ""numeric""}, {""field"": ""country_b_net_revenue"", ""old"": 9629.14, ""new"": 9464.14, ""kind"": ""numeric""}, {""field"": ""revenue_delta"", ""old"": 13302.97, ""new"": 13332.97, ""kind"": ""numeric""}]","{""year_month"": ""2011-02"", ""month_label"": ""February 2011"", ""country_a"": ""Netherlands"", ""country_b"": ""EIRE"", ""country_a_net_revenue"": 22932.11, ""country_b_net_revenue"": 9629.14, ""higher_country"": ""Netherlands"", ""lower_country"": ""EIRE"", ""revenue_delta"": 13302.97, ""currency"": ""GBP""}","{""year_month"": ""2011-02"", ""month_label"": ""February 2011"", ""country_a"": ""Netherlands"", ""country_b"": ""EIRE"", ""country_a_net_revenue"": 22797.11, ""country_b_net_revenue"": 9464.14, ""higher_country"": ""Netherlands"", ""lower_country"": ""EIRE"", ""revenue_delta"": 13332.97, ""currency"": ""GBP""}"
q_0043,dev,country_comparison_month,merchandise_scope_and_stock_code_grain,True,True,False,False,"[{""field"": ""country_a_net_revenue"", ""old"": 22416.49, ""new"": 22206.49, ""kind"": ""numeric""}, {""field"": ""country_b_net_revenue"", ""old"": 18783.23, ""new"": 18283.23, ""kind"": ""numeric""}, {""field"": ""revenue_delta"", ""old"": 3633.26, ""new"": 3923.26, ""kind"": ""numeric""}]","{""year_month"": ""2011-03"", ""month_label"": ""March 2011"", ""country_a"": ""Netherlands"", ""country_b"": ""EIRE"", ""country_a_net_revenue"": 22416.49, ""country_b_net_revenue"": 18783.23, ""higher_country"": ""Netherlands"", ""lower_country"": ""EIRE"", ""revenue_delta"": 3633.26, ""currency"": ""GBP""}","{""year_month"": ""2011-03"", ""month_label"": ""March 2011"", ""country_a"": ""Netherlands"", ""country_b"": ""EIRE"", ""country_a_net_revenue"": 22206.49, ""country_b_net_revenue"": 18283.23, ""higher_country"": ""Netherlands"", ""lower_country"": ""EIRE"", ""revenue_delta"": 3923.26, ""currency"": ""GBP""}"
q_0044,test,country_comparison_month,merchandise_scope_and_stock_code_grain,True,True,False,False,"[{""field"": ""country_a_net_revenue"", ""old"": 2976.56, ""new"": 2886.56, ""kind"": ""numeric""}, {""field"": ""country_b_net_revenue"", ""old"": 7570.5, ""new"": 7270.5, ""kind"": ""numeric""}, {""field"": ""revenue_delta"", ""old"": 4593.94, ""new"": 4383.94, ""kind"": ""numeric""}]","{""year_month"": ""2011-04"", ""month_label"": ""April 2011"", ""country_a"": ""Netherlands"", ""country_b"": ""EIRE"", ""country_a_net_revenue"": 2976.56, ""country_b_net_revenue"": 7570.5, ""higher_country"": ""EIRE"", ""lower_country"": ""Netherlands"", ""revenue_delta"": 4593.94, ""currency"": ""GBP""}","{""year_month"": ""2011-04"", ""month_label"": ""April 2011"", ""country_a"": ""Netherlands"", ""country_b"": ""EIRE"", ""country_a_net_revenue"": 2886.56, ""country_b_net_revenue"": 7270.5, ""higher_country"": ""EIRE"", ""lower_country"": ""Netherlands"", ""revenue_delta"": 4383.94, ""currency"": ""GBP""}"
q_0045,train,country_comparison_month,merchandise_scope_and_stock_code_grain,True,True,False,False,"[{""field"": ""country_a_net_revenue"", ""old"": 29185.88, ""new"": 28942.88, ""kind"": ""numeric""}, {""field"": ""country_b_net_revenue"", ""old"": 17916.31, ""new"": 17666.31, ""kind"": ""numeric""}, {""field"": ""revenue_delta"", ""old"": 11269.57, ""new"": 11276.57, ""kind"": ""numeric""}]","{""year_month"": ""2011-05"", ""month_label"": ""May 2011"", ""country_a"": ""Netherlands"", ""country_b"": ""EIRE"", ""country_a_net_revenue"": 29185.88, ""country_b_net_revenue"": 17916.31, ""higher_country"": ""Netherlands"", ""lower_country"": ""EIRE"", ""revenue_delta"": 11269.57, ""currency"": ""GBP""}","{""year_month"": ""2011-05"", ""month_label"": ""May 2011"", ""country_a"": ""Netherlands"", ""country_b"": ""EIRE"", ""country_a_net_revenue"": 28942.88, ""country_b_net_revenue"": 17666.31, ""higher_country"": ""Netherlands"", ""lower_country"": ""EIRE"", ""revenue_delta"": 11276.57, ""currency"": ""GBP""}"
q_0046,train,country_comparison_month,merchandise_scope_and_stock_code_grain,True,True,False,False,"[{""field"": ""country_a_net_revenue"", ""old"": 26843.09, ""new"": 26738.09, ""kind"": ""numeric""}, {""field"": ""country_b_net_revenue"", ""old"": 20090.25, ""new"": 19630.25, ""kind"": ""numeric""}, {""field"": ""revenue_delta"", ""old"": 6752.84, ""new"": 7107.84, ""kind"": ""numeric""}]","{""year_month"": ""2011-06"", ""month_label"": ""June 2011"", ""country_a"": ""Netherlands"", ""country_b"": ""EIRE"", ""country_a_net_revenue"": 26843.09, ""country_b_net_revenue"": 20090.25, ""higher_country"": ""Netherlands"", ""lower_country"": ""EIRE"", ""revenue_delta"": 6752.84, ""currency"": ""GBP""}","{""year_month"": ""2011-06"", ""month_label"": ""June 2011"", ""country_a"": ""Netherlands"", ""country_b"": ""EIRE"", ""country_a_net_revenue"": 26738.09, ""country_b_net_revenue"": 19630.25, ""higher_country"": ""Netherlands"", ""lower_country"": ""EIRE"", ""revenue_delta"": 7107.84, ""currency"": ""GBP""}"
q_0047,train,country_comparison_month,merchandise_scope_and_stock_code_grain,True,True,False,False,"[{""field"": ""country_a_net_revenue"", ""old"": 26.02, ""new"": 11.02, ""kind"": ""numeric""}, {""field"": ""country_b_net_revenue"", ""old"": 42689.65, ""new"": 42189.65, ""kind"": ""numeric""}, {""field"": ""revenue_delta"", ""old"": 42663.63, ""new"": 42178.63, ""kind"": ""numeric""}]","{""year_month"": ""2011-07"", ""month_label"": ""July 2011"", ""country_a"": ""Netherlands"", ""country_b"": ""EIRE"", ""country_a_net_revenue"": 26.02, ""country_b_net_revenue"": 42689.65, ""higher_country"": ""EIRE"", ""lower_country"": ""Netherlands"", ""revenue_delta"": 42663.63, ""currency"": ""GBP""}","{""year_month"": ""2011-07"", ""month_label"": ""July 2011"", ""country_a"": ""Netherlands"", ""country_b"": ""EIRE"", ""country_a_net_revenue"": 11.02, ""country_b_net_revenue"": 42189.65, ""higher_country"": ""EIRE"", ""lower_country"": ""Netherlands"", ""revenue_delta"": 42178.63, ""currency"": ""GBP""}"
q_0048,dev,country_comparison_month,merchandise_scope_and_stock_code_grain,True,True,False,False,"[{""field"": ""country_a_net_revenue"", ""old"": 39655.81, ""new"": 39967.81, ""kind"": ""numeric""}, {""field"": ""country_b_net_revenue"", ""old"": 12147.92, ""new"": 13403.61, ""kind"": ""numeric""}, {""field"": ""revenue_delta"", ""old"": 27507.89, ""new"": 26564.2, ""kind"": ""numeric""}]","{""year_month"": ""2011-08"", ""month_label"": ""August 2011"", ""country_a"": ""Netherlands"", ""country_b"": ""EIRE"", ""country_a_net_revenue"": 39655.81, ""country_b_net_revenue"": 12147.92, ""higher_country"": ""Netherlands"", ""lower_country"": ""EIRE"", ""revenue_delta"": 27507.89, ""currency"": ""GBP""}","{""year_month"": ""2011-08"", ""month_label"": ""August 2011"", ""country_a"": ""Netherlands"", ""country_b"": ""EIRE"", ""country_a_net_revenue"": 39967.81, ""country_b_net_revenue"": 13403.61, ""higher_country"": ""Netherlands"", ""lower_country"": ""EIRE"", ""revenue_delta"": 26564.2, ""currency"": ""GBP""}"
q_0049,test,country_comparison_month,merchandise_scope_and_stock_code_grain,True,True,False,False,"[{""field"": ""country_a_net_revenue"", ""old"": 26937.26, ""new"": 26832.26, ""kind"": ""numeric""}, {""field"": ""country_b_net_revenue"", ""old"": 42476.2, ""new"": 41882.15, ""kind"": ""numeric""}, {""field"": ""revenue_delta"", ""old"": 15538.94, ""new"": 15049.89, ""kind"": ""numeric""}]","{""year_month"": ""2011-09"", ""month_label"": ""September 2011"", ""country_a"": ""Netherlands"", ""country_b"": ""EIRE"", ""country_a_net_revenue"": 26937.26, ""country_b_net_revenue"": 42476.2, ""higher_country"": ""EIRE"", ""lower_country"": ""Netherlands"", ""revenue_delta"": 15538.94, ""currency"": ""GBP""}","{""year_month"": ""2011-09"", ""month_label"": ""September 2011"", ""country_a"": ""Netherlands"", ""country_b"": ""EIRE"", ""country_a_net_revenue"": 26832.26, ""country_b_net_revenue"": 41882.15, ""higher_country"": ""EIRE"", ""lower_country"": ""Netherlands"", ""revenue_delta"": 15049.89, ""currency"": ""GBP""}"
q_0050,train,monthly_revenue_change,merchandise_scope_and_stock_code_grain,True,True,False,False,"[{""field"": ""previous_net_revenue"", ""old"": 558448.56, ""new"": 578914.41, ""kind"": ""numeric""}, {""field"": ""current_net_revenue"", ""old"": 497026.41, ""new"": 499514.57, ""kind"": ""numeric""}, {""field"": ""absolute_change"", ""old"": -61422.15, ""new"": -79399.84, ""kind"": ""numeric""}, {""field"": ""percent_change"", ""old"": -11.0, ""new"": -13.72, ""kind"": ""numeric""}]","{""previous_month"": ""2011-01"", ""current_month"": ""2011-02"", ""previous_month_label"": ""January 2011"", ""current_month_label"": ""February 2011"", ""previous_net_revenue"": 558448.56, ""current_net_revenue"": 497026.41, ""absolute_change"": -61422.15, ""percent_change"": -11.0, ""direction"": ""decrease"", ""currency"": ""GBP""}","{""previous_month"": ""2011-01"", ""current_month"": ""2011-02"", ""previous_month_label"": ""January 2011"", ""current_month_label"": ""February 2011"", ""previous_net_revenue"": 578914.41, ""current_net_revenue"": 499514.57, ""absolute_change"": -79399.84, ""percent_change"": -13.72, ""direction"": ""decrease"", ""currency"": ""GBP""}"
q_0051,train,monthly_revenue_change,merchandise_scope_and_stock_code_grain,True,True,False,False,"[{""field"": ""previous_net_revenue"", ""old"": 497026.41, ""new"": 499514.57, ""kind"": ""numeric""}, {""field"": ""current_net_revenue"", ""old"": 682013.98, ""new"": 679212.52, ""kind"": ""numeric""}, {""field"": ""absolute_change"", ""old"": 184987.57, ""new"": 179697.95, ""kind"": ""numeric""}, {""field"": ""percent_change"", ""old"": 37.22, ""new"": 35.97, ""kind"": ""numeric""}]","{""previous_month"": ""2011-02"", ""current_month"": ""2011-03"", ""previous_month_label"": ""February 2011"", ""current_month_label"": ""March 2011"", ""previous_net_revenue"": 497026.41, ""current_net_revenue"": 682013.98, ""absolute_change"": 184987.57, ""percent_change"": 37.22, ""direction"": ""increase"", ""currency"": ""GBP""}","{""previous_month"": ""2011-02"", ""current_month"": ""2011-03"", ""previous_month_label"": ""February 2011"", ""current_month_label"": ""March 2011"", ""previous_net_revenue"": 499514.57, ""current_net_revenue"": 679212.52, ""absolute_change"": 179697.95, ""percent_change"": 35.97, ""direction"": ""increase"", ""currency"": ""GBP""}"
q_0052,train,monthly_revenue_change,merchandise_scope_and_stock_code_grain,True,True,False,False,"[{""field"": ""previous_net_revenue"", ""old"": 682013.98, ""new"": 679212.52, ""kind"": ""numeric""}, {""field"": ""current_net_revenue"", ""old"": 492367.84, ""new"": 482147.02, ""kind"": ""numeric""}, {""field"": ""absolute_change"", ""old"": -189646.14, ""new"": -197065.5, ""kind"": ""numeric""}, {""field"": ""percent_change"", ""old"": -27.81, ""new"": -29.01, ""kind"": ""numeric""}]","{""previous_month"": ""2011-03"", ""current_month"": ""2011-04"", ""previous_month_label"": ""March 2011"", ""current_month_label"": ""April 2011"", ""previous_net_revenue"": 682013.98, ""current_net_revenue"": 492367.84, ""absolute_change"": -189646.14, ""percent_change"": -27.81, ""direction"": ""decrease"", ""currency"": ""GBP""}","{""previous_month"": ""2011-03"", ""current_month"": ""2011-04"", ""previous_month_label"": ""March 2011"", ""current_month_label"": ""April 2011"", ""previous_net_revenue"": 679212.52, ""current_net_revenue"": 482147.02, ""absolute_change"": -197065.5, ""percent_change"": -29.01, ""direction"": ""decrease"", ""currency"": ""GBP""}"
q_0053,dev,monthly_revenue_change,merchandise_scope_and_stock_code_grain,True,True,False,False,"[{""field"": ""previous_net_revenue"", ""old"": 492367.84, ""new"": 482147.02, ""kind"": ""numeric""}, {""field"": ""current_net_revenue"", ""old"": 722094.1, ""new"": 731051.91, ""kind"": ""numeric""}, {""field"": ""absolute_change"", ""old"": 229726.26, ""new"": 248904.89, ""kind"": ""numeric""}, {""field"": ""percent_change"", ""old"": 46.66, ""new"": 51.62, ""kind"": ""numeric""}]","{""previous_month"": ""2011-04"", ""current_month"": ""2011-05"", ""previous_month_label"": ""April 2011"", ""current_month_label"": ""May 2011"", ""previous_net_revenue"": 492367.84, ""current_net_revenue"": 722094.1, ""absolute_change"": 229726.26, ""percent_change"": 46.66, ""direction"": ""increase"", ""currency"": ""GBP""}","{""previous_month"": ""2011-04"", ""current_month"": ""2011-05"", ""previous_month_label"": ""April 2011"", ""current_month_label"": ""May 2011"", ""previous_net_revenue"": 482147.02, ""current_net_revenue"": 731051.91, ""absolute_change"": 248904.89, ""percent_change"": 51.62, ""direction"": ""increase"", ""currency"": ""GBP""}"
q_0054,test,monthly_revenue_change,merchandise_scope_and_stock_code_grain,True,True,False,False,"[{""field"": ""previous_net_revenue"", ""old"": 722094.1, ""new"": 731051.91, ""kind"": ""numeric""}, {""field"": ""current_net_revenue"", ""old"": 689977.23, ""new"": 723970.15, ""kind"": ""numeric""}, {""field"": ""absolute_change"", ""old"": -32116.87, ""new"": -7081.76, ""kind"": ""numeric""}, {""field"": ""percent_change"", ""old"": -4.45, ""new"": -0.97, ""kind"": ""numeric""}]","{""previous_month"": ""2011-05"", ""current_month"": ""2011-06"", ""previous_month_label"": ""May 2011"", ""current_month_label"": ""June 2011"", ""previous_net_revenue"": 722094.1, ""current_net_revenue"": 689977.23, ""absolute_change"": -32116.87, ""percent_change"": -4.45, ""direction"": ""decrease"", ""currency"": ""GBP""}","{""previous_month"": ""2011-05"", ""current_month"": ""2011-06"", ""previous_month_label"": ""May 2011"", ""current_month_label"": ""June 2011"", ""previous_net_revenue"": 731051.91, ""current_net_revenue"": 723970.15, ""absolute_change"": -7081.76, ""percent_change"": -0.97, ""direction"": ""decrease"", ""currency"": ""GBP""}"
q_0055,train,monthly_revenue_change,merchandise_scope_and_stock_code_grain,True,True,False,False,"[{""field"": ""previous_net_revenue"", ""old"": 689977.23, ""new"": 723970.15, ""kind"": ""numeric""}, {""field"": ""current_net_revenue"", ""old"": 680156.99, ""new"": 676770.86, ""kind"": ""numeric""}, {""field"": ""absolute_change"", ""old"": -9820.24, ""new"": -47199.29, ""kind"": ""numeric""}, {""field"": ""percent_change"", ""old"": -1.42, ""new"": -6.52, ""kind"": ""numeric""}]","{""previous_month"": ""2011-06"", ""current_month"": ""2011-07"", ""previous_month_label"": ""June 2011"", ""current_month_label"": ""July 2011"", ""previous_net_revenue"": 689977.23, ""current_net_revenue"": 680156.99, ""absolute_change"": -9820.24, ""percent_change"": -1.42, ""direction"": ""decrease"", ""currency"": ""GBP""}","{""previous_month"": ""2011-06"", ""current_month"": ""2011-07"", ""previous_month_label"": ""June 2011"", ""current_month_label"": ""July 2011"", ""previous_net_revenue"": 723970.15, ""current_net_revenue"": 676770.86, ""absolute_change"": -47199.29, ""percent_change"": -6.52, ""direction"": ""decrease"", ""currency"": ""GBP""}"
q_0056,train,monthly_revenue_change,merchandise_scope_and_stock_code_grain,True,True,False,False,"[{""field"": ""previous_net_revenue"", ""old"": 680156.99, ""new"": 676770.86, ""kind"": ""numeric""}, {""field"": ""current_net_revenue"", ""old"": 703510.58, ""new"": 701361.85, ""kind"": ""numeric""}, {""field"": ""absolute_change"", ""old"": 23353.59, ""new"": 24590.99, ""kind"": ""numeric""}, {""field"": ""percent_change"", ""old"": 3.43, ""new"": 3.63, ""kind"": ""numeric""}]","{""previous_month"": ""2011-07"", ""current_month"": ""2011-08"", ""previous_month_label"": ""July 2011"", ""current_month_label"": ""August 2011"", ""previous_net_revenue"": 680156.99, ""current_net_revenue"": 703510.58, ""absolute_change"": 23353.59, ""percent_change"": 3.43, ""direction"": ""increase"", ""currency"": ""GBP""}","{""previous_month"": ""2011-07"", ""current_month"": ""2011-08"", ""previous_month_label"": ""July 2011"", ""current_month_label"": ""August 2011"", ""previous_net_revenue"": 676770.86, ""current_net_revenue"": 701361.85, ""absolute_change"": 24590.99, ""percent_change"": 3.63, ""direction"": ""increase"", ""currency"": ""GBP""}"
q_0057,train,monthly_revenue_change,merchandise_scope_and_stock_code_grain,True,True,False,False,"[{""field"": ""previous_net_revenue"", ""old"": 703510.58, ""new"": 701361.85, ""kind"": ""numeric""}, {""field"": ""current_net_revenue"", ""old"": 1017596.68, ""new"": 1011358.16, ""kind"": ""numeric""}, {""field"": ""absolute_change"", ""old"": 314086.1, ""new"": 309996.31, ""kind"": ""numeric""}, {""field"": ""percent_change"", ""old"": 44.65, ""new"": 44.2, ""kind"": ""numeric""}]","{""previous_month"": ""2011-08"", ""current_month"": ""2011-09"", ""previous_month_label"": ""August 2011"", ""current_month_label"": ""September 2011"", ""previous_net_revenue"": 703510.58, ""current_net_revenue"": 1017596.68, ""absolute_change"": 314086.1, ""percent_change"": 44.65, ""direction"": ""increase"", ""currency"": ""GBP""}","{""previous_month"": ""2011-08"", ""current_month"": ""2011-09"", ""previous_month_label"": ""August 2011"", ""current_month_label"": ""September 2011"", ""previous_net_revenue"": 701361.85, ""current_net_revenue"": 1011358.16, ""absolute_change"": 309996.31, ""percent_change"": 44.2, ""direction"": ""increase"", ""currency"": ""GBP""}"
q_0058,dev,monthly_revenue_change,merchandise_scope_and_stock_code_grain,True,True,False,False,"[{""field"": ""previous_net_revenue"", ""old"": 1017596.68, ""new"": 1011358.16, ""kind"": ""numeric""}, {""field"": ""current_net_revenue"", ""old"": 1069368.23, ""new"": 1061714.6, ""kind"": ""numeric""}, {""field"": ""absolute_change"", ""old"": 51771.55, ""new"": 50356.44, ""kind"": ""numeric""}, {""field"": ""percent_change"", ""old"": 5.09, ""new"": 4.98, ""kind"": ""numeric""}]","{""previous_month"": ""2011-09"", ""current_month"": ""2011-10"", ""previous_month_label"": ""September 2011"", ""current_month_label"": ""October 2011"", ""previous_net_revenue"": 1017596.68, ""current_net_revenue"": 1069368.23, ""absolute_change"": 51771.55, ""percent_change"": 5.09, ""direction"": ""increase"", ""currency"": ""GBP""}","{""previous_month"": ""2011-09"", ""current_month"": ""2011-10"", ""previous_month_label"": ""September 2011"", ""current_month_label"": ""October 2011"", ""previous_net_revenue"": 1011358.16, ""current_net_revenue"": 1061714.6, ""absolute_change"": 50356.44, ""percent_change"": 4.98, ""direction"": ""increase"", ""currency"": ""GBP""}"
q_0059,test,monthly_revenue_change,merchandise_scope_and_stock_code_grain,True,True,False,False,"[{""field"": ""previous_net_revenue"", ""old"": 1069368.23, ""new"": 1061714.6, ""kind"": ""numeric""}, {""field"": ""current_net_revenue"", ""old"": 1456145.8, ""new"": 1427121.25, ""kind"": ""numeric""}, {""field"": ""absolute_change"", ""old"": 386777.57, ""new"": 365406.65, ""kind"": ""numeric""}, {""field"": ""percent_change"", ""old"": 36.17, ""new"": 34.42, ""kind"": ""numeric""}]","{""previous_month"": ""2011-10"", ""current_month"": ""2011-11"", ""previous_month_label"": ""October 2011"", ""current_month_label"": ""November 2011"", ""previous_net_revenue"": 1069368.23, ""current_net_revenue"": 1456145.8, ""absolute_change"": 386777.57, ""percent_change"": 36.17, ""direction"": ""increase"", ""currency"": ""GBP""}","{""previous_month"": ""2011-10"", ""current_month"": ""2011-11"", ""previous_month_label"": ""October 2011"", ""current_month_label"": ""November 2011"", ""previous_net_revenue"": 1061714.6, ""current_net_revenue"": 1427121.25, ""absolute_change"": 365406.65, ""percent_change"": 34.42, ""direction"": ""increase"", ""currency"": ""GBP""}"
q_0060,train,top3_products_month,merchandise_scope_and_stock_code_grain,False,False,False,False,[],"{""year_month"": ""2010-12"", ""month_label"": ""December 2010"", ""top_products"": [{""rank"": 1, ""stock_code"": ""22423"", ""description"": ""REGENCY CAKESTAND 3 TIER"", ""merchandise_net_revenue"": 26722.16}, {""rank"": 2, ""stock_code"": ""84029E"", ""description"": ""RED WOOLLY HOTTIE WHITE HEART."", ""merchandise_net_revenue"": 9291.73}, {""rank"": 3, ""stock_code"": ""22086"", ""description"": ""PAPER CHAIN KIT 50'S CHRISTMAS"", ""merchandise_net_revenue"": 9187.45}], ""currency"": ""GBP""}","{""year_month"": ""2010-12"", ""month_label"": ""December 2010"", ""top_products"": [{""rank"": 1, ""stock_code"": ""22423"", ""description"": ""REGENCY CAKESTAND 3 TIER"", ""merchandise_net_revenue"": 26722.16}, {""rank"": 2, ""stock_code"": ""84029E"", ""description"": ""RED WOOLLY HOTTIE WHITE HEART."", ""merchandise_net_revenue"": 9291.73}, {""rank"": 3, ""stock_code"": ""22086"", ""description"": ""PAPER CHAIN KIT 50'S CHRISTMAS"", ""merchandise_net_revenue"": 9187.45}], ""currency"": ""GBP""}"
q_0061,train,top3_products_month,merchandise_scope_and_stock_code_grain,False,False,False,False,[],"{""year_month"": ""2011-01"", ""month_label"": ""January 2011"", ""top_products"": [{""rank"": 1, ""stock_code"": ""85123A"", ""description"": ""WHITE HANGING HEART T-LIGHT HOLDER"", ""merchandise_net_revenue"": 15174.26}, {""rank"": 2, ""stock_code"": ""22423"", ""description"": ""REGENCY CAKESTAND 3 TIER"", ""merchandise_net_revenue"": 11742.5}, {""rank"": 3, ""stock_code"": ""21108"", ""description"": ""FAIRY CAKE FLANNEL ASSORTED COLOUR"", ""merchandise_net_revenue"": 6870.41}], ""currency"": ""GBP""}","{""year_month"": ""2011-01"", ""month_label"": ""January 2011"", ""top_products"": [{""rank"": 1, ""stock_code"": ""85123A"", ""description"": ""WHITE HANGING HEART T-LIGHT HOLDER"", ""merchandise_net_revenue"": 15174.26}, {""rank"": 2, ""stock_code"": ""22423"", ""description"": ""REGENCY CAKESTAND 3 TIER"", ""merchandise_net_revenue"": 11742.5}, {""rank"": 3, ""stock_code"": ""21108"", ""description"": ""FAIRY CAKE FLANNEL ASSORTED COLOUR"", ""merchandise_net_revenue"": 6870.41}], ""currency"": ""GBP""}"
q_0062,train,top3_products_month,merchandise_scope_and_stock_code_grain,False,False,False,False,[],"{""year_month"": ""2011-02"", ""month_label"": ""February 2011"", ""top_products"": [{""rank"": 1, ""stock_code"": ""22423"", ""description"": ""REGENCY CAKESTAND 3 TIER"", ""merchandise_net_revenue"": 10491.54}, {""rank"": 2, ""stock_code"": ""21623"", ""description"": ""VINTAGE UNION JACK MEMOBOARD"", ""merchandise_net_revenue"": 6810.39}, {""rank"": 3, ""stock_code"": ""85099B"", ""description"": ""JUMBO BAG RED RETROSPOT"", ""merchandise_net_revenue"": 5613.64}], ""currency"": ""GBP""}","{""year_month"": ""2011-02"", ""month_label"": ""February 2011"", ""top_products"": [{""rank"": 1, ""stock_code"": ""22423"", ""description"": ""REGENCY CAKESTAND 3 TIER"", ""merchandise_net_revenue"": 10491.54}, {""rank"": 2, ""stock_code"": ""21623"", ""description"": ""VINTAGE UNION JACK MEMOBOARD"", ""merchandise_net_revenue"": 6810.39}, {""rank"": 3, ""stock_code"": ""85099B"", ""description"": ""JUMBO BAG RED RETROSPOT"", ""merchandise_net_revenue"": 5613.64}], ""currency"": ""GBP""}"
q_0063,dev,top3_products_month,merchandise_scope_and_stock_code_grain,False,False,False,False,[],"{""year_month"": ""2011-03"", ""month_label"": ""March 2011"", ""top_products"": [{""rank"": 1, ""stock_code"": ""22423"", ""description"": ""REGENCY CAKESTAND 3 TIER"", ""merchandise_net_revenue"": 16817.85}, {""rank"": 2, ""stock_code"": ""85099B"", ""description"": ""JUMBO BAG RED RETROSPOT"", ""merchandise_net_revenue"": 10116.43}, {""rank"": 3, ""stock_code"": ""47566"", ""description"": ""PARTY BUNTING"", ""merchandise_net_revenue"": 9098.27}], ""currency"": ""GBP""}","{""year_month"": ""2011-03"", ""month_label"": ""March 2011"", ""top_products"": [{""rank"": 1, ""stock_code"": ""22423"", ""description"": ""REGENCY CAKESTAND 3 TIER"", ""merchandise_net_revenue"": 16817.85}, {""rank"": 2, ""stock_code"": ""85099B"", ""description"": ""JUMBO BAG RED RETROSPOT"", ""merchandise_net_revenue"": 10116.43}, {""rank"": 3, ""stock_code"": ""47566"", ""description"": ""PARTY BUNTING"", ""merchandise_net_revenue"": 9098.27}], ""currency"": ""GBP""}"
q_0064,test,top3_products_month,merchandise_scope_and_stock_code_grain,False,False,False,False,[],"{""year_month"": ""2011-04"", ""month_label"": ""April 2011"", ""top_products"": [{""rank"": 1, ""stock_code"": ""22423"", ""description"": ""REGENCY CAKESTAND 3 TIER"", ""merchandise_net_revenue"": 14280.9}, {""rank"": 2, ""stock_code"": ""47566"", ""description"": ""PARTY BUNTING"", ""merchandise_net_revenue"": 10323.87}, {""rank"": 3, ""stock_code"": ""22084"", ""description"": ""PAPER CHAIN KIT EMPIRE"", ""merchandise_net_revenue"": 6619.51}], ""currency"": ""GBP""}","{""year_month"": ""2011-04"", ""month_label"": ""April 2011"", ""top_products"": [{""rank"": 1, ""stock_code"": ""22423"", ""description"": ""REGENCY CAKESTAND 3 TIER"", ""merchandise_net_revenue"": 14280.9}, {""rank"": 2, ""stock_code"": ""47566"", ""description"": ""PARTY BUNTING"", ""merchandise_net_revenue"": 10323.87}, {""rank"": 3, ""stock_code"": ""22084"", ""description"": ""PAPER CHAIN KIT EMPIRE"", ""merchandise_net_revenue"": 6619.51}], ""currency"": ""GBP""}"
q_0065,train,top3_products_month,merchandise_scope_and_stock_code_grain,False,False,False,False,[],"{""year_month"": ""2011-05"", ""month_label"": ""May 2011"", ""top_products"": [{""rank"": 1, ""stock_code"": ""47566"", ""description"": ""PARTY BUNTING"", ""merchandise_net_revenue"": 19093.3}, {""rank"": 2, ""stock_code"": ""22423"", ""description"": ""REGENCY CAKESTAND 3 TIER"", ""merchandise_net_revenue"": 12217.27}, {""rank"": 3, ""stock_code"": ""85123A"", ""description"": ""WHITE HANGING HEART T-LIGHT HOLDER"", ""merchandise_net_revenue"": 11172.17}], ""currency"": ""GBP""}","{""year_month"": ""2011-05"", ""month_label"": ""May 2011"", ""top_products"": [{""rank"": 1, ""stock_code"": ""47566"", ""description"": ""PARTY BUNTING"", ""merchandise_net_revenue"": 19093.3}, {""rank"": 2, ""stock_code"": ""22423"", ""description"": ""REGENCY CAKESTAND 3 TIER"", ""merchandise_net_revenue"": 12217.27}, {""rank"": 3, ""stock_code"": ""85123A"", ""description"": ""WHITE HANGING HEART T-LIGHT HOLDER"", ""merchandise_net_revenue"": 11172.17}], ""currency"": ""GBP""}"
q_0066,train,top3_products_month,merchandise_scope_and_stock_code_grain,True,True,False,False,"[{""field"": ""top_products[0].description"", ""old"": ""PICNIC BASKET WICKER 60 PIECES"", ""new"": ""PICNIC BASKET WICKER SMALL"", ""kind"": ""categorical""}, {""field"": ""top_products[0].merchandise_net_revenue"", ""old"": 39619.5, ""new"": 40298.1, ""kind"": ""numeric""}]","{""year_month"": ""2011-06"", ""month_label"": ""June 2011"", ""top_products"": [{""rank"": 1, ""stock_code"": ""22502"", ""description"": ""PICNIC BASKET WICKER 60 PIECES"", ""merchandise_net_revenue"": 39619.5}, {""rank"": 2, ""stock_code"": ""47566"", ""description"": ""PARTY BUNTING"", ""merchandise_net_revenue"": 12452.17}, {""rank"": 3, ""stock_code"": ""22423"", ""description"": ""REGENCY CAKESTAND 3 TIER"", ""merchandise_net_revenue"": 9453.64}], ""currency"": ""GBP""}","{""year_month"": ""2011-06"", ""month_label"": ""June 2011"", ""top_products"": [{""rank"": 1, ""stock_code"": ""22502"", ""description"": ""PICNIC BASKET WICKER SMALL"", ""merchandise_net_revenue"": 40298.1}, {""rank"": 2, ""stock_code"": ""47566"", ""description"": ""PARTY BUNTING"", ""merchandise_net_revenue"": 12452.17}, {""rank"": 3, ""stock_code"": ""22423"", ""description"": ""REGENCY CAKESTAND 3 TIER"", ""merchandise_net_revenue"": 9453.64}], ""currency"": ""GBP""}"
q_0067,train,top3_products_month,merchandise_scope_and_stock_code_grain,False,False,False,False,[],"{""year_month"": ""2011-07"", ""month_label"": ""July 2011"", ""top_products"": [{""rank"": 1, ""stock_code"": ""47566"", ""description"": ""PARTY BUNTING"", ""merchandise_net_revenue"": 14576.5}, {""rank"": 2, ""stock_code"": ""22423"", ""description"": ""REGENCY CAKESTAND 3 TIER"", ""merchandise_net_revenue"": 13726.56}, {""rank"": 3, ""stock_code"": ""85123A"", ""description"": ""WHITE HANGING HEART T-LIGHT HOLDER"", ""merchandise_net_revenue"": 8474.61}], ""currency"": ""GBP""}","{""year_month"": ""2011-07"", ""month_label"": ""July 2011"", ""top_products"": [{""rank"": 1, ""stock_code"": ""47566"", ""description"": ""PARTY BUNTING"", ""merchandise_net_revenue"": 14576.5}, {""rank"": 2, ""stock_code"": ""22423"", ""description"": ""REGENCY CAKESTAND 3 TIER"", ""merchandise_net_revenue"": 13726.56}, {""rank"": 3, ""stock_code"": ""85123A"", ""description"": ""WHITE HANGING HEART T-LIGHT HOLDER"", ""merchandise_net_revenue"": 8474.61}], ""currency"": ""GBP""}"
q_0068,dev,top3_products_month,merchandise_scope_and_stock_code_grain,False,False,False,False,[],"{""year_month"": ""2011-08"", ""month_label"": ""August 2011"", ""top_products"": [{""rank"": 1, ""stock_code"": ""85099B"", ""description"": ""JUMBO BAG RED RETROSPOT"", ""merchandise_net_revenue"": 10441.77}, {""rank"": 2, ""stock_code"": ""84879"", ""description"": ""ASSORTED COLOUR BIRD ORNAMENT"", ""merchandise_net_revenue"": 9867.04}, {""rank"": 3, ""stock_code"": ""47566"", ""description"": ""PARTY BUNTING"", ""merchandise_net_revenue"": 9655.25}], ""currency"": ""GBP""}","{""year_month"": ""2011-08"", ""month_label"": ""August 2011"", ""top_products"": [{""rank"": 1, ""stock_code"": ""85099B"", ""description"": ""JUMBO BAG RED RETROSPOT"", ""merchandise_net_revenue"": 10441.77}, {""rank"": 2, ""stock_code"": ""84879"", ""description"": ""ASSORTED COLOUR BIRD ORNAMENT"", ""merchandise_net_revenue"": 9867.04}, {""rank"": 3, ""stock_code"": ""47566"", ""description"": ""PARTY BUNTING"", ""merchandise_net_revenue"": 9655.25}], ""currency"": ""GBP""}"
q_0069,test,top3_products_month,merchandise_scope_and_stock_code_grain,False,False,False,False,[],"{""year_month"": ""2011-09"", ""month_label"": ""September 2011"", ""top_products"": [{""rank"": 1, ""stock_code"": ""23243"", ""description"": ""SET OF TEA COFFEE SUGAR TINS PANTRY"", ""merchandise_net_revenue"": 9971.51}, {""rank"": 2, ""stock_code"": ""22423"", ""description"": ""REGENCY CAKESTAND 3 TIER"", ""merchandise_net_revenue"": 9315.03}, {""rank"": 3, ""stock_code"": ""85099B"", ""description"": ""JUMBO BAG RED RETROSPOT"", ""merchandise_net_revenue"": 8630.45}], ""currency"": ""GBP""}","{""year_month"": ""2011-09"", ""month_label"": ""September 2011"", ""top_products"": [{""rank"": 1, ""stock_code"": ""23243"", ""description"": ""SET OF TEA COFFEE SUGAR TINS PANTRY"", ""merchandise_net_revenue"": 9971.51}, {""rank"": 2, ""stock_code"": ""22423"", ""description"": ""REGENCY CAKESTAND 3 TIER"", ""merchandise_net_revenue"": 9315.03}, {""rank"": 3, ""stock_code"": ""85099B"", ""description"": ""JUMBO BAG RED RETROSPOT"", ""merchandise_net_revenue"": 8630.45}], ""currency"": ""GBP""}"
q_0070,train,top3_products_month,merchandise_scope_and_stock_code_grain,False,False,False,False,[],"{""year_month"": ""2011-10"", ""month_label"": ""October 2011"", ""top_products"": [{""rank"": 1, ""stock_code"": ""22423"", ""description"": ""REGENCY CAKESTAND 3 TIER"", ""merchandise_net_revenue"": 12635.34}, {""rank"": 2, ""stock_code"": ""23084"", ""description"": ""RABBIT NIGHT LIGHT"", ""merchandise_net_revenue"": 12249.71}, {""rank"": 3, ""stock_code"": ""23284"", ""description"": ""DOORMAT KEEP CALM AND COME IN"", ""merchandise_net_revenue"": 10103.7}], ""currency"": ""GBP""}","{""year_month"": ""2011-10"", ""month_label"": ""October 2011"", ""top_products"": [{""rank"": 1, ""stock_code"": ""22423"", ""description"": ""REGENCY CAKESTAND 3 TIER"", ""merchandise_net_revenue"": 12635.34}, {""rank"": 2, ""stock_code"": ""23084"", ""description"": ""RABBIT NIGHT LIGHT"", ""merchandise_net_revenue"": 12249.71}, {""rank"": 3, ""stock_code"": ""23284"", ""description"": ""DOORMAT KEEP CALM AND COME IN"", ""merchandise_net_revenue"": 10103.7}], ""currency"": ""GBP""}"
q_0071,train,top3_products_month,merchandise_scope_and_stock_code_grain,False,False,False,False,[],"{""year_month"": ""2011-11"", ""month_label"": ""November 2011"", ""top_products"": [{""rank"": 1, ""stock_code"": ""23084"", ""description"": ""RABBIT NIGHT LIGHT"", ""merchandise_net_revenue"": 34343.77}, {""rank"": 2, ""stock_code"": ""22086"", ""description"": ""PAPER CHAIN KIT 50'S CHRISTMAS"", ""merchandise_net_revenue"": 28853.54}, {""rank"": 3, ""stock_code"": ""85123A"", ""description"": ""WHITE HANGING HEART T-LIGHT HOLDER"", ""merchandise_net_revenue"": 14113.9}], ""currency"": ""GBP""}","{""year_month"": ""2011-11"", ""month_label"": ""November 2011"", ""top_products"": [{""rank"": 1, ""stock_code"": ""23084"", ""description"": ""RABBIT NIGHT LIGHT"", ""merchandise_net_revenue"": 34343.77}, {""rank"": 2, ""stock_code"": ""22086"", ""description"": ""PAPER CHAIN KIT 50'S CHRISTMAS"", ""merchandise_net_revenue"": 28853.54}, {""rank"": 3, ""stock_code"": ""85123A"", ""description"": ""WHITE HANGING HEART T-LIGHT HOLDER"", ""merchandise_net_revenue"": 14113.9}], ""currency"": ""GBP""}"
q_0072,train,top3_products_month,merchandise_scope_and_stock_code_grain,False,False,False,False,[],"{""year_month"": ""2011-12"", ""month_label"": ""December 2011"", ""top_products"": [{""rank"": 1, ""stock_code"": ""23084"", ""description"": ""RABBIT NIGHT LIGHT"", ""merchandise_net_revenue"": 9603.45}, {""rank"": 2, ""stock_code"": ""22086"", ""description"": ""PAPER CHAIN KIT 50'S CHRISTMAS"", ""merchandise_net_revenue"": 6867.76}, {""rank"": 3, ""stock_code"": ""22423"", ""description"": ""REGENCY CAKESTAND 3 TIER"", ""merchandise_net_revenue"": 5890.17}], ""currency"": ""GBP""}","{""year_month"": ""2011-12"", ""month_label"": ""December 2011"", ""top_products"": [{""rank"": 1, ""stock_code"": ""23084"", ""description"": ""RABBIT NIGHT LIGHT"", ""merchandise_net_revenue"": 9603.45}, {""rank"": 2, ""stock_code"": ""22086"", ""description"": ""PAPER CHAIN KIT 50'S CHRISTMAS"", ""merchandise_net_revenue"": 6867.76}, {""rank"": 3, ""stock_code"": ""22423"", ""description"": ""REGENCY CAKESTAND 3 TIER"", ""merchandise_net_revenue"": 5890.17}], ""currency"": ""GBP""}"
q_0073,train,product_revenue_share_month,merchandise_scope_and_stock_code_grain,False,False,False,False,[],"{""year_month"": ""2011-01"", ""month_label"": ""January 2011"", ""top_n"": 1, ""top_products"": [{""rank"": 1, ""stock_code"": ""85123A"", ""description"": ""WHITE HANGING HEART T-LIGHT HOLDER"", ""merchandise_net_revenue"": 15174.26}], ""numerator_merchandise_net_revenue"": 15174.26, ""total_merchandise_net_revenue"": 578914.41, ""share_percent"": 2.62, ""currency"": ""GBP""}","{""year_month"": ""2011-01"", ""month_label"": ""January 2011"", ""top_n"": 1, ""top_products"": [{""rank"": 1, ""stock_code"": ""85123A"", ""description"": ""WHITE HANGING HEART T-LIGHT HOLDER"", ""merchandise_net_revenue"": 15174.26}], ""numerator_merchandise_net_revenue"": 15174.26, ""total_merchandise_net_revenue"": 578914.41, ""share_percent"": 2.62, ""currency"": ""GBP""}"
q_0074,train,product_revenue_share_month,merchandise_scope_and_stock_code_grain,False,False,False,False,[],"{""year_month"": ""2011-02"", ""month_label"": ""February 2011"", ""top_n"": 1, ""top_products"": [{""rank"": 1, ""stock_code"": ""22423"", ""description"": ""REGENCY CAKESTAND 3 TIER"", ""merchandise_net_revenue"": 10491.54}], ""numerator_merchandise_net_revenue"": 10491.54, ""total_merchandise_net_revenue"": 499514.57, ""share_percent"": 2.1, ""currency"": ""GBP""}","{""year_month"": ""2011-02"", ""month_label"": ""February 2011"", ""top_n"": 1, ""top_products"": [{""rank"": 1, ""stock_code"": ""22423"", ""description"": ""REGENCY CAKESTAND 3 TIER"", ""merchandise_net_revenue"": 10491.54}], ""numerator_merchandise_net_revenue"": 10491.54, ""total_merchandise_net_revenue"": 499514.57, ""share_percent"": 2.1, ""currency"": ""GBP""}"
q_0075,train,product_revenue_share_month,merchandise_scope_and_stock_code_grain,False,False,False,False,[],"{""year_month"": ""2011-03"", ""month_label"": ""March 2011"", ""top_n"": 1, ""top_products"": [{""rank"": 1, ""stock_code"": ""22423"", ""description"": ""REGENCY CAKESTAND 3 TIER"", ""merchandise_net_revenue"": 16817.85}], ""numerator_merchandise_net_revenue"": 16817.85, ""total_merchandise_net_revenue"": 679212.52, ""share_percent"": 2.48, ""currency"": ""GBP""}","{""year_month"": ""2011-03"", ""month_label"": ""March 2011"", ""top_n"": 1, ""top_products"": [{""rank"": 1, ""stock_code"": ""22423"", ""description"": ""REGENCY CAKESTAND 3 TIER"", ""merchandise_net_revenue"": 16817.85}], ""numerator_merchandise_net_revenue"": 16817.85, ""total_merchandise_net_revenue"": 679212.52, ""share_percent"": 2.48, ""currency"": ""GBP""}"
q_0076,dev,product_revenue_share_month,merchandise_scope_and_stock_code_grain,False,False,False,False,[],"{""year_month"": ""2011-04"", ""month_label"": ""April 2011"", ""top_n"": 1, ""top_products"": [{""rank"": 1, ""stock_code"": ""22423"", ""description"": ""REGENCY CAKESTAND 3 TIER"", ""merchandise_net_revenue"": 14280.9}], ""numerator_merchandise_net_revenue"": 14280.9, ""total_merchandise_net_revenue"": 482147.02, ""share_percent"": 2.96, ""currency"": ""GBP""}","{""year_month"": ""2011-04"", ""month_label"": ""April 2011"", ""top_n"": 1, ""top_products"": [{""rank"": 1, ""stock_code"": ""22423"", ""description"": ""REGENCY CAKESTAND 3 TIER"", ""merchandise_net_revenue"": 14280.9}], ""numerator_merchandise_net_revenue"": 14280.9, ""total_merchandise_net_revenue"": 482147.02, ""share_percent"": 2.96, ""currency"": ""GBP""}"
q_0077,test,product_revenue_share_month,merchandise_scope_and_stock_code_grain,False,False,False,False,[],"{""year_month"": ""2011-05"", ""month_label"": ""May 2011"", ""top_n"": 1, ""top_products"": [{""rank"": 1, ""stock_code"": ""47566"", ""description"": ""PARTY BUNTING"", ""merchandise_net_revenue"": 19093.3}], ""numerator_merchandise_net_revenue"": 19093.3, ""total_merchandise_net_revenue"": 731051.91, ""share_percent"": 2.61, ""currency"": ""GBP""}","{""year_month"": ""2011-05"", ""month_label"": ""May 2011"", ""top_n"": 1, ""top_products"": [{""rank"": 1, ""stock_code"": ""47566"", ""description"": ""PARTY BUNTING"", ""merchandise_net_revenue"": 19093.3}], ""numerator_merchandise_net_revenue"": 19093.3, ""total_merchandise_net_revenue"": 731051.91, ""share_percent"": 2.61, ""currency"": ""GBP""}"
q_0078,train,product_revenue_share_month,merchandise_scope_and_stock_code_grain,True,True,False,False,"[{""field"": ""top_products[0].description"", ""old"": ""PICNIC BASKET WICKER 60 PIECES"", ""new"": ""PICNIC BASKET WICKER SMALL"", ""kind"": ""categorical""}, {""field"": ""top_products[0].merchandise_net_revenue"", ""old"": 39619.5, ""new"": 40298.1, ""kind"": ""numeric""}, {""field"": ""numerator_merchandise_net_revenue"", ""old"": 39619.5, ""new"": 40298.1, ""kind"": ""numeric""}, {""field"": ""share_percent"", ""old"": 5.47, ""new"": 5.57, ""kind"": ""numeric""}]","{""year_month"": ""2011-06"", ""month_label"": ""June 2011"", ""top_n"": 1, ""top_products"": [{""rank"": 1, ""stock_code"": ""22502"", ""description"": ""PICNIC BASKET WICKER 60 PIECES"", ""merchandise_net_revenue"": 39619.5}], ""numerator_merchandise_net_revenue"": 39619.5, ""total_merchandise_net_revenue"": 723970.15, ""share_percent"": 5.47, ""currency"": ""GBP""}","{""year_month"": ""2011-06"", ""month_label"": ""June 2011"", ""top_n"": 1, ""top_products"": [{""rank"": 1, ""stock_code"": ""22502"", ""description"": ""PICNIC BASKET WICKER SMALL"", ""merchandise_net_revenue"": 40298.1}], ""numerator_merchandise_net_revenue"": 40298.1, ""total_merchandise_net_revenue"": 723970.15, ""share_percent"": 5.57, ""currency"": ""GBP""}"
q_0079,train,product_revenue_share_month,merchandise_scope_and_stock_code_grain,False,False,False,False,[],"{""year_month"": ""2011-07"", ""month_label"": ""July 2011"", ""top_n"": 1, ""top_products"": [{""rank"": 1, ""stock_code"": ""47566"", ""description"": ""PARTY BUNTING"", ""merchandise_net_revenue"": 14576.5}], ""numerator_merchandise_net_revenue"": 14576.5, ""total_merchandise_net_revenue"": 676770.86, ""share_percent"": 2.15, ""currency"": ""GBP""}","{""year_month"": ""2011-07"", ""month_label"": ""July 2011"", ""top_n"": 1, ""top_products"": [{""rank"": 1, ""stock_code"": ""47566"", ""description"": ""PARTY BUNTING"", ""merchandise_net_revenue"": 14576.5}], ""numerator_merchandise_net_revenue"": 14576.5, ""total_merchandise_net_revenue"": 676770.86, ""share_percent"": 2.15, ""currency"": ""GBP""}"
q_0080,train,product_revenue_share_month,merchandise_scope_and_stock_code_grain,False,False,False,False,[],"{""year_month"": ""2011-08"", ""month_label"": ""August 2011"", ""top_n"": 1, ""top_products"": [{""rank"": 1, ""stock_code"": ""85099B"", ""description"": ""JUMBO BAG RED RETROSPOT"", ""merchandise_net_revenue"": 10441.77}], ""numerator_merchandise_net_revenue"": 10441.77, ""total_merchandise_net_revenue"": 701361.85, ""share_percent"": 1.49, ""currency"": ""GBP""}","{""year_month"": ""2011-08"", ""month_label"": ""August 2011"", ""top_n"": 1, ""top_products"": [{""rank"": 1, ""stock_code"": ""85099B"", ""description"": ""JUMBO BAG RED RETROSPOT"", ""merchandise_net_revenue"": 10441.77}], ""numerator_merchandise_net_revenue"": 10441.77, ""total_merchandise_net_revenue"": 701361.85, ""share_percent"": 1.49, ""currency"": ""GBP""}"
q_0081,dev,product_revenue_share_month,merchandise_scope_and_stock_code_grain,False,False,False,False,[],"{""year_month"": ""2011-09"", ""month_label"": ""September 2011"", ""top_n"": 1, ""top_products"": [{""rank"": 1, ""stock_code"": ""23243"", ""description"": ""SET OF TEA COFFEE SUGAR TINS PANTRY"", ""merchandise_net_revenue"": 9971.51}], ""numerator_merchandise_net_revenue"": 9971.51, ""total_merchandise_net_revenue"": 1011358.16, ""share_percent"": 0.99, ""currency"": ""GBP""}","{""year_month"": ""2011-09"", ""month_label"": ""September 2011"", ""top_n"": 1, ""top_products"": [{""rank"": 1, ""stock_code"": ""23243"", ""description"": ""SET OF TEA COFFEE SUGAR TINS PANTRY"", ""merchandise_net_revenue"": 9971.51}], ""numerator_merchandise_net_revenue"": 9971.51, ""total_merchandise_net_revenue"": 1011358.16, ""share_percent"": 0.99, ""currency"": ""GBP""}"
q_0082,test,product_revenue_share_month,merchandise_scope_and_stock_code_grain,False,False,False,False,[],"{""year_month"": ""2011-10"", ""month_label"": ""October 2011"", ""top_n"": 1, ""top_products"": [{""rank"": 1, ""stock_code"": ""22423"", ""description"": ""REGENCY CAKESTAND 3 TIER"", ""merchandise_net_revenue"": 12635.34}], ""numerator_merchandise_net_revenue"": 12635.34, ""total_merchandise_net_revenue"": 1061714.6, ""share_percent"": 1.19, ""currency"": ""GBP""}","{""year_month"": ""2011-10"", ""month_label"": ""October 2011"", ""top_n"": 1, ""top_products"": [{""rank"": 1, ""stock_code"": ""22423"", ""description"": ""REGENCY CAKESTAND 3 TIER"", ""merchandise_net_revenue"": 12635.34}], ""numerator_merchandise_net_revenue"": 12635.34, ""total_merchandise_net_revenue"": 1061714.6, ""share_percent"": 1.19, ""currency"": ""GBP""}"
q_0083,train,product_revenue_share_month,merchandise_scope_and_stock_code_grain,False,False,False,False,[],"{""year_month"": ""2011-11"", ""month_label"": ""November 2011"", ""top_n"": 1, ""top_products"": [{""rank"": 1, ""stock_code"": ""23084"", ""description"": ""RABBIT NIGHT LIGHT"", ""merchandise_net_revenue"": 34343.77}], ""numerator_merchandise_net_revenue"": 34343.77, ""total_merchandise_net_revenue"": 1427121.25, ""share_percent"": 2.41, ""currency"": ""GBP""}","{""year_month"": ""2011-11"", ""month_label"": ""November 2011"", ""top_n"": 1, ""top_products"": [{""rank"": 1, ""stock_code"": ""23084"", ""description"": ""RABBIT NIGHT LIGHT"", ""merchandise_net_revenue"": 34343.77}], ""numerator_merchandise_net_revenue"": 34343.77, ""total_merchandise_net_revenue"": 1427121.25, ""share_percent"": 2.41, ""currency"": ""GBP""}"
q_0084,train,product_revenue_share_month,merchandise_scope_and_stock_code_grain,False,False,False,False,[],"{""year_month"": ""2011-01"", ""month_label"": ""January 2011"", ""top_n"": 3, ""top_products"": [{""rank"": 1, ""stock_code"": ""85123A"", ""description"": ""WHITE HANGING HEART T-LIGHT HOLDER"", ""merchandise_net_revenue"": 15174.26}, {""rank"": 2, ""stock_code"": ""22423"", ""description"": ""REGENCY CAKESTAND 3 TIER"", ""merchandise_net_revenue"": 11742.5}, {""rank"": 3, ""stock_code"": ""21108"", ""description"": ""FAIRY CAKE FLANNEL ASSORTED COLOUR"", ""merchandise_net_revenue"": 6870.41}], ""numerator_merchandise_net_revenue"": 33787.17, ""total_merchandise_net_revenue"": 578914.41, ""share_percent"": 5.84, ""currency"": ""GBP""}","{""year_month"": ""2011-01"", ""month_label"": ""January 2011"", ""top_n"": 3, ""top_products"": [{""rank"": 1, ""stock_code"": ""85123A"", ""description"": ""WHITE HANGING HEART T-LIGHT HOLDER"", ""merchandise_net_revenue"": 15174.26}, {""rank"": 2, ""stock_code"": ""22423"", ""description"": ""REGENCY CAKESTAND 3 TIER"", ""merchandise_net_revenue"": 11742.5}, {""rank"": 3, ""stock_code"": ""21108"", ""description"": ""FAIRY CAKE FLANNEL ASSORTED COLOUR"", ""merchandise_net_revenue"": 6870.41}], ""numerator_merchandise_net_revenue"": 33787.17, ""total_merchandise_net_revenue"": 578914.41, ""share_percent"": 5.84, ""currency"": ""GBP""}"
q_0085,train,product_revenue_share_month,merchandise_scope_and_stock_code_grain,False,False,False,False,[],"{""year_month"": ""2011-03"", ""month_label"": ""March 2011"", ""top_n"": 3, ""top_products"": [{""rank"": 1, ""stock_code"": ""22423"", ""description"": ""REGENCY CAKESTAND 3 TIER"", ""merchandise_net_revenue"": 16817.85}, {""rank"": 2, ""stock_code"": ""85099B"", ""description"": ""JUMBO BAG RED RETROSPOT"", ""merchandise_net_revenue"": 10116.43}, {""rank"": 3, ""stock_code"": ""47566"", ""description"": ""PARTY BUNTING"", ""merchandise_net_revenue"": 9098.27}], ""numerator_merchandise_net_revenue"": 36032.55, ""total_merchandise_net_revenue"": 679212.52, ""share_percent"": 5.31, ""currency"": ""GBP""}","{""year_month"": ""2011-03"", ""month_label"": ""March 2011"", ""top_n"": 3, ""top_products"": [{""rank"": 1, ""stock_code"": ""22423"", ""description"": ""REGENCY CAKESTAND 3 TIER"", ""merchandise_net_revenue"": 16817.85}, {""rank"": 2, ""stock_code"": ""85099B"", ""description"": ""JUMBO BAG RED RETROSPOT"", ""merchandise_net_revenue"": 10116.43}, {""rank"": 3, ""stock_code"": ""47566"", ""description"": ""PARTY BUNTING"", ""merchandise_net_revenue"": 9098.27}], ""numerator_merchandise_net_revenue"": 36032.55, ""total_merchandise_net_revenue"": 679212.52, ""share_percent"": 5.31, ""currency"": ""GBP""}"
q_0086,dev,product_revenue_share_month,merchandise_scope_and_stock_code_grain,True,True,False,False,"[{""field"": ""top_products[0].description"", ""old"": ""PICNIC BASKET WICKER 60 PIECES"", ""new"": ""PICNIC BASKET WICKER SMALL"", ""kind"": ""categorical""}, {""field"": ""top_products[0].merchandise_net_revenue"", ""old"": 39619.5, ""new"": 40298.1, ""kind"": ""numeric""}, {""field"": ""numerator_merchandise_net_revenue"", ""old"": 61525.31, ""new"": 62203.91, ""kind"": ""numeric""}, {""field"": ""share_percent"", ""old"": 8.5, ""new"": 8.59, ""kind"": ""numeric""}]","{""year_month"": ""2011-06"", ""month_label"": ""June 2011"", ""top_n"": 3, ""top_products"": [{""rank"": 1, ""stock_code"": ""22502"", ""description"": ""PICNIC BASKET WICKER 60 PIECES"", ""merchandise_net_revenue"": 39619.5}, {""rank"": 2, ""stock_code"": ""47566"", ""description"": ""PARTY BUNTING"", ""merchandise_net_revenue"": 12452.17}, {""rank"": 3, ""stock_code"": ""22423"", ""description"": ""REGENCY CAKESTAND 3 TIER"", ""merchandise_net_revenue"": 9453.64}], ""numerator_merchandise_net_revenue"": 61525.31, ""total_merchandise_net_revenue"": 723970.15, ""share_percent"": 8.5, ""currency"": ""GBP""}","{""year_month"": ""2011-06"", ""month_label"": ""June 2011"", ""top_n"": 3, ""top_products"": [{""rank"": 1, ""stock_code"": ""22502"", ""description"": ""PICNIC BASKET WICKER SMALL"", ""merchandise_net_revenue"": 40298.1}, {""rank"": 2, ""stock_code"": ""47566"", ""description"": ""PARTY BUNTING"", ""merchandise_net_revenue"": 12452.17}, {""rank"": 3, ""stock_code"": ""22423"", ""description"": ""REGENCY CAKESTAND 3 TIER"", ""merchandise_net_revenue"": 9453.64}], ""numerator_merchandise_net_revenue"": 62203.91, ""total_merchandise_net_revenue"": 723970.15, ""share_percent"": 8.59, ""currency"": ""GBP""}"
q_0087,test,product_revenue_share_month,merchandise_scope_and_stock_code_grain,False,False,False,False,[],"{""year_month"": ""2011-09"", ""month_label"": ""September 2011"", ""top_n"": 3, ""top_products"": [{""rank"": 1, ""stock_code"": ""23243"", ""description"": ""SET OF TEA COFFEE SUGAR TINS PANTRY"", ""merchandise_net_revenue"": 9971.51}, {""rank"": 2, ""stock_code"": ""22423"", ""description"": ""REGENCY CAKESTAND 3 TIER"", ""merchandise_net_revenue"": 9315.03}, {""rank"": 3, ""stock_code"": ""85099B"", ""description"": ""JUMBO BAG RED RETROSPOT"", ""merchandise_net_revenue"": 8630.45}], ""numerator_merchandise_net_revenue"": 27916.99, ""total_merchandise_net_revenue"": 1011358.16, ""share_percent"": 2.76, ""currency"": ""GBP""}","{""year_month"": ""2011-09"", ""month_label"": ""September 2011"", ""top_n"": 3, ""top_products"": [{""rank"": 1, ""stock_code"": ""23243"", ""description"": ""SET OF TEA COFFEE SUGAR TINS PANTRY"", ""merchandise_net_revenue"": 9971.51}, {""rank"": 2, ""stock_code"": ""22423"", ""description"": ""REGENCY CAKESTAND 3 TIER"", ""merchandise_net_revenue"": 9315.03}, {""rank"": 3, ""stock_code"": ""85099B"", ""description"": ""JUMBO BAG RED RETROSPOT"", ""merchandise_net_revenue"": 8630.45}], ""numerator_merchandise_net_revenue"": 27916.99, ""total_merchandise_net_revenue"": 1011358.16, ""share_percent"": 2.76, ""currency"": ""GBP""}"
q_0088,train,product_revenue_share_month,merchandise_scope_and_stock_code_grain,False,False,False,False,[],"{""year_month"": ""2011-11"", ""month_label"": ""November 2011"", ""top_n"": 3, ""top_products"": [{""rank"": 1, ""stock_code"": ""23084"", ""description"": ""RABBIT NIGHT LIGHT"", ""merchandise_net_revenue"": 34343.77}, {""rank"": 2, ""stock_code"": ""22086"", ""description"": ""PAPER CHAIN KIT 50'S CHRISTMAS"", ""merchandise_net_revenue"": 28853.54}, {""rank"": 3, ""stock_code"": ""85123A"", ""description"": ""WHITE HANGING HEART T-LIGHT HOLDER"", ""merchandise_net_revenue"": 14113.9}], ""numerator_merchandise_net_revenue"": 77311.21, ""total_merchandise_net_revenue"": 1427121.25, ""share_percent"": 5.42, ""currency"": ""GBP""}","{""year_month"": ""2011-11"", ""month_label"": ""November 2011"", ""top_n"": 3, ""top_products"": [{""rank"": 1, ""stock_code"": ""23084"", ""description"": ""RABBIT NIGHT LIGHT"", ""merchandise_net_revenue"": 34343.77}, {""rank"": 2, ""stock_code"": ""22086"", ""description"": ""PAPER CHAIN KIT 50'S CHRISTMAS"", ""merchandise_net_revenue"": 28853.54}, {""rank"": 3, ""stock_code"": ""85123A"", ""description"": ""WHITE HANGING HEART T-LIGHT HOLDER"", ""merchandise_net_revenue"": 14113.9}], ""numerator_merchandise_net_revenue"": 77311.21, ""total_merchandise_net_revenue"": 1427121.25, ""share_percent"": 5.42, ""currency"": ""GBP""}"
q_0089,train,return_impact_month,merchandise_scope_and_stock_code_grain,True,True,False,False,"[{""field"": ""gross_positive_revenue"", ""old"": 821452.73, ""new"": 775714.95, ""kind"": ""numeric""}, {""field"": ""cancellation_revenue"", ""old"": -74729.12, ""new"": -17547.86, ""kind"": ""numeric""}, {""field"": ""reduction_amount"", ""old"": 74729.12, ""new"": 17547.86, ""kind"": ""numeric""}, {""field"": ""reduction_rate_percent"", ""old"": 9.1, ""new"": 2.26, ""kind"": ""numeric""}, {""field"": ""net_revenue"", ""old"": 746723.61, ""new"": 758167.09, ""kind"": ""numeric""}]","{""year_month"": ""2010-12"", ""month_label"": ""December 2010"", ""gross_positive_revenue"": 821452.73, ""cancellation_revenue"": -74729.12, ""reduction_amount"": 74729.12, ""reduction_rate_percent"": 9.1, ""net_revenue"": 746723.61, ""currency"": ""GBP""}","{""year_month"": ""2010-12"", ""month_label"": ""December 2010"", ""gross_positive_revenue"": 775714.95, ""cancellation_revenue"": -17547.86, ""reduction_amount"": 17547.86, ""reduction_rate_percent"": 2.26, ""net_revenue"": 758167.09, ""currency"": ""GBP""}"
q_0090,train,return_impact_month,merchandise_scope_and_stock_code_grain,True,True,False,False,"[{""field"": ""gross_positive_revenue"", ""old"": 689811.61, ""new"": 670439.46, ""kind"": ""numeric""}, {""field"": ""cancellation_revenue"", ""old"": -131363.05, ""new"": -91525.05, ""kind"": ""numeric""}, {""field"": ""reduction_amount"", ""old"": 131363.05, ""new"": 91525.05, ""kind"": ""numeric""}, {""field"": ""reduction_rate_percent"", ""old"": 19.04, ""new"": 13.65, ""kind"": ""numeric""}, {""field"": ""net_revenue"", ""old"": 558448.56, ""new"": 578914.41, ""kind"": ""numeric""}]","{""year_month"": ""2011-01"", ""month_label"": ""January 2011"", ""gross_positive_revenue"": 689811.61, ""cancellation_revenue"": -131363.05, ""reduction_amount"": 131363.05, ""reduction_rate_percent"": 19.04, ""net_revenue"": 558448.56, ""currency"": ""GBP""}","{""year_month"": ""2011-01"", ""month_label"": ""January 2011"", ""gross_positive_revenue"": 670439.46, ""cancellation_revenue"": -91525.05, ""reduction_amount"": 91525.05, ""reduction_rate_percent"": 13.65, ""net_revenue"": 578914.41, ""currency"": ""GBP""}"
q_0091,train,return_impact_month,merchandise_scope_and_stock_code_grain,True,True,False,False,"[{""field"": ""gross_positive_revenue"", ""old"": 522545.56, ""new"": 507850.09, ""kind"": ""numeric""}, {""field"": ""cancellation_revenue"", ""old"": -25519.15, ""new"": -8335.52, ""kind"": ""numeric""}, {""field"": ""reduction_amount"", ""old"": 25519.15, ""new"": 8335.52, ""kind"": ""numeric""}, {""field"": ""reduction_rate_percent"", ""old"": 4.88, ""new"": 1.64, ""kind"": ""numeric""}, {""field"": ""net_revenue"", ""old"": 497026.41, ""new"": 499514.57, ""kind"": ""numeric""}]","{""year_month"": ""2011-02"", ""month_label"": ""February 2011"", ""gross_positive_revenue"": 522545.56, ""cancellation_revenue"": -25519.15, ""reduction_amount"": 25519.15, ""reduction_rate_percent"": 4.88, ""net_revenue"": 497026.41, ""currency"": ""GBP""}","{""year_month"": ""2011-02"", ""month_label"": ""February 2011"", ""gross_positive_revenue"": 507850.09, ""cancellation_revenue"": -8335.52, ""reduction_amount"": 8335.52, ""reduction_rate_percent"": 1.64, ""net_revenue"": 499514.57, ""currency"": ""GBP""}"
q_0092,dev,return_impact_month,merchandise_scope_and_stock_code_grain,True,True,False,False,"[{""field"": ""gross_positive_revenue"", ""old"": 716215.26, ""new"": 689716.82, ""kind"": ""numeric""}, {""field"": ""cancellation_revenue"", ""old"": -34201.28, ""new"": -10504.3, ""kind"": ""numeric""}, {""field"": ""reduction_amount"", ""old"": 34201.28, ""new"": 10504.3, ""kind"": ""numeric""}, {""field"": ""reduction_rate_percent"", ""old"": 4.78, ""new"": 1.52, ""kind"": ""numeric""}, {""field"": ""net_revenue"", ""old"": 682013.98, ""new"": 679212.52, ""kind"": ""numeric""}]","{""year_month"": ""2011-03"", ""month_label"": ""March 2011"", ""gross_positive_revenue"": 716215.26, ""cancellation_revenue"": -34201.28, ""reduction_amount"": 34201.28, ""reduction_rate_percent"": 4.78, ""net_revenue"": 682013.98, ""currency"": ""GBP""}","{""year_month"": ""2011-03"", ""month_label"": ""March 2011"", ""gross_positive_revenue"": 689716.82, ""cancellation_revenue"": -10504.3, ""reduction_amount"": 10504.3, ""reduction_rate_percent"": 1.52, ""net_revenue"": 679212.52, ""currency"": ""GBP""}"
q_0093,test,return_impact_month,merchandise_scope_and_stock_code_grain,True,True,False,False,"[{""field"": ""gross_positive_revenue"", ""old"": 536968.49, ""new"": 515463.08, ""kind"": ""numeric""}, {""field"": ""cancellation_revenue"", ""old"": -44600.65, ""new"": -33316.06, ""kind"": ""numeric""}, {""field"": ""reduction_amount"", ""old"": 44600.65, ""new"": 33316.06, ""kind"": ""numeric""}, {""field"": ""reduction_rate_percent"", ""old"": 8.31, ""new"": 6.46, ""kind"": ""numeric""}, {""field"": ""net_revenue"", ""old"": 492367.84, ""new"": 482147.02, ""kind"": ""numeric""}]","{""year_month"": ""2011-04"", ""month_label"": ""April 2011"", ""gross_positive_revenue"": 536968.49, ""cancellation_revenue"": -44600.65, ""reduction_amount"": 44600.65, ""reduction_rate_percent"": 8.31, ""net_revenue"": 492367.84, ""currency"": ""GBP""}","{""year_month"": ""2011-04"", ""month_label"": ""April 2011"", ""gross_positive_revenue"": 515463.08, ""cancellation_revenue"": -33316.06, ""reduction_amount"": 33316.06, ""reduction_rate_percent"": 6.46, ""net_revenue"": 482147.02, ""currency"": ""GBP""}"
q_0094,train,return_impact_month,merchandise_scope_and_stock_code_grain,True,True,False,False,"[{""field"": ""gross_positive_revenue"", ""old"": 769296.61, ""new"": 740000.14, ""kind"": ""numeric""}, {""field"": ""cancellation_revenue"", ""old"": -47202.51, ""new"": -8948.23, ""kind"": ""numeric""}, {""field"": ""reduction_amount"", ""old"": 47202.51, ""new"": 8948.23, ""kind"": ""numeric""}, {""field"": ""reduction_rate_percent"", ""old"": 6.14, ""new"": 1.21, ""kind"": ""numeric""}, {""field"": ""net_revenue"", ""old"": 722094.1, ""new"": 731051.91, ""kind"": ""numeric""}]","{""year_month"": ""2011-05"", ""month_label"": ""May 2011"", ""gross_positive_revenue"": 769296.61, ""cancellation_revenue"": -47202.51, ""reduction_amount"": 47202.51, ""reduction_rate_percent"": 6.14, ""net_revenue"": 722094.1, ""currency"": ""GBP""}","{""year_month"": ""2011-05"", ""month_label"": ""May 2011"", ""gross_positive_revenue"": 740000.14, ""cancellation_revenue"": -8948.23, ""reduction_amount"": 8948.23, ""reduction_rate_percent"": 1.21, ""net_revenue"": 731051.91, ""currency"": ""GBP""}"
q_0095,train,return_impact_month,merchandise_scope_and_stock_code_grain,True,True,False,False,"[{""field"": ""gross_positive_revenue"", ""old"": 760547.01, ""new"": 737683.99, ""kind"": ""numeric""}, {""field"": ""cancellation_revenue"", ""old"": -70569.78, ""new"": -13713.84, ""kind"": ""numeric""}, {""field"": ""reduction_amount"", ""old"": 70569.78, ""new"": 13713.84, ""kind"": ""numeric""}, {""field"": ""reduction_rate_percent"", ""old"": 9.28, ""new"": 1.86, ""kind"": ""numeric""}, {""field"": ""net_revenue"", ""old"": 689977.23, ""new"": 723970.15, ""kind"": ""numeric""}]","{""year_month"": ""2011-06"", ""month_label"": ""June 2011"", ""gross_positive_revenue"": 760547.01, ""cancellation_revenue"": -70569.78, ""reduction_amount"": 70569.78, ""reduction_rate_percent"": 9.28, ""net_revenue"": 689977.23, ""currency"": ""GBP""}","{""year_month"": ""2011-06"", ""month_label"": ""June 2011"", ""gross_positive_revenue"": 737683.99, ""cancellation_revenue"": -13713.84, ""reduction_amount"": 13713.84, ""reduction_rate_percent"": 1.86, ""net_revenue"": 723970.15, ""currency"": ""GBP""}"
q_0096,train,return_impact_month,merchandise_scope_and_stock_code_grain,True,True,False,False,"[{""field"": ""gross_positive_revenue"", ""old"": 718076.12, ""new"": 688178.12, ""kind"": ""numeric""}, {""field"": ""cancellation_revenue"", ""old"": -37919.13, ""new"": -11407.26, ""kind"": ""numeric""}, {""field"": ""reduction_amount"", ""old"": 37919.13, ""new"": 11407.26, ""kind"": ""numeric""}, {""field"": ""reduction_rate_percent"", ""old"": 5.28, ""new"": 1.66, ""kind"": ""numeric""}, {""field"": ""net_revenue"", ""old"": 680156.99, ""new"": 676770.86, ""kind"": ""numeric""}]","{""year_month"": ""2011-07"", ""month_label"": ""July 2011"", ""gross_positive_revenue"": 718076.12, ""cancellation_revenue"": -37919.13, ""reduction_amount"": 37919.13, ""reduction_rate_percent"": 5.28, ""net_revenue"": 680156.99, ""currency"": ""GBP""}","{""year_month"": ""2011-07"", ""month_label"": ""July 2011"", ""gross_positive_revenue"": 688178.12, ""cancellation_revenue"": -11407.26, ""reduction_amount"": 11407.26, ""reduction_rate_percent"": 1.66, ""net_revenue"": 676770.86, ""currency"": ""GBP""}"
q_0097,dev,return_impact_month,merchandise_scope_and_stock_code_grain,True,True,False,False,"[{""field"": ""gross_positive_revenue"", ""old"": 757841.38, ""new"": 724288.42, ""kind"": ""numeric""}, {""field"": ""cancellation_revenue"", ""old"": -54330.8, ""new"": -22926.57, ""kind"": ""numeric""}, {""field"": ""reduction_amount"", ""old"": 54330.8, ""new"": 22926.57, ""kind"": ""numeric""}, {""field"": ""reduction_rate_percent"", ""old"": 7.17, ""new"": 3.17, ""kind"": ""numeric""}, {""field"": ""net_revenue"", ""old"": 703510.58, ""new"": 701361.85, ""kind"": ""numeric""}]","{""year_month"": ""2011-08"", ""month_label"": ""August 2011"", ""gross_positive_revenue"": 757841.38, ""cancellation_revenue"": -54330.8, ""reduction_amount"": 54330.8, ""reduction_rate_percent"": 7.17, ""net_revenue"": 703510.58, ""currency"": ""GBP""}","{""year_month"": ""2011-08"", ""month_label"": ""August 2011"", ""gross_positive_revenue"": 724288.42, ""cancellation_revenue"": -22926.57, ""reduction_amount"": 22926.57, ""reduction_rate_percent"": 3.17, ""net_revenue"": 701361.85, ""currency"": ""GBP""}"
q_0098,test,return_impact_month,merchandise_scope_and_stock_code_grain,True,True,False,False,"[{""field"": ""gross_positive_revenue"", ""old"": 1056435.19, ""new"": 1028338.8, ""kind"": ""numeric""}, {""field"": ""cancellation_revenue"", ""old"": -38838.51, ""new"": -16980.64, ""kind"": ""numeric""}, {""field"": ""reduction_amount"", ""old"": 38838.51, ""new"": 16980.64, ""kind"": ""numeric""}, {""field"": ""reduction_rate_percent"", ""old"": 3.68, ""new"": 1.65, ""kind"": ""numeric""}, {""field"": ""net_revenue"", ""old"": 1017596.68, ""new"": 1011358.16, ""kind"": ""numeric""}]","{""year_month"": ""2011-09"", ""month_label"": ""September 2011"", ""gross_positive_revenue"": 1056435.19, ""cancellation_revenue"": -38838.51, ""reduction_amount"": 38838.51, ""reduction_rate_percent"": 3.68, ""net_revenue"": 1017596.68, ""currency"": ""GBP""}","{""year_month"": ""2011-09"", ""month_label"": ""September 2011"", ""gross_positive_revenue"": 1028338.8, ""cancellation_revenue"": -16980.64, ""reduction_amount"": 16980.64, ""reduction_rate_percent"": 1.65, ""net_revenue"": 1011358.16, ""currency"": ""GBP""}"
q_0099,train,return_impact_month,merchandise_scope_and_stock_code_grain,True,True,False,False,"[{""field"": ""gross_positive_revenue"", ""old"": 1151263.73, ""new"": 1103327.63, ""kind"": ""numeric""}, {""field"": ""cancellation_revenue"", ""old"": -81895.5, ""new"": -41613.03, ""kind"": ""numeric""}, {""field"": ""reduction_amount"", ""old"": 81895.5, ""new"": 41613.03, ""kind"": ""numeric""}, {""field"": ""reduction_rate_percent"", ""old"": 7.11, ""new"": 3.77, ""kind"": ""numeric""}, {""field"": ""net_revenue"", ""old"": 1069368.23, ""new"": 1061714.6, ""kind"": ""numeric""}]","{""year_month"": ""2011-10"", ""month_label"": ""October 2011"", ""gross_positive_revenue"": 1151263.73, ""cancellation_revenue"": -81895.5, ""reduction_amount"": 81895.5, ""reduction_rate_percent"": 7.11, ""net_revenue"": 1069368.23, ""currency"": ""GBP""}","{""year_month"": ""2011-10"", ""month_label"": ""October 2011"", ""gross_positive_revenue"": 1103327.63, ""cancellation_revenue"": -41613.03, ""reduction_amount"": 41613.03, ""reduction_rate_percent"": 3.77, ""net_revenue"": 1061714.6, ""currency"": ""GBP""}"
q_0100,train,return_impact_month,merchandise_scope_and_stock_code_grain,True,True,False,False,"[{""field"": ""gross_positive_revenue"", ""old"": 1503866.78, ""new"": 1452112.69, ""kind"": ""numeric""}, {""field"": ""cancellation_revenue"", ""old"": -47720.98, ""new"": -24991.44, ""kind"": ""numeric""}, {""field"": ""reduction_amount"", ""old"": 47720.98, ""new"": 24991.44, ""kind"": ""numeric""}, {""field"": ""reduction_rate_percent"", ""old"": 3.17, ""new"": 1.72, ""kind"": ""numeric""}, {""field"": ""net_revenue"", ""old"": 1456145.8, ""new"": 1427121.25, ""kind"": ""numeric""}]","{""year_month"": ""2011-11"", ""month_label"": ""November 2011"", ""gross_positive_revenue"": 1503866.78, ""cancellation_revenue"": -47720.98, ""reduction_amount"": 47720.98, ""reduction_rate_percent"": 3.17, ""net_revenue"": 1456145.8, ""currency"": ""GBP""}","{""year_month"": ""2011-11"", ""month_label"": ""November 2011"", ""gross_positive_revenue"": 1452112.69, ""cancellation_revenue"": -24991.44, ""reduction_amount"": 24991.44, ""reduction_rate_percent"": 1.72, ""net_revenue"": 1427121.25, ""currency"": ""GBP""}"
q_0001,train,top_country_month,exclude_documented_candidate_pairs,False,False,False,False,[],"{""year_month"": ""2011-01"", ""month_label"": ""January 2011"", ""scope"": ""excluding United Kingdom"", ""country"": ""Netherlands"", ""net_revenue"": 26611.16, ""currency"": ""GBP""}","{""year_month"": ""2011-01"", ""month_label"": ""January 2011"", ""scope"": ""excluding United Kingdom"", ""country"": ""Netherlands"", ""net_revenue"": 26611.16, ""currency"": ""GBP""}"
q_0002,train,top_country_month,exclude_documented_candidate_pairs,False,False,False,False,[],"{""year_month"": ""2011-02"", ""month_label"": ""February 2011"", ""scope"": ""excluding United Kingdom"", ""country"": ""Netherlands"", ""net_revenue"": 22932.11, ""currency"": ""GBP""}","{""year_month"": ""2011-02"", ""month_label"": ""February 2011"", ""scope"": ""excluding United Kingdom"", ""country"": ""Netherlands"", ""net_revenue"": 22932.11, ""currency"": ""GBP""}"
q_0003,train,top_country_month,exclude_documented_candidate_pairs,False,False,False,False,[],"{""year_month"": ""2011-03"", ""month_label"": ""March 2011"", ""scope"": ""excluding United Kingdom"", ""country"": ""Netherlands"", ""net_revenue"": 22416.49, ""currency"": ""GBP""}","{""year_month"": ""2011-03"", ""month_label"": ""March 2011"", ""scope"": ""excluding United Kingdom"", ""country"": ""Netherlands"", ""net_revenue"": 22416.49, ""currency"": ""GBP""}"
q_0004,dev,top_country_month,exclude_documented_candidate_pairs,False,False,False,False,[],"{""year_month"": ""2011-04"", ""month_label"": ""April 2011"", ""scope"": ""excluding United Kingdom"", ""country"": ""Germany"", ""net_revenue"": 11963.37, ""currency"": ""GBP""}","{""year_month"": ""2011-04"", ""month_label"": ""April 2011"", ""scope"": ""excluding United Kingdom"", ""country"": ""Germany"", ""net_revenue"": 11963.37, ""currency"": ""GBP""}"
q_0005,test,top_country_month,exclude_documented_candidate_pairs,False,False,False,False,[],"{""year_month"": ""2011-05"", ""month_label"": ""May 2011"", ""scope"": ""excluding United Kingdom"", ""country"": ""Netherlands"", ""net_revenue"": 29185.88, ""currency"": ""GBP""}","{""year_month"": ""2011-05"", ""month_label"": ""May 2011"", ""scope"": ""excluding United Kingdom"", ""country"": ""Netherlands"", ""net_revenue"": 29185.88, ""currency"": ""GBP""}"
q_0006,train,top_country_month,exclude_documented_candidate_pairs,False,False,False,False,[],"{""year_month"": ""2011-06"", ""month_label"": ""June 2011"", ""scope"": ""excluding United Kingdom"", ""country"": ""Netherlands"", ""net_revenue"": 26843.09, ""currency"": ""GBP""}","{""year_month"": ""2011-06"", ""month_label"": ""June 2011"", ""scope"": ""excluding United Kingdom"", ""country"": ""Netherlands"", ""net_revenue"": 26843.09, ""currency"": ""GBP""}"
q_0007,train,top_country_month,exclude_documented_candidate_pairs,False,False,False,False,[],"{""year_month"": ""2011-07"", ""month_label"": ""July 2011"", ""scope"": ""excluding United Kingdom"", ""country"": ""EIRE"", ""net_revenue"": 42689.65, ""currency"": ""GBP""}","{""year_month"": ""2011-07"", ""month_label"": ""July 2011"", ""scope"": ""excluding United Kingdom"", ""country"": ""EIRE"", ""net_revenue"": 42689.65, ""currency"": ""GBP""}"
q_0008,train,top_country_month,exclude_documented_candidate_pairs,False,False,False,False,[],"{""year_month"": ""2011-08"", ""month_label"": ""August 2011"", ""scope"": ""excluding United Kingdom"", ""country"": ""Netherlands"", ""net_revenue"": 39655.81, ""currency"": ""GBP""}","{""year_month"": ""2011-08"", ""month_label"": ""August 2011"", ""scope"": ""excluding United Kingdom"", ""country"": ""Netherlands"", ""net_revenue"": 39655.81, ""currency"": ""GBP""}"
q_0009,dev,top_country_month,exclude_documented_candidate_pairs,False,False,False,False,[],"{""year_month"": ""2011-09"", ""month_label"": ""September 2011"", ""scope"": ""excluding United Kingdom"", ""country"": ""EIRE"", ""net_revenue"": 42476.2, ""currency"": ""GBP""}","{""year_month"": ""2011-09"", ""month_label"": ""September 2011"", ""scope"": ""excluding United Kingdom"", ""country"": ""EIRE"", ""net_revenue"": 42476.2, ""currency"": ""GBP""}"
q_0010,test,top_country_month,exclude_documented_candidate_pairs,False,False,False,False,[],"{""year_month"": ""2011-10"", ""month_label"": ""October 2011"", ""scope"": ""excluding United Kingdom"", ""country"": ""Netherlands"", ""net_revenue"": 40708.65, ""currency"": ""GBP""}","{""year_month"": ""2011-10"", ""month_label"": ""October 2011"", ""scope"": ""excluding United Kingdom"", ""country"": ""Netherlands"", ""net_revenue"": 40708.65, ""currency"": ""GBP""}"
q_0011,train,top_country_month,exclude_documented_candidate_pairs,False,False,False,False,[],"{""year_month"": ""2011-11"", ""month_label"": ""November 2011"", ""scope"": ""excluding United Kingdom"", ""country"": ""France"", ""net_revenue"": 30638.12, ""currency"": ""GBP""}","{""year_month"": ""2011-11"", ""month_label"": ""November 2011"", ""scope"": ""excluding United Kingdom"", ""country"": ""France"", ""net_revenue"": 30638.12, ""currency"": ""GBP""}"
q_0012,train,top_country_month,exclude_documented_candidate_pairs,False,False,False,False,[],"{""year_month"": ""2011-01"", ""month_label"": ""January 2011"", ""scope"": ""all countries"", ""country"": ""United Kingdom"", ""net_revenue"": 432995.4, ""currency"": ""GBP""}","{""year_month"": ""2011-01"", ""month_label"": ""January 2011"", ""scope"": ""all countries"", ""country"": ""United Kingdom"", ""net_revenue"": 432995.4, ""currency"": ""GBP""}"
q_0013,train,top_country_month,exclude_documented_candidate_pairs,False,False,False,False,[],"{""year_month"": ""2011-03"", ""month_label"": ""March 2011"", ""scope"": ""all countries"", ""country"": ""United Kingdom"", ""net_revenue"": 558458.89, ""currency"": ""GBP""}","{""year_month"": ""2011-03"", ""month_label"": ""March 2011"", ""scope"": ""all countries"", ""country"": ""United Kingdom"", ""net_revenue"": 558458.89, ""currency"": ""GBP""}"
q_0014,dev,top_country_month,exclude_documented_candidate_pairs,False,False,False,False,[],"{""year_month"": ""2011-06"", ""month_label"": ""June 2011"", ""scope"": ""all countries"", ""country"": ""United Kingdom"", ""net_revenue"": 553330.21, ""currency"": ""GBP""}","{""year_month"": ""2011-06"", ""month_label"": ""June 2011"", ""scope"": ""all countries"", ""country"": ""United Kingdom"", ""net_revenue"": 553330.21, ""currency"": ""GBP""}"
q_0015,test,top_country_month,exclude_documented_candidate_pairs,False,False,False,False,[],"{""year_month"": ""2011-09"", ""month_label"": ""September 2011"", ""scope"": ""all countries"", ""country"": ""United Kingdom"", ""net_revenue"": 860104.36, ""currency"": ""GBP""}","{""year_month"": ""2011-09"", ""month_label"": ""September 2011"", ""scope"": ""all countries"", ""country"": ""United Kingdom"", ""net_revenue"": 860104.36, ""currency"": ""GBP""}"
q_0016,train,top_country_month,exclude_documented_candidate_pairs,False,False,False,False,[],"{""year_month"": ""2011-11"", ""month_label"": ""November 2011"", ""scope"": ""all countries"", ""country"": ""United Kingdom"", ""net_revenue"": 1277409.79, ""currency"": ""GBP""}","{""year_month"": ""2011-11"", ""month_label"": ""November 2011"", ""scope"": ""all countries"", ""country"": ""United Kingdom"", ""net_revenue"": 1277409.79, ""currency"": ""GBP""}"
q_0017,train,top_product_month,exclude_documented_candidate_pairs,False,False,False,False,[],"{""year_month"": ""2010-12"", ""month_label"": ""December 2010"", ""stock_code"": ""22423"", ""description"": ""REGENCY CAKESTAND 3 TIER"", ""merchandise_net_revenue"": 26722.16, ""currency"": ""GBP""}","{""year_month"": ""2010-12"", ""month_label"": ""December 2010"", ""stock_code"": ""22423"", ""description"": ""REGENCY CAKESTAND 3 TIER"", ""merchandise_net_revenue"": 26722.16, ""currency"": ""GBP""}"
q_0018,train,top_product_month,exclude_documented_candidate_pairs,False,False,False,False,[],"{""year_month"": ""2011-01"", ""month_label"": ""January 2011"", ""stock_code"": ""85123A"", ""description"": ""WHITE HANGING HEART T-LIGHT HOLDER"", ""merchandise_net_revenue"": 15174.26, ""currency"": ""GBP""}","{""year_month"": ""2011-01"", ""month_label"": ""January 2011"", ""stock_code"": ""85123A"", ""description"": ""WHITE HANGING HEART T-LIGHT HOLDER"", ""merchandise_net_revenue"": 15174.26, ""currency"": ""GBP""}"
q_0019,train,top_product_month,exclude_documented_candidate_pairs,False,False,False,False,[],"{""year_month"": ""2011-02"", ""month_label"": ""February 2011"", ""stock_code"": ""22423"", ""description"": ""REGENCY CAKESTAND 3 TIER"", ""merchandise_net_revenue"": 10491.54, ""currency"": ""GBP""}","{""year_month"": ""2011-02"", ""month_label"": ""February 2011"", ""stock_code"": ""22423"", ""description"": ""REGENCY CAKESTAND 3 TIER"", ""merchandise_net_revenue"": 10491.54, ""currency"": ""GBP""}"
q_0020,dev,top_product_month,exclude_documented_candidate_pairs,False,False,False,False,[],"{""year_month"": ""2011-03"", ""month_label"": ""March 2011"", ""stock_code"": ""22423"", ""description"": ""REGENCY CAKESTAND 3 TIER"", ""merchandise_net_revenue"": 16817.85, ""currency"": ""GBP""}","{""year_month"": ""2011-03"", ""month_label"": ""March 2011"", ""stock_code"": ""22423"", ""description"": ""REGENCY CAKESTAND 3 TIER"", ""merchandise_net_revenue"": 16817.85, ""currency"": ""GBP""}"
q_0021,test,top_product_month,exclude_documented_candidate_pairs,False,False,False,False,[],"{""year_month"": ""2011-04"", ""month_label"": ""April 2011"", ""stock_code"": ""22423"", ""description"": ""REGENCY CAKESTAND 3 TIER"", ""merchandise_net_revenue"": 14280.9, ""currency"": ""GBP""}","{""year_month"": ""2011-04"", ""month_label"": ""April 2011"", ""stock_code"": ""22423"", ""description"": ""REGENCY CAKESTAND 3 TIER"", ""merchandise_net_revenue"": 14280.9, ""currency"": ""GBP""}"
q_0022,train,top_product_month,exclude_documented_candidate_pairs,False,False,False,False,[],"{""year_month"": ""2011-05"", ""month_label"": ""May 2011"", ""stock_code"": ""47566"", ""description"": ""PARTY BUNTING"", ""merchandise_net_revenue"": 19093.3, ""currency"": ""GBP""}","{""year_month"": ""2011-05"", ""month_label"": ""May 2011"", ""stock_code"": ""47566"", ""description"": ""PARTY BUNTING"", ""merchandise_net_revenue"": 19093.3, ""currency"": ""GBP""}"
q_0023,train,top_product_month,exclude_documented_candidate_pairs,True,True,True,False,"[{""field"": ""stock_code"", ""old"": ""22502"", ""new"": ""47566"", ""kind"": ""categorical""}, {""field"": ""description"", ""old"": ""PICNIC BASKET WICKER 60 PIECES"", ""new"": ""PARTY BUNTING"", ""kind"": ""categorical""}, {""field"": ""merchandise_net_revenue"", ""old"": 39619.5, ""new"": 12452.17, ""kind"": ""numeric""}]","{""year_month"": ""2011-06"", ""month_label"": ""June 2011"", ""stock_code"": ""22502"", ""description"": ""PICNIC BASKET WICKER 60 PIECES"", ""merchandise_net_revenue"": 39619.5, ""currency"": ""GBP""}","{""year_month"": ""2011-06"", ""month_label"": ""June 2011"", ""stock_code"": ""47566"", ""description"": ""PARTY BUNTING"", ""merchandise_net_revenue"": 12452.17, ""currency"": ""GBP""}"
q_0024,train,top_product_month,exclude_documented_candidate_pairs,False,False,False,False,[],"{""year_month"": ""2011-07"", ""month_label"": ""July 2011"", ""stock_code"": ""47566"", ""description"": ""PARTY BUNTING"", ""merchandise_net_revenue"": 14576.5, ""currency"": ""GBP""}","{""year_month"": ""2011-07"", ""month_label"": ""July 2011"", ""stock_code"": ""47566"", ""description"": ""PARTY BUNTING"", ""merchandise_net_revenue"": 14576.5, ""currency"": ""GBP""}"
q_0025,dev,top_product_month,exclude_documented_candidate_pairs,False,False,False,False,[],"{""year_month"": ""2011-08"", ""month_label"": ""August 2011"", ""stock_code"": ""85099B"", ""description"": ""JUMBO BAG RED RETROSPOT"", ""merchandise_net_revenue"": 10441.77, ""currency"": ""GBP""}","{""year_month"": ""2011-08"", ""month_label"": ""August 2011"", ""stock_code"": ""85099B"", ""description"": ""JUMBO BAG RED RETROSPOT"", ""merchandise_net_revenue"": 10441.77, ""currency"": ""GBP""}"
q_0026,test,top_product_month,exclude_documented_candidate_pairs,False,False,False,False,[],"{""year_month"": ""2011-09"", ""month_label"": ""September 2011"", ""stock_code"": ""23243"", ""description"": ""SET OF TEA COFFEE SUGAR TINS PANTRY"", ""merchandise_net_revenue"": 9971.51, ""currency"": ""GBP""}","{""year_month"": ""2011-09"", ""month_label"": ""September 2011"", ""stock_code"": ""23243"", ""description"": ""SET OF TEA COFFEE SUGAR TINS PANTRY"", ""merchandise_net_revenue"": 9971.51, ""currency"": ""GBP""}"
q_0027,train,top_product_month,exclude_documented_candidate_pairs,False,False,False,False,[],"{""year_month"": ""2011-10"", ""month_label"": ""October 2011"", ""stock_code"": ""22423"", ""description"": ""REGENCY CAKESTAND 3 TIER"", ""merchandise_net_revenue"": 12635.34, ""currency"": ""GBP""}","{""year_month"": ""2011-10"", ""month_label"": ""October 2011"", ""stock_code"": ""22423"", ""description"": ""REGENCY CAKESTAND 3 TIER"", ""merchandise_net_revenue"": 12635.34, ""currency"": ""GBP""}"
q_0028,train,top_product_month,exclude_documented_candidate_pairs,False,False,False,False,[],"{""year_month"": ""2011-11"", ""month_label"": ""November 2011"", ""stock_code"": ""23084"", ""description"": ""RABBIT NIGHT LIGHT"", ""merchandise_net_revenue"": 34343.77, ""currency"": ""GBP""}","{""year_month"": ""2011-11"", ""month_label"": ""November 2011"", ""stock_code"": ""23084"", ""description"": ""RABBIT NIGHT LIGHT"", ""merchandise_net_revenue"": 34343.77, ""currency"": ""GBP""}"
q_0029,train,top_product_month,exclude_documented_candidate_pairs,False,False,False,False,[],"{""year_month"": ""2011-12"", ""month_label"": ""December 2011"", ""stock_code"": ""23084"", ""description"": ""RABBIT NIGHT LIGHT"", ""merchandise_net_revenue"": 9603.45, ""currency"": ""GBP""}","{""year_month"": ""2011-12"", ""month_label"": ""December 2011"", ""stock_code"": ""23084"", ""description"": ""RABBIT NIGHT LIGHT"", ""merchandise_net_revenue"": 9603.45, ""currency"": ""GBP""}"
q_0030,train,country_comparison_month,exclude_documented_candidate_pairs,False,False,False,False,[],"{""year_month"": ""2011-01"", ""month_label"": ""January 2011"", ""country_a"": ""Germany"", ""country_b"": ""France"", ""country_a_net_revenue"": 16421.43, ""country_b_net_revenue"": 17503.07, ""higher_country"": ""France"", ""lower_country"": ""Germany"", ""revenue_delta"": 1081.64, ""currency"": ""GBP""}","{""year_month"": ""2011-01"", ""month_label"": ""January 2011"", ""country_a"": ""Germany"", ""country_b"": ""France"", ""country_a_net_revenue"": 16421.43, ""country_b_net_revenue"": 17503.07, ""higher_country"": ""France"", ""lower_country"": ""Germany"", ""revenue_delta"": 1081.64, ""currency"": ""GBP""}"
q_0031,train,country_comparison_month,exclude_documented_candidate_pairs,False,False,False,False,[],"{""year_month"": ""2011-02"", ""month_label"": ""February 2011"", ""country_a"": ""Germany"", ""country_b"": ""France"", ""country_a_net_revenue"": 8969.24, ""country_b_net_revenue"": 8438.91, ""higher_country"": ""Germany"", ""lower_country"": ""France"", ""revenue_delta"": 530.33, ""currency"": ""GBP""}","{""year_month"": ""2011-02"", ""month_label"": ""February 2011"", ""country_a"": ""Germany"", ""country_b"": ""France"", ""country_a_net_revenue"": 8969.24, ""country_b_net_revenue"": 8438.91, ""higher_country"": ""Germany"", ""lower_country"": ""France"", ""revenue_delta"": 530.33, ""currency"": ""GBP""}"
q_0032,train,country_comparison_month,exclude_documented_candidate_pairs,False,False,False,False,[],"{""year_month"": ""2011-03"", ""month_label"": ""March 2011"", ""country_a"": ""Germany"", ""country_b"": ""France"", ""country_a_net_revenue"": 14170.02, ""country_b_net_revenue"": 14512.3, ""higher_country"": ""France"", ""lower_country"": ""Germany"", ""revenue_delta"": 342.28, ""currency"": ""GBP""}","{""year_month"": ""2011-03"", ""month_label"": ""March 2011"", ""country_a"": ""Germany"", ""country_b"": ""France"", ""country_a_net_revenue"": 14170.02, ""country_b_net_revenue"": 14512.3, ""higher_country"": ""France"", ""lower_country"": ""Germany"", ""revenue_delta"": 342.28, ""currency"": ""GBP""}"
q_0033,dev,country_comparison_month,exclude_documented_candidate_pairs,False,False,False,False,[],"{""year_month"": ""2011-04"", ""month_label"": ""April 2011"", ""country_a"": ""Germany"", ""country_b"": ""France"", ""country_a_net_revenue"": 11963.37, ""country_b_net_revenue"": 4195.21, ""higher_country"": ""Germany"", ""lower_country"": ""France"", ""revenue_delta"": 7768.16, ""currency"": ""GBP""}","{""year_month"": ""2011-04"", ""month_label"": ""April 2011"", ""country_a"": ""Germany"", ""country_b"": ""France"", ""country_a_net_revenue"": 11963.37, ""country_b_net_revenue"": 4195.21, ""higher_country"": ""Germany"", ""lower_country"": ""France"", ""revenue_delta"": 7768.16, ""currency"": ""GBP""}"
q_0034,test,country_comparison_month,exclude_documented_candidate_pairs,False,False,False,False,[],"{""year_month"": ""2011-05"", ""month_label"": ""May 2011"", ""country_a"": ""Germany"", ""country_b"": ""France"", ""country_a_net_revenue"": 25554.85, ""country_b_net_revenue"": 17518.68, ""higher_country"": ""Germany"", ""lower_country"": ""France"", ""revenue_delta"": 8036.17, ""currency"": ""GBP""}","{""year_month"": ""2011-05"", ""month_label"": ""May 2011"", ""country_a"": ""Germany"", ""country_b"": ""France"", ""country_a_net_revenue"": 25554.85, ""country_b_net_revenue"": 17518.68, ""higher_country"": ""Germany"", ""lower_country"": ""France"", ""revenue_delta"": 8036.17, ""currency"": ""GBP""}"
q_0035,train,country_comparison_month,exclude_documented_candidate_pairs,False,False,False,False,[],"{""year_month"": ""2011-06"", ""month_label"": ""June 2011"", ""country_a"": ""Germany"", ""country_b"": ""France"", ""country_a_net_revenue"": 13053.27, ""country_b_net_revenue"": 15991.87, ""higher_country"": ""France"", ""lower_country"": ""Germany"", ""revenue_delta"": 2938.6, ""currency"": ""GBP""}","{""year_month"": ""2011-06"", ""month_label"": ""June 2011"", ""country_a"": ""Germany"", ""country_b"": ""France"", ""country_a_net_revenue"": 13053.27, ""country_b_net_revenue"": 15991.87, ""higher_country"": ""France"", ""lower_country"": ""Germany"", ""revenue_delta"": 2938.6, ""currency"": ""GBP""}"
q_0036,train,country_comparison_month,exclude_documented_candidate_pairs,False,False,False,False,[],"{""year_month"": ""2011-07"", ""month_label"": ""July 2011"", ""country_a"": ""Germany"", ""country_b"": ""France"", ""country_a_net_revenue"": 15721.66, ""country_b_net_revenue"": 9888.99, ""higher_country"": ""Germany"", ""lower_country"": ""France"", ""revenue_delta"": 5832.67, ""currency"": ""GBP""}","{""year_month"": ""2011-07"", ""month_label"": ""July 2011"", ""country_a"": ""Germany"", ""country_b"": ""France"", ""country_a_net_revenue"": 15721.66, ""country_b_net_revenue"": 9888.99, ""higher_country"": ""Germany"", ""lower_country"": ""France"", ""revenue_delta"": 5832.67, ""currency"": ""GBP""}"
q_0037,train,country_comparison_month,exclude_documented_candidate_pairs,False,False,False,False,[],"{""year_month"": ""2011-08"", ""month_label"": ""August 2011"", ""country_a"": ""Germany"", ""country_b"": ""France"", ""country_a_net_revenue"": 19023.65, ""country_b_net_revenue"": 13789.26, ""higher_country"": ""Germany"", ""lower_country"": ""France"", ""revenue_delta"": 5234.39, ""currency"": ""GBP""}","{""year_month"": ""2011-08"", ""month_label"": ""August 2011"", ""country_a"": ""Germany"", ""country_b"": ""France"", ""country_a_net_revenue"": 19023.65, ""country_b_net_revenue"": 13789.26, ""higher_country"": ""Germany"", ""lower_country"": ""France"", ""revenue_delta"": 5234.39, ""currency"": ""GBP""}"
q_0038,dev,country_comparison_month,exclude_documented_candidate_pairs,False,False,False,False,[],"{""year_month"": ""2011-09"", ""month_label"": ""September 2011"", ""country_a"": ""Germany"", ""country_b"": ""France"", ""country_a_net_revenue"": 17708.56, ""country_b_net_revenue"": 23198.87, ""higher_country"": ""France"", ""lower_country"": ""Germany"", ""revenue_delta"": 5490.31, ""currency"": ""GBP""}","{""year_month"": ""2011-09"", ""month_label"": ""September 2011"", ""country_a"": ""Germany"", ""country_b"": ""France"", ""country_a_net_revenue"": 17708.56, ""country_b_net_revenue"": 23198.87, ""higher_country"": ""France"", ""lower_country"": ""Germany"", ""revenue_delta"": 5490.31, ""currency"": ""GBP""}"
q_0039,test,country_comparison_month,exclude_documented_candidate_pairs,False,False,False,False,[],"{""year_month"": ""2011-10"", ""month_label"": ""October 2011"", ""country_a"": ""Germany"", ""country_b"": ""France"", ""country_a_net_revenue"": 30604.27, ""country_b_net_revenue"": 25017.64, ""higher_country"": ""Germany"", ""lower_country"": ""France"", ""revenue_delta"": 5586.63, ""currency"": ""GBP""}","{""year_month"": ""2011-10"", ""month_label"": ""October 2011"", ""country_a"": ""Germany"", ""country_b"": ""France"", ""country_a_net_revenue"": 30604.27, ""country_b_net_revenue"": 25017.64, ""higher_country"": ""Germany"", ""lower_country"": ""France"", ""revenue_delta"": 5586.63, ""currency"": ""GBP""}"
q_0040,train,country_comparison_month,exclude_documented_candidate_pairs,False,False,False,False,[],"{""year_month"": ""2011-11"", ""month_label"": ""November 2011"", ""country_a"": ""Germany"", ""country_b"": ""France"", ""country_a_net_revenue"": 25987.01, ""country_b_net_revenue"": 30638.12, ""higher_country"": ""France"", ""lower_country"": ""Germany"", ""revenue_delta"": 4651.11, ""currency"": ""GBP""}","{""year_month"": ""2011-11"", ""month_label"": ""November 2011"", ""country_a"": ""Germany"", ""country_b"": ""France"", ""country_a_net_revenue"": 25987.01, ""country_b_net_revenue"": 30638.12, ""higher_country"": ""France"", ""lower_country"": ""Germany"", ""revenue_delta"": 4651.11, ""currency"": ""GBP""}"
q_0041,train,country_comparison_month,exclude_documented_candidate_pairs,False,False,False,False,[],"{""year_month"": ""2011-01"", ""month_label"": ""January 2011"", ""country_a"": ""Netherlands"", ""country_b"": ""EIRE"", ""country_a_net_revenue"": 26611.16, ""country_b_net_revenue"": 21656.52, ""higher_country"": ""Netherlands"", ""lower_country"": ""EIRE"", ""revenue_delta"": 4954.64, ""currency"": ""GBP""}","{""year_month"": ""2011-01"", ""month_label"": ""January 2011"", ""country_a"": ""Netherlands"", ""country_b"": ""EIRE"", ""country_a_net_revenue"": 26611.16, ""country_b_net_revenue"": 21656.52, ""higher_country"": ""Netherlands"", ""lower_country"": ""EIRE"", ""revenue_delta"": 4954.64, ""currency"": ""GBP""}"
q_0042,train,country_comparison_month,exclude_documented_candidate_pairs,False,False,False,False,[],"{""year_month"": ""2011-02"", ""month_label"": ""February 2011"", ""country_a"": ""Netherlands"", ""country_b"": ""EIRE"", ""country_a_net_revenue"": 22932.11, ""country_b_net_revenue"": 9629.14, ""higher_country"": ""Netherlands"", ""lower_country"": ""EIRE"", ""revenue_delta"": 13302.97, ""currency"": ""GBP""}","{""year_month"": ""2011-02"", ""month_label"": ""February 2011"", ""country_a"": ""Netherlands"", ""country_b"": ""EIRE"", ""country_a_net_revenue"": 22932.11, ""country_b_net_revenue"": 9629.14, ""higher_country"": ""Netherlands"", ""lower_country"": ""EIRE"", ""revenue_delta"": 13302.97, ""currency"": ""GBP""}"
q_0043,dev,country_comparison_month,exclude_documented_candidate_pairs,False,False,False,False,[],"{""year_month"": ""2011-03"", ""month_label"": ""March 2011"", ""country_a"": ""Netherlands"", ""country_b"": ""EIRE"", ""country_a_net_revenue"": 22416.49, ""country_b_net_revenue"": 18783.23, ""higher_country"": ""Netherlands"", ""lower_country"": ""EIRE"", ""revenue_delta"": 3633.26, ""currency"": ""GBP""}","{""year_month"": ""2011-03"", ""month_label"": ""March 2011"", ""country_a"": ""Netherlands"", ""country_b"": ""EIRE"", ""country_a_net_revenue"": 22416.49, ""country_b_net_revenue"": 18783.23, ""higher_country"": ""Netherlands"", ""lower_country"": ""EIRE"", ""revenue_delta"": 3633.26, ""currency"": ""GBP""}"
q_0044,test,country_comparison_month,exclude_documented_candidate_pairs,False,False,False,False,[],"{""year_month"": ""2011-04"", ""month_label"": ""April 2011"", ""country_a"": ""Netherlands"", ""country_b"": ""EIRE"", ""country_a_net_revenue"": 2976.56, ""country_b_net_revenue"": 7570.5, ""higher_country"": ""EIRE"", ""lower_country"": ""Netherlands"", ""revenue_delta"": 4593.94, ""currency"": ""GBP""}","{""year_month"": ""2011-04"", ""month_label"": ""April 2011"", ""country_a"": ""Netherlands"", ""country_b"": ""EIRE"", ""country_a_net_revenue"": 2976.56, ""country_b_net_revenue"": 7570.5, ""higher_country"": ""EIRE"", ""lower_country"": ""Netherlands"", ""revenue_delta"": 4593.94, ""currency"": ""GBP""}"
q_0045,train,country_comparison_month,exclude_documented_candidate_pairs,False,False,False,False,[],"{""year_month"": ""2011-05"", ""month_label"": ""May 2011"", ""country_a"": ""Netherlands"", ""country_b"": ""EIRE"", ""country_a_net_revenue"": 29185.88, ""country_b_net_revenue"": 17916.31, ""higher_country"": ""Netherlands"", ""lower_country"": ""EIRE"", ""revenue_delta"": 11269.57, ""currency"": ""GBP""}","{""year_month"": ""2011-05"", ""month_label"": ""May 2011"", ""country_a"": ""Netherlands"", ""country_b"": ""EIRE"", ""country_a_net_revenue"": 29185.88, ""country_b_net_revenue"": 17916.31, ""higher_country"": ""Netherlands"", ""lower_country"": ""EIRE"", ""revenue_delta"": 11269.57, ""currency"": ""GBP""}"
q_0046,train,country_comparison_month,exclude_documented_candidate_pairs,False,False,False,False,[],"{""year_month"": ""2011-06"", ""month_label"": ""June 2011"", ""country_a"": ""Netherlands"", ""country_b"": ""EIRE"", ""country_a_net_revenue"": 26843.09, ""country_b_net_revenue"": 20090.25, ""higher_country"": ""Netherlands"", ""lower_country"": ""EIRE"", ""revenue_delta"": 6752.84, ""currency"": ""GBP""}","{""year_month"": ""2011-06"", ""month_label"": ""June 2011"", ""country_a"": ""Netherlands"", ""country_b"": ""EIRE"", ""country_a_net_revenue"": 26843.09, ""country_b_net_revenue"": 20090.25, ""higher_country"": ""Netherlands"", ""lower_country"": ""EIRE"", ""revenue_delta"": 6752.84, ""currency"": ""GBP""}"
q_0047,train,country_comparison_month,exclude_documented_candidate_pairs,False,False,False,False,[],"{""year_month"": ""2011-07"", ""month_label"": ""July 2011"", ""country_a"": ""Netherlands"", ""country_b"": ""EIRE"", ""country_a_net_revenue"": 26.02, ""country_b_net_revenue"": 42689.65, ""higher_country"": ""EIRE"", ""lower_country"": ""Netherlands"", ""revenue_delta"": 42663.63, ""currency"": ""GBP""}","{""year_month"": ""2011-07"", ""month_label"": ""July 2011"", ""country_a"": ""Netherlands"", ""country_b"": ""EIRE"", ""country_a_net_revenue"": 26.02, ""country_b_net_revenue"": 42689.65, ""higher_country"": ""EIRE"", ""lower_country"": ""Netherlands"", ""revenue_delta"": 42663.63, ""currency"": ""GBP""}"
q_0048,dev,country_comparison_month,exclude_documented_candidate_pairs,False,False,False,False,[],"{""year_month"": ""2011-08"", ""month_label"": ""August 2011"", ""country_a"": ""Netherlands"", ""country_b"": ""EIRE"", ""country_a_net_revenue"": 39655.81, ""country_b_net_revenue"": 12147.92, ""higher_country"": ""Netherlands"", ""lower_country"": ""EIRE"", ""revenue_delta"": 27507.89, ""currency"": ""GBP""}","{""year_month"": ""2011-08"", ""month_label"": ""August 2011"", ""country_a"": ""Netherlands"", ""country_b"": ""EIRE"", ""country_a_net_revenue"": 39655.81, ""country_b_net_revenue"": 12147.92, ""higher_country"": ""Netherlands"", ""lower_country"": ""EIRE"", ""revenue_delta"": 27507.89, ""currency"": ""GBP""}"
q_0049,test,country_comparison_month,exclude_documented_candidate_pairs,False,False,False,False,[],"{""year_month"": ""2011-09"", ""month_label"": ""September 2011"", ""country_a"": ""Netherlands"", ""country_b"": ""EIRE"", ""country_a_net_revenue"": 26937.26, ""country_b_net_revenue"": 42476.2, ""higher_country"": ""EIRE"", ""lower_country"": ""Netherlands"", ""revenue_delta"": 15538.94, ""currency"": ""GBP""}","{""year_month"": ""2011-09"", ""month_label"": ""September 2011"", ""country_a"": ""Netherlands"", ""country_b"": ""EIRE"", ""country_a_net_revenue"": 26937.26, ""country_b_net_revenue"": 42476.2, ""higher_country"": ""EIRE"", ""lower_country"": ""Netherlands"", ""revenue_delta"": 15538.94, ""currency"": ""GBP""}"
q_0050,train,monthly_revenue_change,exclude_documented_candidate_pairs,False,False,False,False,[],"{""previous_month"": ""2011-01"", ""current_month"": ""2011-02"", ""previous_month_label"": ""January 2011"", ""current_month_label"": ""February 2011"", ""previous_net_revenue"": 558448.56, ""current_net_revenue"": 497026.41, ""absolute_change"": -61422.15, ""percent_change"": -11.0, ""direction"": ""decrease"", ""currency"": ""GBP""}","{""previous_month"": ""2011-01"", ""current_month"": ""2011-02"", ""previous_month_label"": ""January 2011"", ""current_month_label"": ""February 2011"", ""previous_net_revenue"": 558448.56, ""current_net_revenue"": 497026.41, ""absolute_change"": -61422.15, ""percent_change"": -11.0, ""direction"": ""decrease"", ""currency"": ""GBP""}"
q_0051,train,monthly_revenue_change,exclude_documented_candidate_pairs,False,False,False,False,[],"{""previous_month"": ""2011-02"", ""current_month"": ""2011-03"", ""previous_month_label"": ""February 2011"", ""current_month_label"": ""March 2011"", ""previous_net_revenue"": 497026.41, ""current_net_revenue"": 682013.98, ""absolute_change"": 184987.57, ""percent_change"": 37.22, ""direction"": ""increase"", ""currency"": ""GBP""}","{""previous_month"": ""2011-02"", ""current_month"": ""2011-03"", ""previous_month_label"": ""February 2011"", ""current_month_label"": ""March 2011"", ""previous_net_revenue"": 497026.41, ""current_net_revenue"": 682013.98, ""absolute_change"": 184987.57, ""percent_change"": 37.22, ""direction"": ""increase"", ""currency"": ""GBP""}"
q_0052,train,monthly_revenue_change,exclude_documented_candidate_pairs,False,False,False,False,[],"{""previous_month"": ""2011-03"", ""current_month"": ""2011-04"", ""previous_month_label"": ""March 2011"", ""current_month_label"": ""April 2011"", ""previous_net_revenue"": 682013.98, ""current_net_revenue"": 492367.84, ""absolute_change"": -189646.14, ""percent_change"": -27.81, ""direction"": ""decrease"", ""currency"": ""GBP""}","{""previous_month"": ""2011-03"", ""current_month"": ""2011-04"", ""previous_month_label"": ""March 2011"", ""current_month_label"": ""April 2011"", ""previous_net_revenue"": 682013.98, ""current_net_revenue"": 492367.84, ""absolute_change"": -189646.14, ""percent_change"": -27.81, ""direction"": ""decrease"", ""currency"": ""GBP""}"
q_0053,dev,monthly_revenue_change,exclude_documented_candidate_pairs,False,False,False,False,[],"{""previous_month"": ""2011-04"", ""current_month"": ""2011-05"", ""previous_month_label"": ""April 2011"", ""current_month_label"": ""May 2011"", ""previous_net_revenue"": 492367.84, ""current_net_revenue"": 722094.1, ""absolute_change"": 229726.26, ""percent_change"": 46.66, ""direction"": ""increase"", ""currency"": ""GBP""}","{""previous_month"": ""2011-04"", ""current_month"": ""2011-05"", ""previous_month_label"": ""April 2011"", ""current_month_label"": ""May 2011"", ""previous_net_revenue"": 492367.84, ""current_net_revenue"": 722094.1, ""absolute_change"": 229726.26, ""percent_change"": 46.66, ""direction"": ""increase"", ""currency"": ""GBP""}"
q_0054,test,monthly_revenue_change,exclude_documented_candidate_pairs,False,False,False,False,[],"{""previous_month"": ""2011-05"", ""current_month"": ""2011-06"", ""previous_month_label"": ""May 2011"", ""current_month_label"": ""June 2011"", ""previous_net_revenue"": 722094.1, ""current_net_revenue"": 689977.23, ""absolute_change"": -32116.87, ""percent_change"": -4.45, ""direction"": ""decrease"", ""currency"": ""GBP""}","{""previous_month"": ""2011-05"", ""current_month"": ""2011-06"", ""previous_month_label"": ""May 2011"", ""current_month_label"": ""June 2011"", ""previous_net_revenue"": 722094.1, ""current_net_revenue"": 689977.23, ""absolute_change"": -32116.87, ""percent_change"": -4.45, ""direction"": ""decrease"", ""currency"": ""GBP""}"
q_0055,train,monthly_revenue_change,exclude_documented_candidate_pairs,False,False,False,False,[],"{""previous_month"": ""2011-06"", ""current_month"": ""2011-07"", ""previous_month_label"": ""June 2011"", ""current_month_label"": ""July 2011"", ""previous_net_revenue"": 689977.23, ""current_net_revenue"": 680156.99, ""absolute_change"": -9820.24, ""percent_change"": -1.42, ""direction"": ""decrease"", ""currency"": ""GBP""}","{""previous_month"": ""2011-06"", ""current_month"": ""2011-07"", ""previous_month_label"": ""June 2011"", ""current_month_label"": ""July 2011"", ""previous_net_revenue"": 689977.23, ""current_net_revenue"": 680156.99, ""absolute_change"": -9820.24, ""percent_change"": -1.42, ""direction"": ""decrease"", ""currency"": ""GBP""}"
q_0056,train,monthly_revenue_change,exclude_documented_candidate_pairs,False,False,False,False,[],"{""previous_month"": ""2011-07"", ""current_month"": ""2011-08"", ""previous_month_label"": ""July 2011"", ""current_month_label"": ""August 2011"", ""previous_net_revenue"": 680156.99, ""current_net_revenue"": 703510.58, ""absolute_change"": 23353.59, ""percent_change"": 3.43, ""direction"": ""increase"", ""currency"": ""GBP""}","{""previous_month"": ""2011-07"", ""current_month"": ""2011-08"", ""previous_month_label"": ""July 2011"", ""current_month_label"": ""August 2011"", ""previous_net_revenue"": 680156.99, ""current_net_revenue"": 703510.58, ""absolute_change"": 23353.59, ""percent_change"": 3.43, ""direction"": ""increase"", ""currency"": ""GBP""}"
q_0057,train,monthly_revenue_change,exclude_documented_candidate_pairs,False,False,False,False,[],"{""previous_month"": ""2011-08"", ""current_month"": ""2011-09"", ""previous_month_label"": ""August 2011"", ""current_month_label"": ""September 2011"", ""previous_net_revenue"": 703510.58, ""current_net_revenue"": 1017596.68, ""absolute_change"": 314086.1, ""percent_change"": 44.65, ""direction"": ""increase"", ""currency"": ""GBP""}","{""previous_month"": ""2011-08"", ""current_month"": ""2011-09"", ""previous_month_label"": ""August 2011"", ""current_month_label"": ""September 2011"", ""previous_net_revenue"": 703510.58, ""current_net_revenue"": 1017596.68, ""absolute_change"": 314086.1, ""percent_change"": 44.65, ""direction"": ""increase"", ""currency"": ""GBP""}"
q_0058,dev,monthly_revenue_change,exclude_documented_candidate_pairs,False,False,False,False,[],"{""previous_month"": ""2011-09"", ""current_month"": ""2011-10"", ""previous_month_label"": ""September 2011"", ""current_month_label"": ""October 2011"", ""previous_net_revenue"": 1017596.68, ""current_net_revenue"": 1069368.23, ""absolute_change"": 51771.55, ""percent_change"": 5.09, ""direction"": ""increase"", ""currency"": ""GBP""}","{""previous_month"": ""2011-09"", ""current_month"": ""2011-10"", ""previous_month_label"": ""September 2011"", ""current_month_label"": ""October 2011"", ""previous_net_revenue"": 1017596.68, ""current_net_revenue"": 1069368.23, ""absolute_change"": 51771.55, ""percent_change"": 5.09, ""direction"": ""increase"", ""currency"": ""GBP""}"
q_0059,test,monthly_revenue_change,exclude_documented_candidate_pairs,False,False,False,False,[],"{""previous_month"": ""2011-10"", ""current_month"": ""2011-11"", ""previous_month_label"": ""October 2011"", ""current_month_label"": ""November 2011"", ""previous_net_revenue"": 1069368.23, ""current_net_revenue"": 1456145.8, ""absolute_change"": 386777.57, ""percent_change"": 36.17, ""direction"": ""increase"", ""currency"": ""GBP""}","{""previous_month"": ""2011-10"", ""current_month"": ""2011-11"", ""previous_month_label"": ""October 2011"", ""current_month_label"": ""November 2011"", ""previous_net_revenue"": 1069368.23, ""current_net_revenue"": 1456145.8, ""absolute_change"": 386777.57, ""percent_change"": 36.17, ""direction"": ""increase"", ""currency"": ""GBP""}"
q_0060,train,top3_products_month,exclude_documented_candidate_pairs,False,False,False,False,[],"{""year_month"": ""2010-12"", ""month_label"": ""December 2010"", ""top_products"": [{""rank"": 1, ""stock_code"": ""22423"", ""description"": ""REGENCY CAKESTAND 3 TIER"", ""merchandise_net_revenue"": 26722.16}, {""rank"": 2, ""stock_code"": ""84029E"", ""description"": ""RED WOOLLY HOTTIE WHITE HEART."", ""merchandise_net_revenue"": 9291.73}, {""rank"": 3, ""stock_code"": ""22086"", ""description"": ""PAPER CHAIN KIT 50'S CHRISTMAS"", ""merchandise_net_revenue"": 9187.45}], ""currency"": ""GBP""}","{""year_month"": ""2010-12"", ""month_label"": ""December 2010"", ""top_products"": [{""rank"": 1, ""stock_code"": ""22423"", ""description"": ""REGENCY CAKESTAND 3 TIER"", ""merchandise_net_revenue"": 26722.16}, {""rank"": 2, ""stock_code"": ""84029E"", ""description"": ""RED WOOLLY HOTTIE WHITE HEART."", ""merchandise_net_revenue"": 9291.73}, {""rank"": 3, ""stock_code"": ""22086"", ""description"": ""PAPER CHAIN KIT 50'S CHRISTMAS"", ""merchandise_net_revenue"": 9187.45}], ""currency"": ""GBP""}"
q_0061,train,top3_products_month,exclude_documented_candidate_pairs,False,False,False,False,[],"{""year_month"": ""2011-01"", ""month_label"": ""January 2011"", ""top_products"": [{""rank"": 1, ""stock_code"": ""85123A"", ""description"": ""WHITE HANGING HEART T-LIGHT HOLDER"", ""merchandise_net_revenue"": 15174.26}, {""rank"": 2, ""stock_code"": ""22423"", ""description"": ""REGENCY CAKESTAND 3 TIER"", ""merchandise_net_revenue"": 11742.5}, {""rank"": 3, ""stock_code"": ""21108"", ""description"": ""FAIRY CAKE FLANNEL ASSORTED COLOUR"", ""merchandise_net_revenue"": 6870.41}], ""currency"": ""GBP""}","{""year_month"": ""2011-01"", ""month_label"": ""January 2011"", ""top_products"": [{""rank"": 1, ""stock_code"": ""85123A"", ""description"": ""WHITE HANGING HEART T-LIGHT HOLDER"", ""merchandise_net_revenue"": 15174.26}, {""rank"": 2, ""stock_code"": ""22423"", ""description"": ""REGENCY CAKESTAND 3 TIER"", ""merchandise_net_revenue"": 11742.5}, {""rank"": 3, ""stock_code"": ""21108"", ""description"": ""FAIRY CAKE FLANNEL ASSORTED COLOUR"", ""merchandise_net_revenue"": 6870.41}], ""currency"": ""GBP""}"
q_0062,train,top3_products_month,exclude_documented_candidate_pairs,False,False,False,False,[],"{""year_month"": ""2011-02"", ""month_label"": ""February 2011"", ""top_products"": [{""rank"": 1, ""stock_code"": ""22423"", ""description"": ""REGENCY CAKESTAND 3 TIER"", ""merchandise_net_revenue"": 10491.54}, {""rank"": 2, ""stock_code"": ""21623"", ""description"": ""VINTAGE UNION JACK MEMOBOARD"", ""merchandise_net_revenue"": 6810.39}, {""rank"": 3, ""stock_code"": ""85099B"", ""description"": ""JUMBO BAG RED RETROSPOT"", ""merchandise_net_revenue"": 5613.64}], ""currency"": ""GBP""}","{""year_month"": ""2011-02"", ""month_label"": ""February 2011"", ""top_products"": [{""rank"": 1, ""stock_code"": ""22423"", ""description"": ""REGENCY CAKESTAND 3 TIER"", ""merchandise_net_revenue"": 10491.54}, {""rank"": 2, ""stock_code"": ""21623"", ""description"": ""VINTAGE UNION JACK MEMOBOARD"", ""merchandise_net_revenue"": 6810.39}, {""rank"": 3, ""stock_code"": ""85099B"", ""description"": ""JUMBO BAG RED RETROSPOT"", ""merchandise_net_revenue"": 5613.64}], ""currency"": ""GBP""}"
q_0063,dev,top3_products_month,exclude_documented_candidate_pairs,False,False,False,False,[],"{""year_month"": ""2011-03"", ""month_label"": ""March 2011"", ""top_products"": [{""rank"": 1, ""stock_code"": ""22423"", ""description"": ""REGENCY CAKESTAND 3 TIER"", ""merchandise_net_revenue"": 16817.85}, {""rank"": 2, ""stock_code"": ""85099B"", ""description"": ""JUMBO BAG RED RETROSPOT"", ""merchandise_net_revenue"": 10116.43}, {""rank"": 3, ""stock_code"": ""47566"", ""description"": ""PARTY BUNTING"", ""merchandise_net_revenue"": 9098.27}], ""currency"": ""GBP""}","{""year_month"": ""2011-03"", ""month_label"": ""March 2011"", ""top_products"": [{""rank"": 1, ""stock_code"": ""22423"", ""description"": ""REGENCY CAKESTAND 3 TIER"", ""merchandise_net_revenue"": 16817.85}, {""rank"": 2, ""stock_code"": ""85099B"", ""description"": ""JUMBO BAG RED RETROSPOT"", ""merchandise_net_revenue"": 10116.43}, {""rank"": 3, ""stock_code"": ""47566"", ""description"": ""PARTY BUNTING"", ""merchandise_net_revenue"": 9098.27}], ""currency"": ""GBP""}"
q_0064,test,top3_products_month,exclude_documented_candidate_pairs,False,False,False,False,[],"{""year_month"": ""2011-04"", ""month_label"": ""April 2011"", ""top_products"": [{""rank"": 1, ""stock_code"": ""22423"", ""description"": ""REGENCY CAKESTAND 3 TIER"", ""merchandise_net_revenue"": 14280.9}, {""rank"": 2, ""stock_code"": ""47566"", ""description"": ""PARTY BUNTING"", ""merchandise_net_revenue"": 10323.87}, {""rank"": 3, ""stock_code"": ""22084"", ""description"": ""PAPER CHAIN KIT EMPIRE"", ""merchandise_net_revenue"": 6619.51}], ""currency"": ""GBP""}","{""year_month"": ""2011-04"", ""month_label"": ""April 2011"", ""top_products"": [{""rank"": 1, ""stock_code"": ""22423"", ""description"": ""REGENCY CAKESTAND 3 TIER"", ""merchandise_net_revenue"": 14280.9}, {""rank"": 2, ""stock_code"": ""47566"", ""description"": ""PARTY BUNTING"", ""merchandise_net_revenue"": 10323.87}, {""rank"": 3, ""stock_code"": ""22084"", ""description"": ""PAPER CHAIN KIT EMPIRE"", ""merchandise_net_revenue"": 6619.51}], ""currency"": ""GBP""}"
q_0065,train,top3_products_month,exclude_documented_candidate_pairs,False,False,False,False,[],"{""year_month"": ""2011-05"", ""month_label"": ""May 2011"", ""top_products"": [{""rank"": 1, ""stock_code"": ""47566"", ""description"": ""PARTY BUNTING"", ""merchandise_net_revenue"": 19093.3}, {""rank"": 2, ""stock_code"": ""22423"", ""description"": ""REGENCY CAKESTAND 3 TIER"", ""merchandise_net_revenue"": 12217.27}, {""rank"": 3, ""stock_code"": ""85123A"", ""description"": ""WHITE HANGING HEART T-LIGHT HOLDER"", ""merchandise_net_revenue"": 11172.17}], ""currency"": ""GBP""}","{""year_month"": ""2011-05"", ""month_label"": ""May 2011"", ""top_products"": [{""rank"": 1, ""stock_code"": ""47566"", ""description"": ""PARTY BUNTING"", ""merchandise_net_revenue"": 19093.3}, {""rank"": 2, ""stock_code"": ""22423"", ""description"": ""REGENCY CAKESTAND 3 TIER"", ""merchandise_net_revenue"": 12217.27}, {""rank"": 3, ""stock_code"": ""85123A"", ""description"": ""WHITE HANGING HEART T-LIGHT HOLDER"", ""merchandise_net_revenue"": 11172.17}], ""currency"": ""GBP""}"
q_0066,train,top3_products_month,exclude_documented_candidate_pairs,True,True,True,False,"[{""field"": ""top_products[0].stock_code"", ""old"": ""22502"", ""new"": ""47566"", ""kind"": ""categorical""}, {""field"": ""top_products[0].description"", ""old"": ""PICNIC BASKET WICKER 60 PIECES"", ""new"": ""PARTY BUNTING"", ""kind"": ""categorical""}, {""field"": ""top_products[0].merchandise_net_revenue"", ""old"": 39619.5, ""new"": 12452.17, ""kind"": ""numeric""}, {""field"": ""top_products[1].stock_code"", ""old"": ""47566"", ""new"": ""22423"", ""kind"": ""categorical""}, {""field"": ""top_products[1].description"", ""old"": ""PARTY BUNTING"", ""new"": ""REGENCY CAKESTAND 3 TIER"", ""kind"": ""categorical""}, {""field"": ""top_products[1].merchandise_net_revenue"", ""old"": 12452.17, ""new"": 9453.64, ""kind"": ""numeric""}, {""field"": ""top_products[2].stock_code"", ""old"": ""22423"", ""new"": ""23173"", ""kind"": ""categorical""}, {""field"": ""top_products[2].description"", ""old"": ""REGENCY CAKESTAND 3 TIER"", ""new"": ""REGENCY TEAPOT ROSES"", ""kind"": ""categorical""}, {""field"": ""top_products[2].merchandise_net_revenue"", ""old"": 9453.64, ""new"": 7353.69, ""kind"": ""numeric""}]","{""year_month"": ""2011-06"", ""month_label"": ""June 2011"", ""top_products"": [{""rank"": 1, ""stock_code"": ""22502"", ""description"": ""PICNIC BASKET WICKER 60 PIECES"", ""merchandise_net_revenue"": 39619.5}, {""rank"": 2, ""stock_code"": ""47566"", ""description"": ""PARTY BUNTING"", ""merchandise_net_revenue"": 12452.17}, {""rank"": 3, ""stock_code"": ""22423"", ""description"": ""REGENCY CAKESTAND 3 TIER"", ""merchandise_net_revenue"": 9453.64}], ""currency"": ""GBP""}","{""year_month"": ""2011-06"", ""month_label"": ""June 2011"", ""top_products"": [{""rank"": 1, ""stock_code"": ""47566"", ""description"": ""PARTY BUNTING"", ""merchandise_net_revenue"": 12452.17}, {""rank"": 2, ""stock_code"": ""22423"", ""description"": ""REGENCY CAKESTAND 3 TIER"", ""merchandise_net_revenue"": 9453.64}, {""rank"": 3, ""stock_code"": ""23173"", ""description"": ""REGENCY TEAPOT ROSES"", ""merchandise_net_revenue"": 7353.69}], ""currency"": ""GBP""}"
q_0067,train,top3_products_month,exclude_documented_candidate_pairs,False,False,False,False,[],"{""year_month"": ""2011-07"", ""month_label"": ""July 2011"", ""top_products"": [{""rank"": 1, ""stock_code"": ""47566"", ""description"": ""PARTY BUNTING"", ""merchandise_net_revenue"": 14576.5}, {""rank"": 2, ""stock_code"": ""22423"", ""description"": ""REGENCY CAKESTAND 3 TIER"", ""merchandise_net_revenue"": 13726.56}, {""rank"": 3, ""stock_code"": ""85123A"", ""description"": ""WHITE HANGING HEART T-LIGHT HOLDER"", ""merchandise_net_revenue"": 8474.61}], ""currency"": ""GBP""}","{""year_month"": ""2011-07"", ""month_label"": ""July 2011"", ""top_products"": [{""rank"": 1, ""stock_code"": ""47566"", ""description"": ""PARTY BUNTING"", ""merchandise_net_revenue"": 14576.5}, {""rank"": 2, ""stock_code"": ""22423"", ""description"": ""REGENCY CAKESTAND 3 TIER"", ""merchandise_net_revenue"": 13726.56}, {""rank"": 3, ""stock_code"": ""85123A"", ""description"": ""WHITE HANGING HEART T-LIGHT HOLDER"", ""merchandise_net_revenue"": 8474.61}], ""currency"": ""GBP""}"
q_0068,dev,top3_products_month,exclude_documented_candidate_pairs,False,False,False,False,[],"{""year_month"": ""2011-08"", ""month_label"": ""August 2011"", ""top_products"": [{""rank"": 1, ""stock_code"": ""85099B"", ""description"": ""JUMBO BAG RED RETROSPOT"", ""merchandise_net_revenue"": 10441.77}, {""rank"": 2, ""stock_code"": ""84879"", ""description"": ""ASSORTED COLOUR BIRD ORNAMENT"", ""merchandise_net_revenue"": 9867.04}, {""rank"": 3, ""stock_code"": ""47566"", ""description"": ""PARTY BUNTING"", ""merchandise_net_revenue"": 9655.25}], ""currency"": ""GBP""}","{""year_month"": ""2011-08"", ""month_label"": ""August 2011"", ""top_products"": [{""rank"": 1, ""stock_code"": ""85099B"", ""description"": ""JUMBO BAG RED RETROSPOT"", ""merchandise_net_revenue"": 10441.77}, {""rank"": 2, ""stock_code"": ""84879"", ""description"": ""ASSORTED COLOUR BIRD ORNAMENT"", ""merchandise_net_revenue"": 9867.04}, {""rank"": 3, ""stock_code"": ""47566"", ""description"": ""PARTY BUNTING"", ""merchandise_net_revenue"": 9655.25}], ""currency"": ""GBP""}"
q_0069,test,top3_products_month,exclude_documented_candidate_pairs,False,False,False,False,[],"{""year_month"": ""2011-09"", ""month_label"": ""September 2011"", ""top_products"": [{""rank"": 1, ""stock_code"": ""23243"", ""description"": ""SET OF TEA COFFEE SUGAR TINS PANTRY"", ""merchandise_net_revenue"": 9971.51}, {""rank"": 2, ""stock_code"": ""22423"", ""description"": ""REGENCY CAKESTAND 3 TIER"", ""merchandise_net_revenue"": 9315.03}, {""rank"": 3, ""stock_code"": ""85099B"", ""description"": ""JUMBO BAG RED RETROSPOT"", ""merchandise_net_revenue"": 8630.45}], ""currency"": ""GBP""}","{""year_month"": ""2011-09"", ""month_label"": ""September 2011"", ""top_products"": [{""rank"": 1, ""stock_code"": ""23243"", ""description"": ""SET OF TEA COFFEE SUGAR TINS PANTRY"", ""merchandise_net_revenue"": 9971.51}, {""rank"": 2, ""stock_code"": ""22423"", ""description"": ""REGENCY CAKESTAND 3 TIER"", ""merchandise_net_revenue"": 9315.03}, {""rank"": 3, ""stock_code"": ""85099B"", ""description"": ""JUMBO BAG RED RETROSPOT"", ""merchandise_net_revenue"": 8630.45}], ""currency"": ""GBP""}"
q_0070,train,top3_products_month,exclude_documented_candidate_pairs,False,False,False,False,[],"{""year_month"": ""2011-10"", ""month_label"": ""October 2011"", ""top_products"": [{""rank"": 1, ""stock_code"": ""22423"", ""description"": ""REGENCY CAKESTAND 3 TIER"", ""merchandise_net_revenue"": 12635.34}, {""rank"": 2, ""stock_code"": ""23084"", ""description"": ""RABBIT NIGHT LIGHT"", ""merchandise_net_revenue"": 12249.71}, {""rank"": 3, ""stock_code"": ""23284"", ""description"": ""DOORMAT KEEP CALM AND COME IN"", ""merchandise_net_revenue"": 10103.7}], ""currency"": ""GBP""}","{""year_month"": ""2011-10"", ""month_label"": ""October 2011"", ""top_products"": [{""rank"": 1, ""stock_code"": ""22423"", ""description"": ""REGENCY CAKESTAND 3 TIER"", ""merchandise_net_revenue"": 12635.34}, {""rank"": 2, ""stock_code"": ""23084"", ""description"": ""RABBIT NIGHT LIGHT"", ""merchandise_net_revenue"": 12249.71}, {""rank"": 3, ""stock_code"": ""23284"", ""description"": ""DOORMAT KEEP CALM AND COME IN"", ""merchandise_net_revenue"": 10103.7}], ""currency"": ""GBP""}"
q_0071,train,top3_products_month,exclude_documented_candidate_pairs,False,False,False,False,[],"{""year_month"": ""2011-11"", ""month_label"": ""November 2011"", ""top_products"": [{""rank"": 1, ""stock_code"": ""23084"", ""description"": ""RABBIT NIGHT LIGHT"", ""merchandise_net_revenue"": 34343.77}, {""rank"": 2, ""stock_code"": ""22086"", ""description"": ""PAPER CHAIN KIT 50'S CHRISTMAS"", ""merchandise_net_revenue"": 28853.54}, {""rank"": 3, ""stock_code"": ""85123A"", ""description"": ""WHITE HANGING HEART T-LIGHT HOLDER"", ""merchandise_net_revenue"": 14113.9}], ""currency"": ""GBP""}","{""year_month"": ""2011-11"", ""month_label"": ""November 2011"", ""top_products"": [{""rank"": 1, ""stock_code"": ""23084"", ""description"": ""RABBIT NIGHT LIGHT"", ""merchandise_net_revenue"": 34343.77}, {""rank"": 2, ""stock_code"": ""22086"", ""description"": ""PAPER CHAIN KIT 50'S CHRISTMAS"", ""merchandise_net_revenue"": 28853.54}, {""rank"": 3, ""stock_code"": ""85123A"", ""description"": ""WHITE HANGING HEART T-LIGHT HOLDER"", ""merchandise_net_revenue"": 14113.9}], ""currency"": ""GBP""}"
q_0072,train,top3_products_month,exclude_documented_candidate_pairs,False,False,False,False,[],"{""year_month"": ""2011-12"", ""month_label"": ""December 2011"", ""top_products"": [{""rank"": 1, ""stock_code"": ""23084"", ""description"": ""RABBIT NIGHT LIGHT"", ""merchandise_net_revenue"": 9603.45}, {""rank"": 2, ""stock_code"": ""22086"", ""description"": ""PAPER CHAIN KIT 50'S CHRISTMAS"", ""merchandise_net_revenue"": 6867.76}, {""rank"": 3, ""stock_code"": ""22423"", ""description"": ""REGENCY CAKESTAND 3 TIER"", ""merchandise_net_revenue"": 5890.17}], ""currency"": ""GBP""}","{""year_month"": ""2011-12"", ""month_label"": ""December 2011"", ""top_products"": [{""rank"": 1, ""stock_code"": ""23084"", ""description"": ""RABBIT NIGHT LIGHT"", ""merchandise_net_revenue"": 9603.45}, {""rank"": 2, ""stock_code"": ""22086"", ""description"": ""PAPER CHAIN KIT 50'S CHRISTMAS"", ""merchandise_net_revenue"": 6867.76}, {""rank"": 3, ""stock_code"": ""22423"", ""description"": ""REGENCY CAKESTAND 3 TIER"", ""merchandise_net_revenue"": 5890.17}], ""currency"": ""GBP""}"
q_0073,train,product_revenue_share_month,exclude_documented_candidate_pairs,False,False,False,False,[],"{""year_month"": ""2011-01"", ""month_label"": ""January 2011"", ""top_n"": 1, ""top_products"": [{""rank"": 1, ""stock_code"": ""85123A"", ""description"": ""WHITE HANGING HEART T-LIGHT HOLDER"", ""merchandise_net_revenue"": 15174.26}], ""numerator_merchandise_net_revenue"": 15174.26, ""total_merchandise_net_revenue"": 578914.41, ""share_percent"": 2.62, ""currency"": ""GBP""}","{""year_month"": ""2011-01"", ""month_label"": ""January 2011"", ""top_n"": 1, ""top_products"": [{""rank"": 1, ""stock_code"": ""85123A"", ""description"": ""WHITE HANGING HEART T-LIGHT HOLDER"", ""merchandise_net_revenue"": 15174.26}], ""numerator_merchandise_net_revenue"": 15174.26, ""total_merchandise_net_revenue"": 578914.41, ""share_percent"": 2.62, ""currency"": ""GBP""}"
q_0074,train,product_revenue_share_month,exclude_documented_candidate_pairs,False,False,False,False,[],"{""year_month"": ""2011-02"", ""month_label"": ""February 2011"", ""top_n"": 1, ""top_products"": [{""rank"": 1, ""stock_code"": ""22423"", ""description"": ""REGENCY CAKESTAND 3 TIER"", ""merchandise_net_revenue"": 10491.54}], ""numerator_merchandise_net_revenue"": 10491.54, ""total_merchandise_net_revenue"": 499514.57, ""share_percent"": 2.1, ""currency"": ""GBP""}","{""year_month"": ""2011-02"", ""month_label"": ""February 2011"", ""top_n"": 1, ""top_products"": [{""rank"": 1, ""stock_code"": ""22423"", ""description"": ""REGENCY CAKESTAND 3 TIER"", ""merchandise_net_revenue"": 10491.54}], ""numerator_merchandise_net_revenue"": 10491.54, ""total_merchandise_net_revenue"": 499514.57, ""share_percent"": 2.1, ""currency"": ""GBP""}"
q_0075,train,product_revenue_share_month,exclude_documented_candidate_pairs,False,False,False,False,[],"{""year_month"": ""2011-03"", ""month_label"": ""March 2011"", ""top_n"": 1, ""top_products"": [{""rank"": 1, ""stock_code"": ""22423"", ""description"": ""REGENCY CAKESTAND 3 TIER"", ""merchandise_net_revenue"": 16817.85}], ""numerator_merchandise_net_revenue"": 16817.85, ""total_merchandise_net_revenue"": 679212.52, ""share_percent"": 2.48, ""currency"": ""GBP""}","{""year_month"": ""2011-03"", ""month_label"": ""March 2011"", ""top_n"": 1, ""top_products"": [{""rank"": 1, ""stock_code"": ""22423"", ""description"": ""REGENCY CAKESTAND 3 TIER"", ""merchandise_net_revenue"": 16817.85}], ""numerator_merchandise_net_revenue"": 16817.85, ""total_merchandise_net_revenue"": 679212.52, ""share_percent"": 2.48, ""currency"": ""GBP""}"
q_0076,dev,product_revenue_share_month,exclude_documented_candidate_pairs,False,False,False,False,[],"{""year_month"": ""2011-04"", ""month_label"": ""April 2011"", ""top_n"": 1, ""top_products"": [{""rank"": 1, ""stock_code"": ""22423"", ""description"": ""REGENCY CAKESTAND 3 TIER"", ""merchandise_net_revenue"": 14280.9}], ""numerator_merchandise_net_revenue"": 14280.9, ""total_merchandise_net_revenue"": 482147.02, ""share_percent"": 2.96, ""currency"": ""GBP""}","{""year_month"": ""2011-04"", ""month_label"": ""April 2011"", ""top_n"": 1, ""top_products"": [{""rank"": 1, ""stock_code"": ""22423"", ""description"": ""REGENCY CAKESTAND 3 TIER"", ""merchandise_net_revenue"": 14280.9}], ""numerator_merchandise_net_revenue"": 14280.9, ""total_merchandise_net_revenue"": 482147.02, ""share_percent"": 2.96, ""currency"": ""GBP""}"
q_0077,test,product_revenue_share_month,exclude_documented_candidate_pairs,False,False,False,False,[],"{""year_month"": ""2011-05"", ""month_label"": ""May 2011"", ""top_n"": 1, ""top_products"": [{""rank"": 1, ""stock_code"": ""47566"", ""description"": ""PARTY BUNTING"", ""merchandise_net_revenue"": 19093.3}], ""numerator_merchandise_net_revenue"": 19093.3, ""total_merchandise_net_revenue"": 731051.91, ""share_percent"": 2.61, ""currency"": ""GBP""}","{""year_month"": ""2011-05"", ""month_label"": ""May 2011"", ""top_n"": 1, ""top_products"": [{""rank"": 1, ""stock_code"": ""47566"", ""description"": ""PARTY BUNTING"", ""merchandise_net_revenue"": 19093.3}], ""numerator_merchandise_net_revenue"": 19093.3, ""total_merchandise_net_revenue"": 731051.91, ""share_percent"": 2.61, ""currency"": ""GBP""}"
q_0078,train,product_revenue_share_month,exclude_documented_candidate_pairs,True,True,True,False,"[{""field"": ""top_products[0].stock_code"", ""old"": ""22502"", ""new"": ""47566"", ""kind"": ""categorical""}, {""field"": ""top_products[0].description"", ""old"": ""PICNIC BASKET WICKER 60 PIECES"", ""new"": ""PARTY BUNTING"", ""kind"": ""categorical""}, {""field"": ""top_products[0].merchandise_net_revenue"", ""old"": 39619.5, ""new"": 12452.17, ""kind"": ""numeric""}, {""field"": ""numerator_merchandise_net_revenue"", ""old"": 39619.5, ""new"": 12452.17, ""kind"": ""numeric""}, {""field"": ""total_merchandise_net_revenue"", ""old"": 723970.15, ""new"": 685000.15, ""kind"": ""numeric""}, {""field"": ""share_percent"", ""old"": 5.47, ""new"": 1.82, ""kind"": ""numeric""}]","{""year_month"": ""2011-06"", ""month_label"": ""June 2011"", ""top_n"": 1, ""top_products"": [{""rank"": 1, ""stock_code"": ""22502"", ""description"": ""PICNIC BASKET WICKER 60 PIECES"", ""merchandise_net_revenue"": 39619.5}], ""numerator_merchandise_net_revenue"": 39619.5, ""total_merchandise_net_revenue"": 723970.15, ""share_percent"": 5.47, ""currency"": ""GBP""}","{""year_month"": ""2011-06"", ""month_label"": ""June 2011"", ""top_n"": 1, ""top_products"": [{""rank"": 1, ""stock_code"": ""47566"", ""description"": ""PARTY BUNTING"", ""merchandise_net_revenue"": 12452.17}], ""numerator_merchandise_net_revenue"": 12452.17, ""total_merchandise_net_revenue"": 685000.15, ""share_percent"": 1.82, ""currency"": ""GBP""}"
q_0079,train,product_revenue_share_month,exclude_documented_candidate_pairs,False,False,False,False,[],"{""year_month"": ""2011-07"", ""month_label"": ""July 2011"", ""top_n"": 1, ""top_products"": [{""rank"": 1, ""stock_code"": ""47566"", ""description"": ""PARTY BUNTING"", ""merchandise_net_revenue"": 14576.5}], ""numerator_merchandise_net_revenue"": 14576.5, ""total_merchandise_net_revenue"": 676770.86, ""share_percent"": 2.15, ""currency"": ""GBP""}","{""year_month"": ""2011-07"", ""month_label"": ""July 2011"", ""top_n"": 1, ""top_products"": [{""rank"": 1, ""stock_code"": ""47566"", ""description"": ""PARTY BUNTING"", ""merchandise_net_revenue"": 14576.5}], ""numerator_merchandise_net_revenue"": 14576.5, ""total_merchandise_net_revenue"": 676770.86, ""share_percent"": 2.15, ""currency"": ""GBP""}"
q_0080,train,product_revenue_share_month,exclude_documented_candidate_pairs,False,False,False,False,[],"{""year_month"": ""2011-08"", ""month_label"": ""August 2011"", ""top_n"": 1, ""top_products"": [{""rank"": 1, ""stock_code"": ""85099B"", ""description"": ""JUMBO BAG RED RETROSPOT"", ""merchandise_net_revenue"": 10441.77}], ""numerator_merchandise_net_revenue"": 10441.77, ""total_merchandise_net_revenue"": 701361.85, ""share_percent"": 1.49, ""currency"": ""GBP""}","{""year_month"": ""2011-08"", ""month_label"": ""August 2011"", ""top_n"": 1, ""top_products"": [{""rank"": 1, ""stock_code"": ""85099B"", ""description"": ""JUMBO BAG RED RETROSPOT"", ""merchandise_net_revenue"": 10441.77}], ""numerator_merchandise_net_revenue"": 10441.77, ""total_merchandise_net_revenue"": 701361.85, ""share_percent"": 1.49, ""currency"": ""GBP""}"
q_0081,dev,product_revenue_share_month,exclude_documented_candidate_pairs,False,False,False,False,[],"{""year_month"": ""2011-09"", ""month_label"": ""September 2011"", ""top_n"": 1, ""top_products"": [{""rank"": 1, ""stock_code"": ""23243"", ""description"": ""SET OF TEA COFFEE SUGAR TINS PANTRY"", ""merchandise_net_revenue"": 9971.51}], ""numerator_merchandise_net_revenue"": 9971.51, ""total_merchandise_net_revenue"": 1011358.16, ""share_percent"": 0.99, ""currency"": ""GBP""}","{""year_month"": ""2011-09"", ""month_label"": ""September 2011"", ""top_n"": 1, ""top_products"": [{""rank"": 1, ""stock_code"": ""23243"", ""description"": ""SET OF TEA COFFEE SUGAR TINS PANTRY"", ""merchandise_net_revenue"": 9971.51}], ""numerator_merchandise_net_revenue"": 9971.51, ""total_merchandise_net_revenue"": 1011358.16, ""share_percent"": 0.99, ""currency"": ""GBP""}"
q_0082,test,product_revenue_share_month,exclude_documented_candidate_pairs,False,False,False,False,[],"{""year_month"": ""2011-10"", ""month_label"": ""October 2011"", ""top_n"": 1, ""top_products"": [{""rank"": 1, ""stock_code"": ""22423"", ""description"": ""REGENCY CAKESTAND 3 TIER"", ""merchandise_net_revenue"": 12635.34}], ""numerator_merchandise_net_revenue"": 12635.34, ""total_merchandise_net_revenue"": 1061714.6, ""share_percent"": 1.19, ""currency"": ""GBP""}","{""year_month"": ""2011-10"", ""month_label"": ""October 2011"", ""top_n"": 1, ""top_products"": [{""rank"": 1, ""stock_code"": ""22423"", ""description"": ""REGENCY CAKESTAND 3 TIER"", ""merchandise_net_revenue"": 12635.34}], ""numerator_merchandise_net_revenue"": 12635.34, ""total_merchandise_net_revenue"": 1061714.6, ""share_percent"": 1.19, ""currency"": ""GBP""}"
q_0083,train,product_revenue_share_month,exclude_documented_candidate_pairs,False,False,False,False,[],"{""year_month"": ""2011-11"", ""month_label"": ""November 2011"", ""top_n"": 1, ""top_products"": [{""rank"": 1, ""stock_code"": ""23084"", ""description"": ""RABBIT NIGHT LIGHT"", ""merchandise_net_revenue"": 34343.77}], ""numerator_merchandise_net_revenue"": 34343.77, ""total_merchandise_net_revenue"": 1427121.25, ""share_percent"": 2.41, ""currency"": ""GBP""}","{""year_month"": ""2011-11"", ""month_label"": ""November 2011"", ""top_n"": 1, ""top_products"": [{""rank"": 1, ""stock_code"": ""23084"", ""description"": ""RABBIT NIGHT LIGHT"", ""merchandise_net_revenue"": 34343.77}], ""numerator_merchandise_net_revenue"": 34343.77, ""total_merchandise_net_revenue"": 1427121.25, ""share_percent"": 2.41, ""currency"": ""GBP""}"
q_0084,train,product_revenue_share_month,exclude_documented_candidate_pairs,False,False,False,False,[],"{""year_month"": ""2011-01"", ""month_label"": ""January 2011"", ""top_n"": 3, ""top_products"": [{""rank"": 1, ""stock_code"": ""85123A"", ""description"": ""WHITE HANGING HEART T-LIGHT HOLDER"", ""merchandise_net_revenue"": 15174.26}, {""rank"": 2, ""stock_code"": ""22423"", ""description"": ""REGENCY CAKESTAND 3 TIER"", ""merchandise_net_revenue"": 11742.5}, {""rank"": 3, ""stock_code"": ""21108"", ""description"": ""FAIRY CAKE FLANNEL ASSORTED COLOUR"", ""merchandise_net_revenue"": 6870.41}], ""numerator_merchandise_net_revenue"": 33787.17, ""total_merchandise_net_revenue"": 578914.41, ""share_percent"": 5.84, ""currency"": ""GBP""}","{""year_month"": ""2011-01"", ""month_label"": ""January 2011"", ""top_n"": 3, ""top_products"": [{""rank"": 1, ""stock_code"": ""85123A"", ""description"": ""WHITE HANGING HEART T-LIGHT HOLDER"", ""merchandise_net_revenue"": 15174.26}, {""rank"": 2, ""stock_code"": ""22423"", ""description"": ""REGENCY CAKESTAND 3 TIER"", ""merchandise_net_revenue"": 11742.5}, {""rank"": 3, ""stock_code"": ""21108"", ""description"": ""FAIRY CAKE FLANNEL ASSORTED COLOUR"", ""merchandise_net_revenue"": 6870.41}], ""numerator_merchandise_net_revenue"": 33787.17, ""total_merchandise_net_revenue"": 578914.41, ""share_percent"": 5.84, ""currency"": ""GBP""}"
q_0085,train,product_revenue_share_month,exclude_documented_candidate_pairs,False,False,False,False,[],"{""year_month"": ""2011-03"", ""month_label"": ""March 2011"", ""top_n"": 3, ""top_products"": [{""rank"": 1, ""stock_code"": ""22423"", ""description"": ""REGENCY CAKESTAND 3 TIER"", ""merchandise_net_revenue"": 16817.85}, {""rank"": 2, ""stock_code"": ""85099B"", ""description"": ""JUMBO BAG RED RETROSPOT"", ""merchandise_net_revenue"": 10116.43}, {""rank"": 3, ""stock_code"": ""47566"", ""description"": ""PARTY BUNTING"", ""merchandise_net_revenue"": 9098.27}], ""numerator_merchandise_net_revenue"": 36032.55, ""total_merchandise_net_revenue"": 679212.52, ""share_percent"": 5.31, ""currency"": ""GBP""}","{""year_month"": ""2011-03"", ""month_label"": ""March 2011"", ""top_n"": 3, ""top_products"": [{""rank"": 1, ""stock_code"": ""22423"", ""description"": ""REGENCY CAKESTAND 3 TIER"", ""merchandise_net_revenue"": 16817.85}, {""rank"": 2, ""stock_code"": ""85099B"", ""description"": ""JUMBO BAG RED RETROSPOT"", ""merchandise_net_revenue"": 10116.43}, {""rank"": 3, ""stock_code"": ""47566"", ""description"": ""PARTY BUNTING"", ""merchandise_net_revenue"": 9098.27}], ""numerator_merchandise_net_revenue"": 36032.55, ""total_merchandise_net_revenue"": 679212.52, ""share_percent"": 5.31, ""currency"": ""GBP""}"
q_0086,dev,product_revenue_share_month,exclude_documented_candidate_pairs,True,True,True,False,"[{""field"": ""top_products[0].stock_code"", ""old"": ""22502"", ""new"": ""47566"", ""kind"": ""categorical""}, {""field"": ""top_products[0].description"", ""old"": ""PICNIC BASKET WICKER 60 PIECES"", ""new"": ""PARTY BUNTING"", ""kind"": ""categorical""}, {""field"": ""top_products[0].merchandise_net_revenue"", ""old"": 39619.5, ""new"": 12452.17, ""kind"": ""numeric""}, {""field"": ""top_products[1].stock_code"", ""old"": ""47566"", ""new"": ""22423"", ""kind"": ""categorical""}, {""field"": ""top_products[1].description"", ""old"": ""PARTY BUNTING"", ""new"": ""REGENCY CAKESTAND 3 TIER"", ""kind"": ""categorical""}, {""field"": ""top_products[1].merchandise_net_revenue"", ""old"": 12452.17, ""new"": 9453.64, ""kind"": ""numeric""}, {""field"": ""top_products[2].stock_code"", ""old"": ""22423"", ""new"": ""23173"", ""kind"": ""categorical""}, {""field"": ""top_products[2].description"", ""old"": ""REGENCY CAKESTAND 3 TIER"", ""new"": ""REGENCY TEAPOT ROSES"", ""kind"": ""categorical""}, {""field"": ""top_products[2].merchandise_net_revenue"", ""old"": 9453.64, ""new"": 7353.69, ""kind"": ""numeric""}, {""field"": ""numerator_merchandise_net_revenue"", ""old"": 61525.31, ""new"": 29259.5, ""kind"": ""numeric""}, {""field"": ""total_merchandise_net_revenue"", ""old"": 723970.15, ""new"": 685000.15, ""kind"": ""numeric""}, {""field"": ""share_percent"", ""old"": 8.5, ""new"": 4.27, ""kind"": ""numeric""}]","{""year_month"": ""2011-06"", ""month_label"": ""June 2011"", ""top_n"": 3, ""top_products"": [{""rank"": 1, ""stock_code"": ""22502"", ""description"": ""PICNIC BASKET WICKER 60 PIECES"", ""merchandise_net_revenue"": 39619.5}, {""rank"": 2, ""stock_code"": ""47566"", ""description"": ""PARTY BUNTING"", ""merchandise_net_revenue"": 12452.17}, {""rank"": 3, ""stock_code"": ""22423"", ""description"": ""REGENCY CAKESTAND 3 TIER"", ""merchandise_net_revenue"": 9453.64}], ""numerator_merchandise_net_revenue"": 61525.31, ""total_merchandise_net_revenue"": 723970.15, ""share_percent"": 8.5, ""currency"": ""GBP""}","{""year_month"": ""2011-06"", ""month_label"": ""June 2011"", ""top_n"": 3, ""top_products"": [{""rank"": 1, ""stock_code"": ""47566"", ""description"": ""PARTY BUNTING"", ""merchandise_net_revenue"": 12452.17}, {""rank"": 2, ""stock_code"": ""22423"", ""description"": ""REGENCY CAKESTAND 3 TIER"", ""merchandise_net_revenue"": 9453.64}, {""rank"": 3, ""stock_code"": ""23173"", ""description"": ""REGENCY TEAPOT ROSES"", ""merchandise_net_revenue"": 7353.69}], ""numerator_merchandise_net_revenue"": 29259.5, ""total_merchandise_net_revenue"": 685000.15, ""share_percent"": 4.27, ""currency"": ""GBP""}"
q_0087,test,product_revenue_share_month,exclude_documented_candidate_pairs,False,False,False,False,[],"{""year_month"": ""2011-09"", ""month_label"": ""September 2011"", ""top_n"": 3, ""top_products"": [{""rank"": 1, ""stock_code"": ""23243"", ""description"": ""SET OF TEA COFFEE SUGAR TINS PANTRY"", ""merchandise_net_revenue"": 9971.51}, {""rank"": 2, ""stock_code"": ""22423"", ""description"": ""REGENCY CAKESTAND 3 TIER"", ""merchandise_net_revenue"": 9315.03}, {""rank"": 3, ""stock_code"": ""85099B"", ""description"": ""JUMBO BAG RED RETROSPOT"", ""merchandise_net_revenue"": 8630.45}], ""numerator_merchandise_net_revenue"": 27916.99, ""total_merchandise_net_revenue"": 1011358.16, ""share_percent"": 2.76, ""currency"": ""GBP""}","{""year_month"": ""2011-09"", ""month_label"": ""September 2011"", ""top_n"": 3, ""top_products"": [{""rank"": 1, ""stock_code"": ""23243"", ""description"": ""SET OF TEA COFFEE SUGAR TINS PANTRY"", ""merchandise_net_revenue"": 9971.51}, {""rank"": 2, ""stock_code"": ""22423"", ""description"": ""REGENCY CAKESTAND 3 TIER"", ""merchandise_net_revenue"": 9315.03}, {""rank"": 3, ""stock_code"": ""85099B"", ""description"": ""JUMBO BAG RED RETROSPOT"", ""merchandise_net_revenue"": 8630.45}], ""numerator_merchandise_net_revenue"": 27916.99, ""total_merchandise_net_revenue"": 1011358.16, ""share_percent"": 2.76, ""currency"": ""GBP""}"
q_0088,train,product_revenue_share_month,exclude_documented_candidate_pairs,False,False,False,False,[],"{""year_month"": ""2011-11"", ""month_label"": ""November 2011"", ""top_n"": 3, ""top_products"": [{""rank"": 1, ""stock_code"": ""23084"", ""description"": ""RABBIT NIGHT LIGHT"", ""merchandise_net_revenue"": 34343.77}, {""rank"": 2, ""stock_code"": ""22086"", ""description"": ""PAPER CHAIN KIT 50'S CHRISTMAS"", ""merchandise_net_revenue"": 28853.54}, {""rank"": 3, ""stock_code"": ""85123A"", ""description"": ""WHITE HANGING HEART T-LIGHT HOLDER"", ""merchandise_net_revenue"": 14113.9}], ""numerator_merchandise_net_revenue"": 77311.21, ""total_merchandise_net_revenue"": 1427121.25, ""share_percent"": 5.42, ""currency"": ""GBP""}","{""year_month"": ""2011-11"", ""month_label"": ""November 2011"", ""top_n"": 3, ""top_products"": [{""rank"": 1, ""stock_code"": ""23084"", ""description"": ""RABBIT NIGHT LIGHT"", ""merchandise_net_revenue"": 34343.77}, {""rank"": 2, ""stock_code"": ""22086"", ""description"": ""PAPER CHAIN KIT 50'S CHRISTMAS"", ""merchandise_net_revenue"": 28853.54}, {""rank"": 3, ""stock_code"": ""85123A"", ""description"": ""WHITE HANGING HEART T-LIGHT HOLDER"", ""merchandise_net_revenue"": 14113.9}], ""numerator_merchandise_net_revenue"": 77311.21, ""total_merchandise_net_revenue"": 1427121.25, ""share_percent"": 5.42, ""currency"": ""GBP""}"
q_0089,train,return_impact_month,exclude_documented_candidate_pairs,False,False,False,False,[],"{""year_month"": ""2010-12"", ""month_label"": ""December 2010"", ""gross_positive_revenue"": 821452.73, ""cancellation_revenue"": -74729.12, ""reduction_amount"": 74729.12, ""reduction_rate_percent"": 9.1, ""net_revenue"": 746723.61, ""currency"": ""GBP""}","{""year_month"": ""2010-12"", ""month_label"": ""December 2010"", ""gross_positive_revenue"": 821452.73, ""cancellation_revenue"": -74729.12, ""reduction_amount"": 74729.12, ""reduction_rate_percent"": 9.1, ""net_revenue"": 746723.61, ""currency"": ""GBP""}"
q_0090,train,return_impact_month,exclude_documented_candidate_pairs,True,True,False,False,"[{""field"": ""gross_positive_revenue"", ""old"": 689811.61, ""new"": 612628.01, ""kind"": ""numeric""}, {""field"": ""cancellation_revenue"", ""old"": -131363.05, ""new"": -54179.45, ""kind"": ""numeric""}, {""field"": ""reduction_amount"", ""old"": 131363.05, ""new"": 54179.45, ""kind"": ""numeric""}, {""field"": ""reduction_rate_percent"", ""old"": 19.04, ""new"": 8.84, ""kind"": ""numeric""}]","{""year_month"": ""2011-01"", ""month_label"": ""January 2011"", ""gross_positive_revenue"": 689811.61, ""cancellation_revenue"": -131363.05, ""reduction_amount"": 131363.05, ""reduction_rate_percent"": 19.04, ""net_revenue"": 558448.56, ""currency"": ""GBP""}","{""year_month"": ""2011-01"", ""month_label"": ""January 2011"", ""gross_positive_revenue"": 612628.01, ""cancellation_revenue"": -54179.45, ""reduction_amount"": 54179.45, ""reduction_rate_percent"": 8.84, ""net_revenue"": 558448.56, ""currency"": ""GBP""}"
q_0091,train,return_impact_month,exclude_documented_candidate_pairs,False,False,False,False,[],"{""year_month"": ""2011-02"", ""month_label"": ""February 2011"", ""gross_positive_revenue"": 522545.56, ""cancellation_revenue"": -25519.15, ""reduction_amount"": 25519.15, ""reduction_rate_percent"": 4.88, ""net_revenue"": 497026.41, ""currency"": ""GBP""}","{""year_month"": ""2011-02"", ""month_label"": ""February 2011"", ""gross_positive_revenue"": 522545.56, ""cancellation_revenue"": -25519.15, ""reduction_amount"": 25519.15, ""reduction_rate_percent"": 4.88, ""net_revenue"": 497026.41, ""currency"": ""GBP""}"
q_0092,dev,return_impact_month,exclude_documented_candidate_pairs,False,False,False,False,[],"{""year_month"": ""2011-03"", ""month_label"": ""March 2011"", ""gross_positive_revenue"": 716215.26, ""cancellation_revenue"": -34201.28, ""reduction_amount"": 34201.28, ""reduction_rate_percent"": 4.78, ""net_revenue"": 682013.98, ""currency"": ""GBP""}","{""year_month"": ""2011-03"", ""month_label"": ""March 2011"", ""gross_positive_revenue"": 716215.26, ""cancellation_revenue"": -34201.28, ""reduction_amount"": 34201.28, ""reduction_rate_percent"": 4.78, ""net_revenue"": 682013.98, ""currency"": ""GBP""}"
q_0093,test,return_impact_month,exclude_documented_candidate_pairs,False,False,False,False,[],"{""year_month"": ""2011-04"", ""month_label"": ""April 2011"", ""gross_positive_revenue"": 536968.49, ""cancellation_revenue"": -44600.65, ""reduction_amount"": 44600.65, ""reduction_rate_percent"": 8.31, ""net_revenue"": 492367.84, ""currency"": ""GBP""}","{""year_month"": ""2011-04"", ""month_label"": ""April 2011"", ""gross_positive_revenue"": 536968.49, ""cancellation_revenue"": -44600.65, ""reduction_amount"": 44600.65, ""reduction_rate_percent"": 8.31, ""net_revenue"": 492367.84, ""currency"": ""GBP""}"
q_0094,train,return_impact_month,exclude_documented_candidate_pairs,False,False,False,False,[],"{""year_month"": ""2011-05"", ""month_label"": ""May 2011"", ""gross_positive_revenue"": 769296.61, ""cancellation_revenue"": -47202.51, ""reduction_amount"": 47202.51, ""reduction_rate_percent"": 6.14, ""net_revenue"": 722094.1, ""currency"": ""GBP""}","{""year_month"": ""2011-05"", ""month_label"": ""May 2011"", ""gross_positive_revenue"": 769296.61, ""cancellation_revenue"": -47202.51, ""reduction_amount"": 47202.51, ""reduction_rate_percent"": 6.14, ""net_revenue"": 722094.1, ""currency"": ""GBP""}"
q_0095,train,return_impact_month,exclude_documented_candidate_pairs,True,True,False,False,"[{""field"": ""gross_positive_revenue"", ""old"": 760547.01, ""new"": 721577.01, ""kind"": ""numeric""}, {""field"": ""cancellation_revenue"", ""old"": -70569.78, ""new"": -31599.78, ""kind"": ""numeric""}, {""field"": ""reduction_amount"", ""old"": 70569.78, ""new"": 31599.78, ""kind"": ""numeric""}, {""field"": ""reduction_rate_percent"", ""old"": 9.28, ""new"": 4.38, ""kind"": ""numeric""}]","{""year_month"": ""2011-06"", ""month_label"": ""June 2011"", ""gross_positive_revenue"": 760547.01, ""cancellation_revenue"": -70569.78, ""reduction_amount"": 70569.78, ""reduction_rate_percent"": 9.28, ""net_revenue"": 689977.23, ""currency"": ""GBP""}","{""year_month"": ""2011-06"", ""month_label"": ""June 2011"", ""gross_positive_revenue"": 721577.01, ""cancellation_revenue"": -31599.78, ""reduction_amount"": 31599.78, ""reduction_rate_percent"": 4.38, ""net_revenue"": 689977.23, ""currency"": ""GBP""}"
q_0096,train,return_impact_month,exclude_documented_candidate_pairs,False,False,False,False,[],"{""year_month"": ""2011-07"", ""month_label"": ""July 2011"", ""gross_positive_revenue"": 718076.12, ""cancellation_revenue"": -37919.13, ""reduction_amount"": 37919.13, ""reduction_rate_percent"": 5.28, ""net_revenue"": 680156.99, ""currency"": ""GBP""}","{""year_month"": ""2011-07"", ""month_label"": ""July 2011"", ""gross_positive_revenue"": 718076.12, ""cancellation_revenue"": -37919.13, ""reduction_amount"": 37919.13, ""reduction_rate_percent"": 5.28, ""net_revenue"": 680156.99, ""currency"": ""GBP""}"
q_0097,dev,return_impact_month,exclude_documented_candidate_pairs,False,False,False,False,[],"{""year_month"": ""2011-08"", ""month_label"": ""August 2011"", ""gross_positive_revenue"": 757841.38, ""cancellation_revenue"": -54330.8, ""reduction_amount"": 54330.8, ""reduction_rate_percent"": 7.17, ""net_revenue"": 703510.58, ""currency"": ""GBP""}","{""year_month"": ""2011-08"", ""month_label"": ""August 2011"", ""gross_positive_revenue"": 757841.38, ""cancellation_revenue"": -54330.8, ""reduction_amount"": 54330.8, ""reduction_rate_percent"": 7.17, ""net_revenue"": 703510.58, ""currency"": ""GBP""}"
q_0098,test,return_impact_month,exclude_documented_candidate_pairs,False,False,False,False,[],"{""year_month"": ""2011-09"", ""month_label"": ""September 2011"", ""gross_positive_revenue"": 1056435.19, ""cancellation_revenue"": -38838.51, ""reduction_amount"": 38838.51, ""reduction_rate_percent"": 3.68, ""net_revenue"": 1017596.68, ""currency"": ""GBP""}","{""year_month"": ""2011-09"", ""month_label"": ""September 2011"", ""gross_positive_revenue"": 1056435.19, ""cancellation_revenue"": -38838.51, ""reduction_amount"": 38838.51, ""reduction_rate_percent"": 3.68, ""net_revenue"": 1017596.68, ""currency"": ""GBP""}"
q_0099,train,return_impact_month,exclude_documented_candidate_pairs,False,False,False,False,[],"{""year_month"": ""2011-10"", ""month_label"": ""October 2011"", ""gross_positive_revenue"": 1151263.73, ""cancellation_revenue"": -81895.5, ""reduction_amount"": 81895.5, ""reduction_rate_percent"": 7.11, ""net_revenue"": 1069368.23, ""currency"": ""GBP""}","{""year_month"": ""2011-10"", ""month_label"": ""October 2011"", ""gross_positive_revenue"": 1151263.73, ""cancellation_revenue"": -81895.5, ""reduction_amount"": 81895.5, ""reduction_rate_percent"": 7.11, ""net_revenue"": 1069368.23, ""currency"": ""GBP""}"
q_0100,train,return_impact_month,exclude_documented_candidate_pairs,False,False,False,False,[],"{""year_month"": ""2011-11"", ""month_label"": ""November 2011"", ""gross_positive_revenue"": 1503866.78, ""cancellation_revenue"": -47720.98, ""reduction_amount"": 47720.98, ""reduction_rate_percent"": 3.17, ""net_revenue"": 1456145.8, ""currency"": ""GBP""}","{""year_month"": ""2011-11"", ""month_label"": ""November 2011"", ""gross_positive_revenue"": 1503866.78, ""cancellation_revenue"": -47720.98, ""reduction_amount"": 47720.98, ""reduction_rate_percent"": 3.17, ""net_revenue"": 1456145.8, ""currency"": ""GBP""}"
