arm,annotation_id,question_id,split,question_type,fact_type,binary_label,evidence_cluster,period_component,mean_token_nll,mean_token_entropy,max_token_entropy,one_minus_mean_top2_margin,one_minus_min_top2_margin,mean_spilled_energy_abs_delta,max_spilled_energy_abs_delta,mean_spilled_energy_delta,negative_mean_spilled_energy_delta,mean_spilled_probability_mass_after_top1,mean_spilled_probability_mass_after_top2,max_selected_step_energy_gap,all_positive,all_negative,dev_fact_type_prior
stored_six_decimal_scores,ann_full100_seed_q_0004_001,q_0004,dev,top_country_month,month,0,f8d696c0fdfaf78eda3f008de6d7e267a501cf09d0d002fb6ee802761ae17b63,period_component_01,1.3e-05,0.000166,0.000943,1.7e-05,9.9e-05,3.475753,10.604513,-0.809085,0.809085,1.3e-05,9e-06,7.4e-05,1.0,0.0,0.0
stored_six_decimal_scores,ann_full100_seed_q_0004_002,q_0004,dev,top_country_month,country,1,f8d696c0fdfaf78eda3f008de6d7e267a501cf09d0d002fb6ee802761ae17b63,period_component_01,0.692191,1.133532,1.133532,0.889295,0.889295,1.404308,1.404308,1.404308,-1.404308,0.499521,0.109748,0.692192,1.0,0.0,0.7142857142857143
stored_six_decimal_scores,ann_full100_seed_q_0004_003,q_0004,dev,top_country_month,currency_amount,1,f8d696c0fdfaf78eda3f008de6d7e267a501cf09d0d002fb6ee802761ae17b63,period_component_01,0.090725,0.111085,0.899114,0.095954,0.880555,1.836596,6.075016,-0.103398,0.103398,0.050063,0.004173,0.866209,1.0,0.0,0.575
stored_six_decimal_scores,ann_full100_seed_q_0005_001,q_0005,test,top_country_month,month,0,dcd4782cb79be96ccde94912009644ec6f9191b07f6f21012da7319fd3d8ac1a,period_component_01,1.3e-05,0.000164,0.000861,1.6e-05,8.6e-05,3.481531,9.889191,-0.814864,0.814864,1.3e-05,9e-06,6.7e-05,1.0,0.0,0.0
stored_six_decimal_scores,ann_full100_seed_q_0005_002,q_0005,test,top_country_month,country,1,dcd4782cb79be96ccde94912009644ec6f9191b07f6f21012da7319fd3d8ac1a,period_component_01,1.090565,1.679479,1.679479,1.0,1.0,1.978729,1.978729,1.978729,-1.978729,0.663973,0.327947,1.090567,1.0,0.0,0.7142857142857143
stored_six_decimal_scores,ann_full100_seed_q_0005_003,q_0005,test,top_country_month,country,1,dcd4782cb79be96ccde94912009644ec6f9191b07f6f21012da7319fd3d8ac1a,period_component_01,0.00062,0.006698,0.006698,0.000881,0.000881,1.702442,1.702442,-1.702442,1.702442,0.00062,0.000359,0.00062,1.0,0.0,0.7142857142857143
stored_six_decimal_scores,ann_full100_seed_q_0005_004,q_0005,test,top_country_month,currency_amount,1,dcd4782cb79be96ccde94912009644ec6f9191b07f6f21012da7319fd3d8ac1a,period_component_01,0.03334,0.112264,0.715582,0.055368,0.391807,2.091374,4.250019,0.083379,-0.083379,0.030211,0.005055,0.244781,1.0,0.0,0.575
stored_six_decimal_scores,ann_full100_seed_q_0009_001,q_0009,dev,top_country_month,month,0,a0a8b0293ef3e8786b9ae03ba452433ac5587d2f36cb8677fcc1b5b3bb285c02,period_component_02,1e-05,0.000142,0.000761,1.3e-05,6.9e-05,4.12208,9.607485,-0.830414,0.830414,1e-05,8e-06,5.7e-05,1.0,0.0,0.0
stored_six_decimal_scores,ann_full100_seed_q_0009_002,q_0009,dev,top_country_month,country,1,a0a8b0293ef3e8786b9ae03ba452433ac5587d2f36cb8677fcc1b5b3bb285c02,period_component_02,2.37568,1.820861,1.820861,0.558054,0.558054,5.590794,5.590794,5.590794,-5.590794,0.465102,0.372151,2.375687,1.0,0.0,0.7142857142857143
stored_six_decimal_scores,ann_full100_seed_q_0009_003,q_0009,dev,top_country_month,currency_amount,1,a0a8b0293ef3e8786b9ae03ba452433ac5587d2f36cb8677fcc1b5b3bb285c02,period_component_02,0.07466,0.19613,1.051162,0.111957,0.632874,3.698653,10.56698,-0.169636,0.169636,0.063367,0.014778,0.462721,1.0,0.0,0.575
stored_six_decimal_scores,ann_full100_seed_q_0009_004,q_0009,dev,top_country_month,ranking,1,a0a8b0293ef3e8786b9ae03ba452433ac5587d2f36cb8677fcc1b5b3bb285c02,period_component_02,0.501568,1.08688,2.008886,0.445457,0.849194,1.874519,3.916883,0.765882,-0.765882,0.298925,0.152394,1.459017,1.0,0.0,1.0
stored_six_decimal_scores,ann_full100_seed_q_0010_001,q_0010,test,top_country_month,month,0,28b82da324c1c7dc79fa4f69d3bc6f0cbc4b22ebffdda94a0a7be5cc7e5c1fd3,period_component_02,1.5e-05,0.00019,0.001006,2.2e-05,0.000116,3.627131,9.762783,-0.710462,0.710462,1.5e-05,8e-06,8e-05,1.0,0.0,0.0
stored_six_decimal_scores,ann_full100_seed_q_0010_002,q_0010,test,top_country_month,country,1,28b82da324c1c7dc79fa4f69d3bc6f0cbc4b22ebffdda94a0a7be5cc7e5c1fd3,period_component_02,0.142192,0.422276,0.843056,0.20776,0.415352,2.946973,3.268824,-0.321851,0.321851,0.123776,0.039793,0.284264,1.0,0.0,0.7142857142857143
stored_six_decimal_scores,ann_full100_seed_q_0010_003,q_0010,test,top_country_month,malformed_number,1,28b82da324c1c7dc79fa4f69d3bc6f0cbc4b22ebffdda94a0a7be5cc7e5c1fd3,period_component_02,0.151796,0.133254,0.583589,0.088727,0.537938,3.303853,6.106499,-0.101201,0.101201,0.045923,0.003119,1.313381,1.0,0.0,1.0
stored_six_decimal_scores,ann_full100_seed_q_0014_001,q_0014,dev,top_country_month,month,0,81d810b0bbaa509074f22bb8f09a0d107971df5be56c39af555e91e676943f02,period_component_01,8e-06,0.000107,0.000576,1.1e-05,5.9e-05,3.039421,8.48653,-0.747755,0.747755,8e-06,5e-06,4.4e-05,1.0,0.0,0.0
stored_six_decimal_scores,ann_full100_seed_q_0014_002,q_0014,dev,top_country_month,country,1,81d810b0bbaa509074f22bb8f09a0d107971df5be56c39af555e91e676943f02,period_component_01,0.108211,0.353604,0.703085,0.167373,0.334333,1.113039,1.249657,-0.136618,0.136618,0.097335,0.027298,0.21608,1.0,0.0,0.7142857142857143
stored_six_decimal_scores,ann_full100_seed_q_0014_003,q_0014,dev,top_country_month,malformed_number,1,81d810b0bbaa509074f22bb8f09a0d107971df5be56c39af555e91e676943f02,period_component_01,0.127051,0.139592,1.027896,0.090325,0.733712,2.602678,6.963936,0.099968,-0.099968,0.051315,0.012305,1.181898,1.0,0.0,1.0
stored_six_decimal_scores,ann_full100_seed_q_0014_004,q_0014,dev,top_country_month,ranking,1,81d810b0bbaa509074f22bb8f09a0d107971df5be56c39af555e91e676943f02,period_component_01,0.717526,1.607359,2.399124,0.692289,0.966821,1.319124,2.227032,1.285455,-1.285455,0.473947,0.255606,1.264572,1.0,0.0,1.0
stored_six_decimal_scores,ann_full100_draft_q_0020_001,q_0020,dev,top_product_month,month,0,42e37802da02bfae327eacfaba33de48c96e072c5a89fc6af81b80bd847c698d,period_component_03,1.6e-05,0.000197,0.001089,2.1e-05,0.00012,2.780792,7.80975,-0.489124,0.489124,1.6e-05,1e-05,8.8e-05,1.0,0.0,0.0
stored_six_decimal_scores,ann_full100_draft_q_0020_002,q_0020,dev,top_product_month,product_name,1,42e37802da02bfae327eacfaba33de48c96e072c5a89fc6af81b80bd847c698d,period_component_03,0.144431,0.257493,1.158525,0.15967,1.0,5.1101,9.457428,0.334543,-0.334543,0.102058,0.044446,0.917572,1.0,0.0,1.0
stored_six_decimal_scores,ann_full100_draft_q_0020_003,q_0020,dev,top_product_month,product_stock_code,1,42e37802da02bfae327eacfaba33de48c96e072c5a89fc6af81b80bd847c698d,period_component_03,3.1e-05,0.000353,0.000988,5.8e-05,0.000177,3.300515,5.24992,-1.383849,1.383849,3.1e-05,4e-06,9.2e-05,1.0,0.0,0.8
stored_six_decimal_scores,ann_full100_draft_q_0020_004,q_0020,dev,top_product_month,currency_amount,1,42e37802da02bfae327eacfaba33de48c96e072c5a89fc6af81b80bd847c698d,period_component_03,0.098329,0.109338,0.789823,0.120334,0.938574,3.34736,7.125,-0.313739,0.313739,0.061275,0.002215,0.773624,1.0,0.0,0.575
stored_six_decimal_scores,ann_full100_draft_q_0020_005,q_0020,dev,top_product_month,ranking,1,42e37802da02bfae327eacfaba33de48c96e072c5a89fc6af81b80bd847c698d,period_component_03,0.401517,1.029386,1.275968,0.474834,0.948474,0.952878,1.324377,0.732262,-0.732262,0.302524,0.130214,0.824377,1.0,0.0,1.0
stored_six_decimal_scores,ann_full100_draft_q_0033_001,q_0033,dev,country_comparison_month,month,0,df1feee1f5bee5f48d5b15a387b58e14c5dc495934b13faa41d5570b948a8f09,period_component_01,4.4e-05,0.000511,0.002987,5.59999999999e-05,0.000326,3.291664,7.624994,2e-06,-2e-06,4.4e-05,3.3e-05,0.000261,1.0,0.0,0.0
stored_six_decimal_scores,ann_full100_draft_q_0033_002,q_0033,dev,country_comparison_month,country,1,df1feee1f5bee5f48d5b15a387b58e14c5dc495934b13faa41d5570b948a8f09,period_component_01,0.899285,0.687115,0.687115,0.814882,0.814882,1.26095,1.26095,-1.26095,1.26095,0.408021,0.001161,0.899284,1.0,0.0,0.7142857142857143
stored_six_decimal_scores,ann_full100_draft_q_0033_003,q_0033,dev,country_comparison_month,comparison_direction,1,df1feee1f5bee5f48d5b15a387b58e14c5dc495934b13faa41d5570b948a8f09,period_component_01,0.006813,0.041353,0.139906,0.010998,0.040117,5.055367,10.619989,-0.679804,0.679804,0.006737,0.002476,0.024649,1.0,0.0,0.6666666666666666
stored_six_decimal_scores,ann_full100_draft_q_0033_004,q_0033,dev,country_comparison_month,currency_amount,0,df1feee1f5bee5f48d5b15a387b58e14c5dc495934b13faa41d5570b948a8f09,period_component_01,0.033736,0.131612,0.626166,0.053808,0.248536,1.963725,3.250004,-0.142789,0.142789,0.031715,0.009623,0.174356,1.0,0.0,0.575
stored_six_decimal_scores,ann_full100_draft_q_0033_005,q_0033,dev,country_comparison_month,currency_amount,0,df1feee1f5bee5f48d5b15a387b58e14c5dc495934b13faa41d5570b948a8f09,period_component_01,0.000565,0.003863,0.030373,0.001104,0.009298,2.342844,8.090248,-0.481716,0.481716,0.000564,2.3e-05,0.0047,1.0,0.0,0.575
stored_six_decimal_scores,ann_full100_draft_q_0033_006,q_0033,dev,country_comparison_month,currency_amount,1,df1feee1f5bee5f48d5b15a387b58e14c5dc495934b13faa41d5570b948a8f09,period_component_01,0.114456,0.312881,2.274654,0.108634,0.742306,2.063765,4.125063,0.324939,-0.324939,0.079863,0.051092,0.897326,1.0,0.0,0.575
stored_six_decimal_scores,ann_full100_draft_q_0033_007,q_0033,dev,country_comparison_month,currency_amount,1,df1feee1f5bee5f48d5b15a387b58e14c5dc495934b13faa41d5570b948a8f09,period_component_01,0.001527,0.011624,0.083709,0.002288,0.017185,2.852567,7.94486,-0.258627,0.258627,0.001519,0.000751,0.011374,1.0,0.0,0.575
stored_six_decimal_scores,ann_full100_draft_q_0033_008,q_0033,dev,country_comparison_month,currency_amount,1,df1feee1f5bee5f48d5b15a387b58e14c5dc495934b13faa41d5570b948a8f09,period_component_01,0.13591,0.446575,1.882702,0.16202,0.672203,1.773035,4.000357,0.316312,-0.316312,0.109707,0.057394,0.656704,1.0,0.0,0.575
stored_six_decimal_scores,ann_full100_draft_q_0034_001,q_0034,test,country_comparison_month,country,1,7e2ff1969c78dc4e89a6237ab1dd568e3721634c7e628f431617c283752f8434,period_component_01,1.434414,1.009174,1.009174,0.666711,0.666711,1.732981,1.732981,-1.732981,1.732981,0.428456,0.190201,1.434414,1.0,0.0,0.7142857142857143
stored_six_decimal_scores,ann_full100_draft_q_0034_002,q_0034,test,country_comparison_month,comparison_direction,1,7e2ff1969c78dc4e89a6237ab1dd568e3721634c7e628f431617c283752f8434,period_component_01,0.00755,0.057386,0.127141,0.010372,0.02272,5.205251,10.307821,0.05134,-0.05134,0.0075,0.004628,0.017019,1.0,0.0,0.6666666666666666
stored_six_decimal_scores,ann_full100_draft_q_0034_003,q_0034,test,country_comparison_month,currency_amount,0,7e2ff1969c78dc4e89a6237ab1dd568e3721634c7e628f431617c283752f8434,period_component_01,0.040389,0.116438,0.593508,0.068423,0.492771,4.457762,8.589693,0.084802,-0.084802,0.036121,0.00382,0.286266,1.0,0.0,0.575
stored_six_decimal_scores,ann_full100_draft_q_0034_004,q_0034,test,country_comparison_month,currency_amount,0,7e2ff1969c78dc4e89a6237ab1dd568e3721634c7e628f431617c283752f8434,period_component_01,5.3e-05,0.000529,0.003648,9.8e-05,0.000779,2.579619,9.716967,-0.551837,0.551837,5.3e-05,8e-06,0.000399,1.0,0.0,0.575
stored_six_decimal_scores,ann_full100_draft_q_0034_005,q_0034,test,country_comparison_month,currency_amount,1,7e2ff1969c78dc4e89a6237ab1dd568e3721634c7e628f431617c283752f8434,period_component_01,0.349843,0.366288,1.662088,0.147895,0.60231,2.541339,4.623629,0.287535,-0.287535,0.105306,0.062718,2.169609,1.0,0.0,0.575
stored_six_decimal_scores,ann_full100_draft_q_0034_006,q_0034,test,country_comparison_month,unsupported_business_claim,1,7e2ff1969c78dc4e89a6237ab1dd568e3721634c7e628f431617c283752f8434,period_component_01,0.680735,1.168013,2.382447,0.563182,1.0,2.19745,6.997738,0.598905,-0.598905,0.361755,0.160328,1.521818,1.0,0.0,1.0
stored_six_decimal_scores,ann_full100_draft_q_0053_001,q_0053,dev,monthly_revenue_change,month,0,231ac1024839bdf7b065a9c511d816725583e5f37f38e32f3be15781d45f494a,period_component_01,0.027728,0.090975,0.543176,0.044675,0.267682,3.270264,4.75,0.563148,-0.563148,0.02555,0.006425,0.166128,1.0,0.0,0.0
stored_six_decimal_scores,ann_full100_draft_q_0053_002,q_0053,dev,monthly_revenue_change,currency_amount,0,231ac1024839bdf7b065a9c511d816725583e5f37f38e32f3be15781d45f494a,period_component_01,0.030863,0.079201,0.800549,0.045806,0.486926,3.142995,5.875347,0.061618,-0.061618,0.02642,0.007034,0.329756,1.0,0.0,0.575
stored_six_decimal_scores,ann_full100_draft_q_0053_003,q_0053,dev,monthly_revenue_change,month,0,231ac1024839bdf7b065a9c511d816725583e5f37f38e32f3be15781d45f494a,period_component_01,7.3e-05,0.000765,0.003862,0.000116,0.000614,3.527368,6.039591,-0.819034,0.819034,7.3e-05,3.1e-05,0.000383,1.0,0.0,0.0
stored_six_decimal_scores,ann_full100_draft_q_0053_004,q_0053,dev,monthly_revenue_change,currency_amount,0,231ac1024839bdf7b065a9c511d816725583e5f37f38e32f3be15781d45f494a,period_component_01,2.2e-05,0.000253,0.00128,3.9e-05,0.000231,3.518978,10.458956,-0.81443,0.81443,2.2e-05,5e-06,0.000122,1.0,0.0,0.575
stored_six_decimal_scores,ann_full100_draft_q_0053_005,q_0053,dev,monthly_revenue_change,currency_amount,0,231ac1024839bdf7b065a9c511d816725583e5f37f38e32f3be15781d45f494a,period_component_01,0.012288,0.060767,0.44379,0.018756,0.122422,2.905131,5.000368,-0.132169,0.132169,0.011863,0.004971,0.091045,1.0,0.0,0.575
stored_six_decimal_scores,ann_full100_draft_q_0053_006,q_0053,dev,monthly_revenue_change,percentage,1,231ac1024839bdf7b065a9c511d816725583e5f37f38e32f3be15781d45f494a,period_component_01,1.270152,1.437812,2.421487,0.63342,1.0,4.670494,9.279318,2.112377,-2.112377,0.514441,0.395462,2.457798,1.0,0.0,0.8333333333333334
stored_six_decimal_scores,ann_full100_draft_q_0059_001,q_0059,test,monthly_revenue_change,month,0,4f6798dbe9d7ffabf3981d98bdbe18045a57c6fef3b68c8185ae1aef26462983,period_component_02,0.034535,0.116359,0.694885,0.047434,0.283995,3.467058,8.427025,0.241384,-0.241384,0.031202,0.014969,0.206881,1.0,0.0,0.0
stored_six_decimal_scores,ann_full100_draft_q_0059_002,q_0059,test,monthly_revenue_change,currency_amount,1,4f6798dbe9d7ffabf3981d98bdbe18045a57c6fef3b68c8185ae1aef26462983,period_component_02,0.100644,0.140795,0.689185,0.124872,0.87569,3.792766,8.062737,-0.178247,0.178247,0.063426,0.00198,0.826284,1.0,0.0,0.575
stored_six_decimal_scores,ann_full100_draft_q_0059_003,q_0059,test,monthly_revenue_change,percentage,1,4f6798dbe9d7ffabf3981d98bdbe18045a57c6fef3b68c8185ae1aef26462983,period_component_02,1.525353,1.663476,2.601305,0.625588,1.0,4.859459,7.50061,2.22367,-2.22367,0.54124,0.456892,2.819036,1.0,0.0,0.8333333333333334
stored_six_decimal_scores,ann_full100_draft_q_0059_004,q_0059,test,monthly_revenue_change,comparison_direction,0,4f6798dbe9d7ffabf3981d98bdbe18045a57c6fef3b68c8185ae1aef26462983,period_component_02,0.124101,0.469527,0.469527,0.209808,0.209808,0.180164,0.180164,-0.180164,0.180164,0.11671,0.023611,0.124102,1.0,0.0,0.6666666666666666
stored_six_decimal_scores,ann_full100_draft_q_0059_005,q_0059,test,monthly_revenue_change,month,0,4f6798dbe9d7ffabf3981d98bdbe18045a57c6fef3b68c8185ae1aef26462983,period_component_02,0.035555,0.12187,0.693932,0.049105,0.284873,2.587117,4.8925,0.164621,-0.164621,0.032183,0.015261,0.208107,1.0,0.0,0.0
stored_six_decimal_scores,ann_full100_draft_q_0059_006,q_0059,test,monthly_revenue_change,currency_amount,1,4f6798dbe9d7ffabf3981d98bdbe18045a57c6fef3b68c8185ae1aef26462983,period_component_02,0.087154,0.110851,0.705109,0.101696,0.876031,2.659664,7.170965,-0.386458,0.386458,0.051387,0.001079,0.829035,1.0,0.0,0.575
stored_six_decimal_scores,ann_full100_draft_q_0059_007,q_0059,test,monthly_revenue_change,currency_amount,1,4f6798dbe9d7ffabf3981d98bdbe18045a57c6fef3b68c8185ae1aef26462983,period_component_02,0.02329,0.10278,0.712739,0.030688,0.240566,2.124364,4.002253,0.030239,-0.030239,0.021582,0.012476,0.189537,1.0,0.0,0.575
stored_six_decimal_scores,ann_full100_draft_q_0063_001,q_0063,dev,top3_products_month,month,0,42e37802da02bfae327eacfaba33de48c96e072c5a89fc6af81b80bd847c698d,period_component_03,1.3e-05,0.000167,0.000863,1.8e-05,9.7e-05,3.587292,8.523758,-0.837292,0.837292,1.3e-05,8e-06,6.9e-05,1.0,0.0,0.0
stored_six_decimal_scores,ann_full100_draft_q_0063_002,q_0063,dev,top3_products_month,ranking,1,42e37802da02bfae327eacfaba33de48c96e072c5a89fc6af81b80bd847c698d,period_component_03,0.097707,0.266344,0.528806,0.169968,0.339199,2.897115,5.293829,-2.396714,2.396714,0.088788,0.007609,0.195013,1.0,0.0,1.0
stored_six_decimal_scores,ann_full100_draft_q_0063_003,q_0063,dev,top3_products_month,product_name,1,42e37802da02bfae327eacfaba33de48c96e072c5a89fc6af81b80bd847c698d,period_component_03,0.095953,0.198348,1.627005,0.098321,0.829075,5.200733,9.471533,0.355112,-0.355112,0.06611,0.0339,0.83379,1.0,0.0,1.0
stored_six_decimal_scores,ann_full100_draft_q_0063_004,q_0063,dev,top3_products_month,product_stock_code,1,42e37802da02bfae327eacfaba33de48c96e072c5a89fc6af81b80bd847c698d,period_component_03,0.186019,0.301488,1.713492,0.164991,0.95561,4.610561,8.000023,0.514447,-0.514447,0.106624,0.048257,1.098465,1.0,0.0,0.8
stored_six_decimal_scores,ann_full100_draft_q_0063_005,q_0063,dev,top3_products_month,currency_amount,1,42e37802da02bfae327eacfaba33de48c96e072c5a89fc6af81b80bd847c698d,period_component_03,0.134355,0.233852,1.192655,0.182481,0.814814,3.399326,5.750031,0.002198,-0.002198,0.103308,0.024136,0.628157,1.0,0.0,0.575
stored_six_decimal_scores,ann_full100_draft_q_0063_006,q_0063,dev,top3_products_month,ranking,1,42e37802da02bfae327eacfaba33de48c96e072c5a89fc6af81b80bd847c698d,period_component_03,1.2e-05,0.000168,0.000326,1.7e-05,3.29999999999e-05,1.562481,2.249962,-1.562481,1.562481,1.2e-05,8e-06,2.3e-05,1.0,0.0,1.0
stored_six_decimal_scores,ann_full100_draft_q_0063_007,q_0063,dev,top3_products_month,product_name,1,42e37802da02bfae327eacfaba33de48c96e072c5a89fc6af81b80bd847c698d,period_component_03,0.055602,0.081866,0.824189,0.082203,0.878404,3.36249,7.737116,0.501212,-0.501212,0.042133,0.002063,0.598364,1.0,0.0,1.0
stored_six_decimal_scores,ann_full100_draft_q_0063_008,q_0063,dev,top3_products_month,product_stock_code,1,42e37802da02bfae327eacfaba33de48c96e072c5a89fc6af81b80bd847c698d,period_component_03,6.9e-05,0.000637,0.003111,0.000137,0.000677,3.374645,7.623569,-1.174645,1.174645,6.9e-05,2e-06,0.000341,1.0,0.0,0.8
stored_six_decimal_scores,ann_full100_draft_q_0063_009,q_0063,dev,top3_products_month,currency_amount,1,42e37802da02bfae327eacfaba33de48c96e072c5a89fc6af81b80bd847c698d,period_component_03,3.3e-05,0.000359,0.002057,5.99999999999e-05,0.000383,2.722179,4.874811,-0.361064,0.361064,3.3e-05,6e-06,0.000204,1.0,0.0,0.575
stored_six_decimal_scores,ann_full100_draft_q_0063_010,q_0063,dev,top3_products_month,ranking,1,42e37802da02bfae327eacfaba33de48c96e072c5a89fc6af81b80bd847c698d,period_component_03,2e-06,3.1e-05,4.3e-05,1.99999999995e-06,4e-06,2.25001,4.25,-1.99999,1.99999,2e-06,1e-06,4e-06,1.0,0.0,1.0
stored_six_decimal_scores,ann_full100_draft_q_0063_011,q_0063,dev,top3_products_month,product_name,1,42e37802da02bfae327eacfaba33de48c96e072c5a89fc6af81b80bd847c698d,period_component_03,0.12674,0.104671,0.818009,0.09603,0.764119,1.750085,5.250027,0.59403,-0.59403,0.050344,0.004658,1.011677,1.0,0.0,1.0
stored_six_decimal_scores,ann_full100_draft_q_0063_012,q_0063,dev,top3_products_month,product_stock_code,1,42e37802da02bfae327eacfaba33de48c96e072c5a89fc6af81b80bd847c698d,period_component_03,5e-06,6.1e-05,0.00026,9.99999999995e-06,4.3e-05,3.64982,5.7491,-1.44982,1.44982,5e-06,0.0,2.3e-05,1.0,0.0,0.8
stored_six_decimal_scores,ann_full100_draft_q_0063_013,q_0063,dev,top3_products_month,currency_amount,1,42e37802da02bfae327eacfaba33de48c96e072c5a89fc6af81b80bd847c698d,period_component_03,7e-06,8.8e-05,0.000313,1.1e-05,4.4e-05,3.679947,7.869497,-1.124383,1.124383,7e-06,2e-06,2.7e-05,1.0,0.0,0.575
stored_six_decimal_scores,ann_full100_draft_q_0063_014,q_0063,dev,top3_products_month,unsupported_business_claim,1,42e37802da02bfae327eacfaba33de48c96e072c5a89fc6af81b80bd847c698d,period_component_03,0.51127,0.963248,2.108642,0.453629,0.961864,4.067078,10.601341,0.47199,-0.47199,0.299002,0.144375,1.250324,1.0,0.0,1.0
stored_six_decimal_scores,ann_full100_draft_q_0077_001,q_0077,test,product_revenue_share_month,month,0,273a6c83ec02ebc1c6e8262c5625208a60c4e5f89ec9b4ae43c001b1274b1455,period_component_01,1.8e-05,0.000228,0.001254,2.4e-05,0.000134,4.77861,12.421659,-1.195275,1.195275,1.8e-05,1.3e-05,0.000103,1.0,0.0,0.0
stored_six_decimal_scores,ann_full100_draft_q_0077_002,q_0077,test,product_revenue_share_month,product_name,1,273a6c83ec02ebc1c6e8262c5625208a60c4e5f89ec9b4ae43c001b1274b1455,period_component_01,0.057335,0.173535,1.709306,0.060091,0.596784,2.87301,5.750185,0.427069,-0.427069,0.043752,0.027412,0.570713,1.0,0.0,1.0
stored_six_decimal_scores,ann_full100_draft_q_0077_003,q_0077,test,product_revenue_share_month,percentage,1,273a6c83ec02ebc1c6e8262c5625208a60c4e5f89ec9b4ae43c001b1274b1455,period_component_01,0.956325,1.406269,2.278525,0.507264,0.957391,3.373231,8.027103,1.644559,-1.644559,0.413451,0.319638,2.558208,1.0,0.0,0.8333333333333334
stored_six_decimal_scores,ann_full100_draft_q_0077_004,q_0077,test,product_revenue_share_month,currency_amount,1,273a6c83ec02ebc1c6e8262c5625208a60c4e5f89ec9b4ae43c001b1274b1455,period_component_01,0.08612,0.111142,0.748338,0.115724,0.937988,3.518008,6.124731,0.278041,-0.278041,0.058198,0.000672,0.764135,1.0,0.0,0.575
stored_six_decimal_scores,ann_full100_draft_q_0077_005,q_0077,test,product_revenue_share_month,currency_amount,0,273a6c83ec02ebc1c6e8262c5625208a60c4e5f89ec9b4ae43c001b1274b1455,period_component_01,3.9e-05,0.00044,0.002092,6.6e-05,0.000303,2.22165,7.284986,-0.659142,0.659142,3.9e-05,1.2e-05,0.000195,1.0,0.0,0.575
stored_six_decimal_scores,ann_full100_draft_q_0077_006,q_0077,test,product_revenue_share_month,percentage,1,273a6c83ec02ebc1c6e8262c5625208a60c4e5f89ec9b4ae43c001b1274b1455,period_component_01,0.022196,0.099595,0.270201,0.037904,0.135446,0.88206,2.750019,0.513245,-0.513245,0.021565,0.005226,0.070345,1.0,0.0,0.8333333333333334
stored_six_decimal_scores,ann_full100_draft_q_0093_001,q_0093,test,return_impact_month,month,0,204686b66a0af30e7d28c2297edfa360dd40709c75754738953b9f12f4b19bbc,period_component_01,0.000253,0.002064,0.012372,0.000474,0.002841,3.791666,7.874996,0.166667,-0.166667,0.000253,3.2e-05,0.001518,1.0,0.0,0.0
stored_six_decimal_scores,ann_full100_draft_q_0093_002,q_0093,test,return_impact_month,currency_amount,0,204686b66a0af30e7d28c2297edfa360dd40709c75754738953b9f12f4b19bbc,period_component_01,0.260367,0.350166,2.147708,0.173492,0.910483,4.239864,9.375019,0.38561,-0.38561,0.124683,0.075874,1.320902,1.0,0.0,0.575
stored_six_decimal_scores,ann_full100_draft_q_0093_003,q_0093,test,return_impact_month,currency_amount,1,204686b66a0af30e7d28c2297edfa360dd40709c75754738953b9f12f4b19bbc,period_component_01,0.119515,0.218738,0.765919,0.180487,1.0,3.553642,10.875954,0.274692,-0.274692,0.094507,0.008526,0.703983,1.0,0.0,0.575
stored_six_decimal_scores,ann_full100_draft_q_0015_001,q_0015,test,top_country_month,month,0,a0a8b0293ef3e8786b9ae03ba452433ac5587d2f36cb8677fcc1b5b3bb285c02,period_component_02,7e-06,9.7e-05,0.000495,9.00000000004e-06,4.4e-05,3.170638,7.77383,-0.587304,0.587304,7e-06,5e-06,3.6e-05,1.0,0.0,0.0
stored_six_decimal_scores,ann_full100_draft_q_0015_002,q_0015,test,top_country_month,country,0,a0a8b0293ef3e8786b9ae03ba452433ac5587d2f36cb8677fcc1b5b3bb285c02,period_component_02,0.083277,0.231769,0.462862,0.150299,0.300495,4.565615,5.375057,0.809443,-0.809443,0.076716,0.003132,0.166496,1.0,0.0,0.7142857142857143
stored_six_decimal_scores,ann_full100_draft_q_0015_003,q_0015,test,top_country_month,currency_amount,1,a0a8b0293ef3e8786b9ae03ba452433ac5587d2f36cb8677fcc1b5b3bb285c02,period_component_02,0.179652,0.303162,1.344978,0.204409,0.955655,1.817695,4.37505,0.123154,-0.123154,0.122499,0.040588,1.099466,1.0,0.0,0.575
stored_six_decimal_scores,ann_full100_draft_q_0021_001,q_0021,test,top_product_month,month,0,ac994160af059ea0bf876f4fb569028d04c06671c6bef2c108745fe48ae0eb8d,period_component_01,1.2e-05,0.000157,0.000858,1.6e-05,8.9e-05,3.143584,7.861506,-0.56025,0.56025,1.2e-05,8e-06,6.7e-05,1.0,0.0,0.0
stored_six_decimal_scores,ann_full100_draft_q_0021_002,q_0021,test,top_product_month,product_name,1,ac994160af059ea0bf876f4fb569028d04c06671c6bef2c108745fe48ae0eb8d,period_component_01,0.149553,0.227708,1.669722,0.117302,0.912498,2.278761,5.336102,0.53849,-0.53849,0.077912,0.038523,1.177414,1.0,0.0,1.0
stored_six_decimal_scores,ann_full100_draft_q_0021_003,q_0021,test,top_product_month,currency_amount,1,ac994160af059ea0bf876f4fb569028d04c06671c6bef2c108745fe48ae0eb8d,period_component_01,0.235407,0.185827,0.914389,0.160383,0.875653,3.679302,10.554121,0.100835,-0.100835,0.086979,0.013575,1.532028,1.0,0.0,0.575
stored_six_decimal_scores,ann_full100_draft_q_0021_004,q_0021,test,top_product_month,ranking,1,ac994160af059ea0bf876f4fb569028d04c06671c6bef2c108745fe48ae0eb8d,period_component_01,0.532575,0.948322,1.429705,0.427008,0.782421,2.325316,5.003195,0.493241,-0.493241,0.28694,0.146872,1.383921,1.0,0.0,1.0
stored_six_decimal_scores,ann_full100_draft_q_0021_005,q_0021,test,top_product_month,percentage,1,ac994160af059ea0bf876f4fb569028d04c06671c6bef2c108745fe48ae0eb8d,period_component_01,1.216044,1.905551,2.33238,0.74868,1.0,2.287894,4.545618,1.752694,-1.752694,0.626602,0.504523,2.161999,1.0,0.0,0.8333333333333334
stored_six_decimal_scores,ann_full100_draft_q_0025_001,q_0025,dev,top_product_month,month,0,2ed6d2e376316f9173b949a78dcc2cbfa5757718c945c924f766c8411466927d,period_component_04,5e-06,6.7e-05,0.000332,6.99999999998e-06,3.4e-05,3.441526,8.149158,-0.899859,0.899859,5e-06,3e-06,2.3e-05,1.0,0.0,0.0
stored_six_decimal_scores,ann_full100_draft_q_0025_002,q_0025,dev,top_product_month,product_name,1,2ed6d2e376316f9173b949a78dcc2cbfa5757718c945c924f766c8411466927d,period_component_04,0.227149,0.32383,1.17129,0.224283,0.841111,7.134569,11.822924,0.579775,-0.579775,0.129723,0.035163,1.052076,1.0,0.0,1.0
stored_six_decimal_scores,ann_full100_draft_q_0025_003,q_0025,dev,top_product_month,product_stock_code,0,2ed6d2e376316f9173b949a78dcc2cbfa5757718c945c924f766c8411466927d,period_component_04,0.064731,0.10686,0.637859,0.107097,0.642078,3.744752,6.218613,-0.453053,0.453053,0.053658,0.000218,0.388086,1.0,0.0,0.8
stored_six_decimal_scores,ann_full100_draft_q_0025_004,q_0025,dev,top_product_month,product_name,1,2ed6d2e376316f9173b949a78dcc2cbfa5757718c945c924f766c8411466927d,period_component_04,0.000552,0.004817,0.016054,0.000878,0.00315,3.49959,5.498102,-0.106696,0.106696,0.000551,0.000225,0.001898,1.0,0.0,1.0
stored_six_decimal_scores,ann_full100_draft_q_0025_005,q_0025,dev,top_product_month,currency_amount,1,2ed6d2e376316f9173b949a78dcc2cbfa5757718c945c924f766c8411466927d,period_component_04,0.037151,0.094508,0.583099,0.061265,0.537921,2.490471,7.85845,-0.215401,0.215401,0.032618,0.00397,0.313343,1.0,0.0,0.575
stored_six_decimal_scores,ann_full100_draft_q_0025_006,q_0025,dev,top_product_month,ranking,1,2ed6d2e376316f9173b949a78dcc2cbfa5757718c945c924f766c8411466927d,period_component_04,0.544844,0.956578,1.388866,0.465799,0.769859,2.184101,4.628826,0.481708,-0.481708,0.298325,0.130851,1.327791,1.0,0.0,1.0
stored_six_decimal_scores,ann_full100_draft_q_0038_001,q_0038,dev,country_comparison_month,month,0,93fb56e238b4f37ca5869c08a77ab7bffcbb2e19c78d49ddd9a18d8904d2d654,period_component_02,1.8e-05,0.000227,0.001295,2.4e-05,0.000139,3.854165,7.749996,-0.229165,0.229165,1.8e-05,1.2e-05,0.000103,1.0,0.0,0.0
stored_six_decimal_scores,ann_full100_draft_q_0038_002,q_0038,dev,country_comparison_month,country,1,93fb56e238b4f37ca5869c08a77ab7bffcbb2e19c78d49ddd9a18d8904d2d654,period_component_02,0.700464,1.021541,1.021541,0.844784,0.844784,0.793505,0.793505,0.793505,-0.793505,0.503645,0.162505,0.700466,1.0,0.0,0.7142857142857143
stored_six_decimal_scores,ann_full100_draft_q_0038_003,q_0038,dev,country_comparison_month,comparison_direction,1,93fb56e238b4f37ca5869c08a77ab7bffcbb2e19c78d49ddd9a18d8904d2d654,period_component_02,0.040308,0.167859,0.416346,0.069461,0.203225,5.203436,10.321018,0.042927,-0.042927,0.038461,0.007461,0.115807,1.0,0.0,0.6666666666666666
stored_six_decimal_scores,ann_full100_draft_q_0038_004,q_0038,dev,country_comparison_month,currency_amount,0,93fb56e238b4f37ca5869c08a77ab7bffcbb2e19c78d49ddd9a18d8904d2d654,period_component_02,0.04385,0.120121,0.569201,0.076571,0.49096,3.523287,6.987043,0.160961,-0.160961,0.039431,0.002291,0.282701,1.0,0.0,0.575
stored_six_decimal_scores,ann_full100_draft_q_0038_005,q_0038,dev,country_comparison_month,currency_amount,0,93fb56e238b4f37ca5869c08a77ab7bffcbb2e19c78d49ddd9a18d8904d2d654,period_component_02,8.9e-05,0.000841,0.005421,0.000168,0.001264,3.120565,7.960735,-0.509449,0.509449,8.9e-05,1.1e-05,0.000637,1.0,0.0,0.575
stored_six_decimal_scores,ann_full100_draft_q_0038_006,q_0038,dev,country_comparison_month,currency_amount,1,93fb56e238b4f37ca5869c08a77ab7bffcbb2e19c78d49ddd9a18d8904d2d654,period_component_02,0.468528,0.97247,1.919234,0.421535,0.910947,3.448047,6.069517,0.106976,-0.106976,0.305131,0.188726,1.019913,1.0,0.0,0.575
stored_six_decimal_scores,ann_full100_draft_q_0054_001,q_0054,test,monthly_revenue_change,month,0,5c4cbe105f0ee7be6c3cb7d7715e304d41fbc6ab0822661f181000ec13cdcc50,period_component_01,0.007782,0.033969,0.17642,0.015053,0.084346,2.277539,4.375004,0.361857,-0.361857,0.007627,0.000202,0.043184,1.0,0.0,0.0
stored_six_decimal_scores,ann_full100_draft_q_0054_002,q_0054,test,monthly_revenue_change,month,0,5c4cbe105f0ee7be6c3cb7d7715e304d41fbc6ab0822661f181000ec13cdcc50,period_component_01,7.8e-05,0.000751,0.004093,0.000147,0.000817,2.31232,4.75,-0.520643,0.520643,7.8e-05,1e-05,0.000437,1.0,0.0,0.0
stored_six_decimal_scores,ann_full100_draft_q_0054_003,q_0054,test,monthly_revenue_change,comparison_direction,0,5c4cbe105f0ee7be6c3cb7d7715e304d41fbc6ab0822661f181000ec13cdcc50,period_component_01,0.047409,0.269832,0.269832,0.06377,0.06377,0.752768,0.752768,0.752768,-0.752768,0.046302,0.028835,0.047409,1.0,0.0,0.6666666666666666
stored_six_decimal_scores,ann_full100_draft_q_0054_004,q_0054,test,monthly_revenue_change,currency_amount,1,5c4cbe105f0ee7be6c3cb7d7715e304d41fbc6ab0822661f181000ec13cdcc50,period_component_01,0.357541,0.897588,1.701759,0.431337,0.835122,1.578641,4.380194,0.395514,-0.395514,0.278704,0.126071,0.869806,1.0,0.0,0.575
stored_six_decimal_scores,ann_full100_draft_q_0054_005,q_0054,test,monthly_revenue_change,percentage,0,5c4cbe105f0ee7be6c3cb7d7715e304d41fbc6ab0822661f181000ec13cdcc50,period_component_01,0.669988,0.997715,2.389055,0.415341,0.969707,3.187435,8.378345,1.243914,-1.243914,0.328676,0.242012,2.363161,1.0,0.0,0.8333333333333334
stored_six_decimal_scores,ann_full100_draft_q_0054_006,q_0054,test,monthly_revenue_change,currency_amount,1,5c4cbe105f0ee7be6c3cb7d7715e304d41fbc6ab0822661f181000ec13cdcc50,period_component_01,0.174467,0.210522,1.329726,0.123695,0.680222,2.341511,6.128096,0.229262,-0.229262,0.074075,0.024456,1.475813,1.0,0.0,0.575
stored_six_decimal_scores,ann_full100_draft_q_0054_007,q_0054,test,monthly_revenue_change,percentage,0,5c4cbe105f0ee7be6c3cb7d7715e304d41fbc6ab0822661f181000ec13cdcc50,period_component_01,0.023949,0.096958,0.388045,0.041706,0.218948,1.876864,4.755075,0.251566,-0.251566,0.022767,0.003829,0.119925,1.0,0.0,0.8333333333333334
stored_six_decimal_scores,ann_full100_draft_q_0068_001,q_0068,dev,top3_products_month,month,0,2ed6d2e376316f9173b949a78dcc2cbfa5757718c945c924f766c8411466927d,period_component_04,1.8e-05,0.000226,0.001317,2.3e-05,0.000132,4.332862,8.247169,-0.249528,0.249528,1.8e-05,1.3e-05,0.000105,1.0,0.0,0.0
stored_six_decimal_scores,ann_full100_draft_q_0068_002,q_0068,dev,top3_products_month,ranking,1,2ed6d2e376316f9173b949a78dcc2cbfa5757718c945c924f766c8411466927d,period_component_04,0.110309,0.286937,0.56916,0.188777,0.376617,3.201373,5.277241,-2.075868,2.075868,0.099038,0.0093,0.220114,1.0,0.0,1.0
stored_six_decimal_scores,ann_full100_draft_q_0068_003,q_0068,dev,top3_products_month,product_name,1,2ed6d2e376316f9173b949a78dcc2cbfa5757718c945c924f766c8411466927d,period_component_04,0.057005,0.15635,1.361893,0.070176,0.664846,5.187811,11.427509,0.266822,-0.266822,0.045084,0.019991,0.553844,1.0,0.0,1.0
stored_six_decimal_scores,ann_full100_draft_q_0068_004,q_0068,dev,top3_products_month,currency_amount,1,2ed6d2e376316f9173b949a78dcc2cbfa5757718c945c924f766c8411466927d,period_component_04,0.111947,0.178246,1.009561,0.152065,1.0,2.248811,7.297628,0.028061,-0.028061,0.085022,0.01798,0.693762,1.0,0.0,0.575
stored_six_decimal_scores,ann_full100_draft_q_0068_005,q_0068,dev,top3_products_month,ranking,1,2ed6d2e376316f9173b949a78dcc2cbfa5757718c945c924f766c8411466927d,period_component_04,3e-06,5e-05,9.2e-05,5.00000000003e-06,9.99999999995e-06,2.124988,2.5,-2.124988,2.124988,3e-06,1e-06,6e-06,1.0,0.0,1.0
stored_six_decimal_scores,ann_full100_draft_q_0068_006,q_0068,dev,top3_products_month,product_name,1,2ed6d2e376316f9173b949a78dcc2cbfa5757718c945c924f766c8411466927d,period_component_04,0.129909,0.17062,1.292083,0.110121,0.858293,3.849269,9.000116,0.775785,-0.775785,0.067105,0.024088,1.166529,1.0,0.0,1.0
stored_six_decimal_scores,ann_full100_draft_q_0068_007,q_0068,dev,top3_products_month,currency_amount,1,2ed6d2e376316f9173b949a78dcc2cbfa5757718c945c924f766c8411466927d,period_component_04,5.2e-05,0.000526,0.003192,9.7e-05,0.000684,1.931791,6.749989,-0.409042,0.409042,5.2e-05,6e-06,0.000349,1.0,0.0,0.575
stored_six_decimal_scores,ann_full100_draft_q_0068_008,q_0068,dev,top3_products_month,ranking,1,2ed6d2e376316f9173b949a78dcc2cbfa5757718c945c924f766c8411466927d,period_component_04,2e-06,3.7e-05,5.5e-05,2.99999999998e-06,5.00000000003e-06,2.000009,4.0,-1.999991,1.999991,2e-06,1e-06,4e-06,1.0,0.0,1.0
stored_six_decimal_scores,ann_full100_draft_q_0068_009,q_0068,dev,top3_products_month,product_name,1,2ed6d2e376316f9173b949a78dcc2cbfa5757718c945c924f766c8411466927d,period_component_04,0.018692,0.083066,0.466101,0.030743,0.1757,1.936852,5.500055,0.938302,-0.938302,0.017759,0.004776,0.107576,1.0,0.0,1.0
stored_six_decimal_scores,ann_full100_draft_q_0068_010,q_0068,dev,top3_products_month,currency_amount,1,2ed6d2e376316f9173b949a78dcc2cbfa5757718c945c924f766c8411466927d,period_component_04,5e-06,7.2e-05,0.00022,9.00000000004e-06,3.1e-05,2.574926,7.499252,-0.899922,0.899922,5e-06,2e-06,1.9e-05,1.0,0.0,0.575
stored_six_decimal_scores,ann_full100_draft_q_0082_001,q_0082,test,product_revenue_share_month,month,0,8a9ead37cbe38f3ee4d8eef26327e1a8f46971592e9e8f2d1ee4ca253a79ffa2,period_component_02,0.01388,0.051265,0.30732,0.025907,0.155415,5.228064,10.618376,-0.061393,0.061393,0.013318,0.000728,0.083263,1.0,0.0,0.0
stored_six_decimal_scores,ann_full100_draft_q_0082_002,q_0082,test,product_revenue_share_month,product_name,1,8a9ead37cbe38f3ee4d8eef26327e1a8f46971592e9e8f2d1ee4ca253a79ffa2,period_component_02,0.316486,0.346881,2.646394,0.179667,0.976791,5.33277,11.625696,0.79244,-0.79244,0.122198,0.064728,2.246954,1.0,0.0,1.0
stored_six_decimal_scores,ann_full100_draft_q_0082_003,q_0082,test,product_revenue_share_month,percentage,1,8a9ead37cbe38f3ee4d8eef26327e1a8f46971592e9e8f2d1ee4ca253a79ffa2,period_component_02,1.015888,1.315073,2.227787,0.553678,0.954197,3.253496,6.763968,1.618321,-1.618321,0.415494,0.277309,2.828259,1.0,0.0,0.8333333333333334
stored_six_decimal_scores,ann_full100_draft_q_0082_004,q_0082,test,product_revenue_share_month,currency_amount,1,8a9ead37cbe38f3ee4d8eef26327e1a8f46971592e9e8f2d1ee4ca253a79ffa2,period_component_02,0.096199,0.284054,1.036281,0.14318,0.545541,2.252975,8.112144,0.098739,-0.098739,0.083412,0.023644,0.39612,1.0,0.0,0.575
stored_six_decimal_scores,ann_full100_draft_q_0092_001,q_0092,dev,return_impact_month,month,0,5a9ea409e91acadb82cd28d45be28c8fbce0c03f0c61f9c390158ee11dd5c09c,period_component_03,0.000343,0.002724,0.016324,0.000626,0.003754,3.979166,7.874996,0.187501,-0.187501,0.000342,5.9e-05,0.002056,1.0,0.0,0.0
stored_six_decimal_scores,ann_full100_draft_q_0092_002,q_0092,dev,return_impact_month,currency_amount,1,5a9ea409e91acadb82cd28d45be28c8fbce0c03f0c61f9c390158ee11dd5c09c,period_component_03,0.269498,0.428361,1.251666,0.246644,0.892872,2.111738,4.500257,0.357554,-0.357554,0.147153,0.047662,1.313477,1.0,0.0,0.575
stored_six_decimal_scores,ann_full100_draft_q_0092_003,q_0092,dev,return_impact_month,currency_amount,0,5a9ea409e91acadb82cd28d45be28c8fbce0c03f0c61f9c390158ee11dd5c09c,period_component_03,0.02274,0.057026,0.597431,0.039185,0.450793,2.578108,7.828951,-0.077631,0.077631,0.020118,0.001052,0.261702,1.0,0.0,0.575
stored_six_decimal_scores,ann_full100_draft_q_0026_001,q_0026,test,top_product_month,month,0,58fc64092844e2a9e538aab5710b858daede12471879bf0147b92b99352088d1,period_component_02,7e-06,0.000102,0.000547,9.00000000004e-06,5.1e-05,3.32401,8.569061,-0.69901,0.69901,7e-06,5e-06,4e-05,1.0,0.0,0.0
stored_six_decimal_scores,ann_full100_draft_q_0026_002,q_0026,test,top_product_month,product_name,1,58fc64092844e2a9e538aab5710b858daede12471879bf0147b92b99352088d1,period_component_02,0.066631,0.166694,1.653549,0.067674,0.67494,3.949314,8.500204,0.375747,-0.375747,0.0487,0.029726,0.665085,1.0,0.0,1.0
stored_six_decimal_scores,ann_full100_draft_q_0026_003,q_0026,test,top_product_month,product_stock_code,1,58fc64092844e2a9e538aab5710b858daede12471879bf0147b92b99352088d1,period_component_02,0.026937,0.071952,0.423919,0.049715,0.296409,4.260103,6.75,-0.593436,0.593436,0.024896,7.8e-05,0.160671,1.0,0.0,0.8
stored_six_decimal_scores,ann_full100_draft_q_0026_004,q_0026,test,top_product_month,currency_amount,1,58fc64092844e2a9e538aab5710b858daede12471879bf0147b92b99352088d1,period_component_02,0.100881,0.19516,0.803494,0.158912,0.814678,3.153176,8.600185,-0.236503,0.236503,0.082855,0.006798,0.523186,1.0,0.0,0.575
stored_six_decimal_scores,ann_full100_draft_q_0026_005,q_0026,test,top_product_month,currency_amount,1,58fc64092844e2a9e538aab5710b858daede12471879bf0147b92b99352088d1,period_component_02,0.000435,0.003509,0.023096,0.000782,0.005092,4.780373,10.149254,-0.363695,0.363695,0.000435,8.7e-05,0.002914,1.0,0.0,0.575
stored_six_decimal_scores,ann_full100_draft_q_0026_006,q_0026,test,top_product_month,currency_amount,1,58fc64092844e2a9e538aab5710b858daede12471879bf0147b92b99352088d1,period_component_02,0.03473,0.107256,0.481239,0.062966,0.303282,3.232468,8.074762,-0.732449,0.732449,0.0324,0.001834,0.170488,1.0,0.0,0.575
stored_six_decimal_scores,ann_full100_draft_q_0026_007,q_0026,test,top_product_month,currency_amount,1,58fc64092844e2a9e538aab5710b858daede12471879bf0147b92b99352088d1,period_component_02,0.015848,0.070452,0.338243,0.029026,0.13207,2.057462,7.450157,-0.042568,0.042568,0.015388,0.00175,0.075584,1.0,0.0,0.575
stored_six_decimal_scores,ann_full100_draft_q_0039_001,q_0039,test,country_comparison_month,country,1,ec39ee97487fa4f5a7182fd23d18b2efeab98a01daf0a0d5106002e2e22bae73,period_component_02,1.508094,0.978986,0.978986,0.61969,0.61969,1.483078,1.483078,-1.483078,1.483078,0.398359,0.177027,1.508095,1.0,0.0,0.7142857142857143
stored_six_decimal_scores,ann_full100_draft_q_0039_002,q_0039,test,country_comparison_month,comparison_direction,1,ec39ee97487fa4f5a7182fd23d18b2efeab98a01daf0a0d5106002e2e22bae73,period_component_02,0.007042,0.053703,0.126044,0.009869,0.023404,5.335241,10.579718,0.045382,-0.045382,0.006996,0.004122,0.016922,1.0,0.0,0.6666666666666666
stored_six_decimal_scores,ann_full100_draft_q_0039_003,q_0039,test,country_comparison_month,currency_amount,0,ec39ee97487fa4f5a7182fd23d18b2efeab98a01daf0a0d5106002e2e22bae73,period_component_02,0.02388,0.082932,0.467785,0.04187,0.330979,3.687053,6.625,0.038101,-0.038101,0.022256,0.002641,0.18265,1.0,0.0,0.575
stored_six_decimal_scores,ann_full100_draft_q_0039_004,q_0039,test,country_comparison_month,currency_amount,0,ec39ee97487fa4f5a7182fd23d18b2efeab98a01daf0a0d5106002e2e22bae73,period_component_02,1.3e-05,0.000176,0.000885,2e-05,8.6e-05,3.627269,9.147697,-0.427263,0.427263,1.3e-05,7e-06,6.5e-05,1.0,0.0,0.575
stored_six_decimal_scores,ann_full100_draft_q_0039_005,q_0039,test,country_comparison_month,currency_amount,1,ec39ee97487fa4f5a7182fd23d18b2efeab98a01daf0a0d5106002e2e22bae73,period_component_02,0.13934,0.183459,1.738634,0.094975,0.928619,2.64778,5.368984,0.07832,-0.07832,0.068964,0.042952,1.381046,1.0,0.0,0.575
stored_six_decimal_scores,ann_full100_draft_q_0039_006,q_0039,test,country_comparison_month,currency_amount,0,ec39ee97487fa4f5a7182fd23d18b2efeab98a01daf0a0d5106002e2e22bae73,period_component_02,0.091861,0.291525,0.922145,0.139909,0.550849,3.164916,6.951891,0.17195,-0.17195,0.080921,0.021932,0.341726,1.0,0.0,0.575
stored_six_decimal_scores,ann_full100_draft_q_0043_001,q_0043,dev,country_comparison_month,month,0,0d534fdaf17a79c72b68096a114cf8b8b207f98ce1cc28520f040cf15381ea5d,period_component_03,5.4e-05,0.00059,0.003496,7.8e-05,0.000464,3.604166,6.874998,0.229167,-0.229167,5.4e-05,3.1e-05,0.000324,1.0,0.0,0.0
stored_six_decimal_scores,ann_full100_draft_q_0043_002,q_0043,dev,country_comparison_month,country,0,0d534fdaf17a79c72b68096a114cf8b8b207f98ce1cc28520f040cf15381ea5d,period_component_03,0.072637,0.294628,0.294628,0.129511,0.129511,0.219431,0.219431,-0.219431,0.219431,0.070062,0.010613,0.072638,1.0,0.0,0.7142857142857143
stored_six_decimal_scores,ann_full100_draft_q_0043_003,q_0043,dev,country_comparison_month,comparison_direction,0,0d534fdaf17a79c72b68096a114cf8b8b207f98ce1cc28520f040cf15381ea5d,period_component_03,0.045825,0.1656,0.453703,0.080131,0.271878,5.050561,9.924511,0.088306,-0.088306,0.043004,0.005876,0.150814,1.0,0.0,0.6666666666666666
stored_six_decimal_scores,ann_full100_draft_q_0043_004,q_0043,dev,country_comparison_month,currency_amount,1,0d534fdaf17a79c72b68096a114cf8b8b207f98ce1cc28520f040cf15381ea5d,period_component_03,0.32076,0.481059,1.837683,0.235997,0.88831,2.369875,8.441664,0.299514,-0.299514,0.154076,0.072156,1.835943,1.0,0.0,0.575
stored_six_decimal_scores,ann_full100_draft_q_0043_005,q_0043,dev,country_comparison_month,country,0,0d534fdaf17a79c72b68096a114cf8b8b207f98ce1cc28520f040cf15381ea5d,period_component_03,0.043381,0.201479,0.252531,0.075926,0.103281,4.426895,4.778818,0.351923,-0.351923,0.042352,0.008777,0.057945,1.0,0.0,0.7142857142857143
stored_six_decimal_scores,ann_full100_draft_q_0058_001,q_0058,dev,monthly_revenue_change,month,0,8295415b837b5f3bf057afc0a8cf86db8e033bcb6e05d98c966da62a042c41c8,period_component_02,0.036798,0.114066,0.680794,0.056282,0.33724,2.978684,4.875317,0.81309,-0.81309,0.03303,0.009778,0.220457,1.0,0.0,0.0
stored_six_decimal_scores,ann_full100_draft_q_0058_002,q_0058,dev,monthly_revenue_change,currency_amount,0,8295415b837b5f3bf057afc0a8cf86db8e033bcb6e05d98c966da62a042c41c8,period_component_02,0.043111,0.101986,1.173179,0.047766,0.559604,3.765121,7.974834,0.139001,-0.139001,0.033997,0.020229,0.528606,1.0,0.0,0.575
stored_six_decimal_scores,ann_full100_draft_q_0058_003,q_0058,dev,monthly_revenue_change,month,0,8295415b837b5f3bf057afc0a8cf86db8e033bcb6e05d98c966da62a042c41c8,period_component_02,6.1e-05,0.000666,0.002163,0.000107,0.000364,3.07266,6.1861,-0.947656,0.947656,6.1e-05,1.5e-05,0.000206,1.0,0.0,0.0
stored_six_decimal_scores,ann_full100_draft_q_0058_004,q_0058,dev,monthly_revenue_change,currency_amount,0,8295415b837b5f3bf057afc0a8cf86db8e033bcb6e05d98c966da62a042c41c8,period_component_02,7e-06,8.9e-05,0.000823,9.00000000004e-06,8.4e-05,3.364631,8.0,0.019988,-0.019988,7e-06,4e-06,6.3e-05,1.0,0.0,0.575
stored_six_decimal_scores,ann_full100_draft_q_0058_005,q_0058,dev,monthly_revenue_change,currency_amount,0,8295415b837b5f3bf057afc0a8cf86db8e033bcb6e05d98c966da62a042c41c8,period_component_02,0.018328,0.083978,0.470328,0.030651,0.191984,2.345012,5.000113,0.242918,-0.242918,0.017549,0.004446,0.115549,1.0,0.0,0.575
stored_six_decimal_scores,ann_full100_draft_q_0058_006,q_0058,dev,monthly_revenue_change,percentage,0,8295415b837b5f3bf057afc0a8cf86db8e033bcb6e05d98c966da62a042c41c8,period_component_02,0.642482,0.978087,2.500725,0.45952,0.935238,3.872919,9.777084,0.609644,-0.609644,0.322349,0.185178,2.304321,1.0,0.0,0.8333333333333334
stored_six_decimal_scores,ann_full100_draft_q_0064_001,q_0064,test,top3_products_month,month,0,ac994160af059ea0bf876f4fb569028d04c06671c6bef2c108745fe48ae0eb8d,period_component_01,1.3e-05,0.000167,0.000906,1.9e-05,0.000104,3.380545,9.158272,-0.838878,0.838878,1.3e-05,8e-06,7.2e-05,1.0,0.0,0.0
stored_six_decimal_scores,ann_full100_draft_q_0064_002,q_0064,test,top3_products_month,ranking,0,ac994160af059ea0bf876f4fb569028d04c06671c6bef2c108745fe48ae0eb8d,period_component_01,0.091102,0.26385,0.524372,0.155899,0.311162,2.927675,4.855009,-1.927334,1.927334,0.083312,0.010725,0.181864,1.0,0.0,1.0
stored_six_decimal_scores,ann_full100_draft_q_0064_003,q_0064,test,top3_products_month,product_name,0,ac994160af059ea0bf876f4fb569028d04c06671c6bef2c108745fe48ae0eb8d,period_component_01,0.007326,0.042929,0.417706,0.009641,0.094334,3.638654,6.875078,0.236365,-0.236365,0.007072,0.004504,0.072083,1.0,0.0,1.0
stored_six_decimal_scores,ann_full100_draft_q_0064_004,q_0064,test,top3_products_month,currency_amount,0,ac994160af059ea0bf876f4fb569028d04c06671c6bef2c108745fe48ae0eb8d,period_component_01,0.076412,0.155575,1.160999,0.101366,0.799101,2.365214,7.675621,-0.02339,0.02339,0.058995,0.016624,0.672203,1.0,0.0,0.575
stored_six_decimal_scores,ann_full100_draft_q_0064_005,q_0064,test,top3_products_month,ranking,0,ac994160af059ea0bf876f4fb569028d04c06671c6bef2c108745fe48ae0eb8d,period_component_01,4e-06,5.6e-05,0.000106,5.99999999995e-06,1.2e-05,1.937489,2.0,-1.937489,1.937489,4e-06,1e-06,8e-06,1.0,0.0,1.0
stored_six_decimal_scores,ann_full100_draft_q_0064_006,q_0064,test,top3_products_month,product_name,0,ac994160af059ea0bf876f4fb569028d04c06671c6bef2c108745fe48ae0eb8d,period_component_01,0.207468,0.189533,0.93747,0.154387,0.769828,2.099693,6.875015,0.650313,-0.650313,0.083236,0.012085,1.036179,1.0,0.0,1.0
stored_six_decimal_scores,ann_full100_draft_q_0064_007,q_0064,test,top3_products_month,currency_amount,0,ac994160af059ea0bf876f4fb569028d04c06671c6bef2c108745fe48ae0eb8d,period_component_01,3e-06,4.1e-05,0.000202,5.00000000003e-06,2.50000000001e-05,2.511363,7.124989,-0.443179,0.443179,3e-06,1e-06,1.5e-05,1.0,0.0,0.575
stored_six_decimal_scores,ann_full100_draft_q_0064_008,q_0064,test,top3_products_month,ranking,1,ac994160af059ea0bf876f4fb569028d04c06671c6bef2c108745fe48ae0eb8d,period_component_01,2e-06,3.6e-05,5.9e-05,2.99999999998e-06,5.99999999995e-06,2.000004,3.75,-1.749996,1.749996,2e-06,1e-06,4e-06,1.0,0.0,1.0
stored_six_decimal_scores,ann_full100_draft_q_0064_009,q_0064,test,top3_products_month,product_name,1,ac994160af059ea0bf876f4fb569028d04c06671c6bef2c108745fe48ae0eb8d,period_component_01,0.040009,0.1397,0.973681,0.047979,0.360812,1.716722,4.500055,0.471002,-0.471002,0.034819,0.021659,0.302147,1.0,0.0,1.0
stored_six_decimal_scores,ann_full100_draft_q_0064_010,q_0064,test,top3_products_month,currency_amount,1,ac994160af059ea0bf876f4fb569028d04c06671c6bef2c108745fe48ae0eb8d,period_component_01,4e-06,5.9e-05,0.000143,6.99999999998e-06,1.9e-05,3.187458,9.124577,-0.912454,0.912454,4e-06,1e-06,1.1e-05,1.0,0.0,0.575
stored_six_decimal_scores,ann_full100_draft_q_0076_001,q_0076,dev,product_revenue_share_month,month,0,ac994160af059ea0bf876f4fb569028d04c06671c6bef2c108745fe48ae0eb8d,period_component_01,0.006045,0.028516,0.170913,0.011438,0.068607,5.069887,10.794327,-0.111552,0.111552,0.005937,0.000436,0.036259,1.0,0.0,0.0
stored_six_decimal_scores,ann_full100_draft_q_0076_002,q_0076,dev,product_revenue_share_month,product_name,1,ac994160af059ea0bf876f4fb569028d04c06671c6bef2c108745fe48ae0eb8d,period_component_01,0.120651,0.285157,2.226541,0.092045,0.726567,2.961873,8.250032,0.757417,-0.757417,0.077856,0.063667,0.959133,1.0,0.0,1.0
stored_six_decimal_scores,ann_full100_draft_q_0076_003,q_0076,dev,product_revenue_share_month,currency_amount,1,ac994160af059ea0bf876f4fb569028d04c06671c6bef2c108745fe48ae0eb8d,period_component_01,0.044049,0.174519,0.665882,0.064544,0.359637,3.451123,6.604549,0.238545,-0.238545,0.040476,0.016407,0.226431,1.0,0.0,0.575
stored_six_decimal_scores,ann_full100_draft_q_0076_004,q_0076,dev,product_revenue_share_month,currency_amount,1,ac994160af059ea0bf876f4fb569028d04c06671c6bef2c108745fe48ae0eb8d,period_component_01,0.128002,0.388945,1.750849,0.14759,0.631489,3.456284,7.997452,0.309562,-0.309562,0.103122,0.058654,0.499159,1.0,0.0,0.575
stored_six_decimal_scores,ann_full100_draft_q_0076_005,q_0076,dev,product_revenue_share_month,currency_amount,1,ac994160af059ea0bf876f4fb569028d04c06671c6bef2c108745fe48ae0eb8d,period_component_01,0.001088,0.009164,0.055704,0.001629,0.009883,3.339103,5.374336,-0.303336,0.303336,0.001084,0.00054,0.006746,1.0,0.0,0.575
stored_six_decimal_scores,ann_full100_draft_q_0076_006,q_0076,dev,product_revenue_share_month,percentage,1,ac994160af059ea0bf876f4fb569028d04c06671c6bef2c108745fe48ae0eb8d,period_component_01,1.485435,1.757944,2.33853,0.766772,0.969365,3.53924,6.546324,2.580037,-2.580037,0.622574,0.478376,2.351992,1.0,0.0,0.8333333333333334
stored_six_decimal_scores,ann_full100_draft_q_0044_001,q_0044,test,country_comparison_month,month,0,76d0aa2ce76cbcfea6a8a5acbc1e87dbee8ede532220e8483b648a7bb2ae51b5,period_component_01,3.3e-05,0.000398,0.002324,4.2e-05,0.000242,3.624999,7.874996,0.083335,-0.083335,3.3e-05,2.5e-05,0.000196,1.0,0.0,0.0
stored_six_decimal_scores,ann_full100_draft_q_0044_002,q_0044,test,country_comparison_month,country,1,76d0aa2ce76cbcfea6a8a5acbc1e87dbee8ede532220e8483b648a7bb2ae51b5,period_component_01,0.071654,0.262657,0.262657,0.136578,0.136578,0.188379,0.188379,-0.188379,0.188379,0.069147,0.001717,0.071655,1.0,0.0,0.7142857142857143
stored_six_decimal_scores,ann_full100_draft_q_0044_003,q_0044,test,country_comparison_month,comparison_direction,1,76d0aa2ce76cbcfea6a8a5acbc1e87dbee8ede532220e8483b648a7bb2ae51b5,period_component_01,0.131485,0.289285,0.818129,0.201575,0.707281,5.212595,10.011053,0.207068,-0.207068,0.10799,0.014405,0.462263,1.0,0.0,0.6666666666666666
stored_six_decimal_scores,ann_full100_draft_q_0044_004,q_0044,test,country_comparison_month,currency_amount,0,76d0aa2ce76cbcfea6a8a5acbc1e87dbee8ede532220e8483b648a7bb2ae51b5,period_component_01,0.025065,0.096631,0.394612,0.04389,0.266098,2.055605,7.110678,0.106842,-0.106842,0.02375,0.003611,0.142906,1.0,0.0,0.575
stored_six_decimal_scores,ann_full100_draft_q_0044_005,q_0044,test,country_comparison_month,currency_amount,0,76d0aa2ce76cbcfea6a8a5acbc1e87dbee8ede532220e8483b648a7bb2ae51b5,period_component_01,6.2e-05,0.000731,0.004828,8.2e-05,0.000529,3.515255,8.997038,-0.515245,0.515245,6.2e-05,4.2e-05,0.00042,1.0,0.0,0.575
stored_six_decimal_scores,ann_full100_draft_q_0044_006,q_0044,test,country_comparison_month,currency_amount,1,76d0aa2ce76cbcfea6a8a5acbc1e87dbee8ede532220e8483b648a7bb2ae51b5,period_component_01,0.207519,0.611936,1.86571,0.200189,0.719663,1.737168,4.017836,0.433437,-0.433437,0.156382,0.112575,0.813122,1.0,0.0,0.575
stored_six_decimal_scores,ann_full100_draft_q_0049_001,q_0049,test,country_comparison_month,month,0,cabd686b3231c1e06515647b605c430716c227acf949c92186cff5ad343e22ba,period_component_02,1.9e-05,0.000236,0.001374,2.4e-05,0.000141,3.75,7.374998,0.041667,-0.041667,1.9e-05,1.3e-05,0.000111,1.0,0.0,0.0
stored_six_decimal_scores,ann_full100_draft_q_0049_002,q_0049,test,country_comparison_month,country,1,cabd686b3231c1e06515647b605c430716c227acf949c92186cff5ad343e22ba,period_component_02,0.090325,0.341228,0.341228,0.161361,0.161361,0.219362,0.219362,-0.219362,0.219362,0.086366,0.01137,0.090326,1.0,0.0,0.7142857142857143
stored_six_decimal_scores,ann_full100_draft_q_0049_003,q_0049,test,country_comparison_month,comparison_direction,1,cabd686b3231c1e06515647b605c430716c227acf949c92186cff5ad343e22ba,period_component_02,0.046642,0.170747,0.476043,0.080689,0.274316,5.115978,10.182978,0.024489,-0.024489,0.043702,0.006715,0.154167,1.0,0.0,0.6666666666666666
stored_six_decimal_scores,ann_full100_draft_q_0049_004,q_0049,test,country_comparison_month,currency_amount,0,cabd686b3231c1e06515647b605c430716c227acf949c92186cff5ad343e22ba,period_component_02,0.038828,0.12919,0.62269,0.067534,0.329607,3.05855,7.250103,0.1915,-0.1915,0.035945,0.004356,0.180601,1.0,0.0,0.575
stored_six_decimal_scores,ann_full100_draft_q_0049_005,q_0049,test,country_comparison_month,currency_amount,0,cabd686b3231c1e06515647b605c430716c227acf949c92186cff5ad343e22ba,period_component_02,0.001858,0.009495,0.090296,0.00367,0.035987,4.06117,8.968817,-0.482533,0.482533,0.001841,1.2e-05,0.018166,1.0,0.0,0.575
stored_six_decimal_scores,ann_full100_draft_q_0049_006,q_0049,test,country_comparison_month,percentage,1,cabd686b3231c1e06515647b605c430716c227acf949c92186cff5ad343e22ba,period_component_02,1.148502,1.629016,2.354663,0.644879,1.0,3.194089,5.774937,1.520371,-1.520371,0.525561,0.406243,2.223822,1.0,0.0,0.8333333333333334
stored_six_decimal_scores,ann_full100_draft_q_0069_001,q_0069,test,top3_products_month,month,0,58fc64092844e2a9e538aab5710b858daede12471879bf0147b92b99352088d1,period_component_02,8e-06,0.00011,0.000559,9.99999999995e-06,5.3e-05,3.65651,8.689068,-0.90651,0.90651,8e-06,6e-06,4.2e-05,1.0,0.0,0.0
stored_six_decimal_scores,ann_full100_draft_q_0069_002,q_0069,test,top3_products_month,ranking,1,58fc64092844e2a9e538aab5710b858daede12471879bf0147b92b99352088d1,period_component_02,0.110476,0.288001,0.573187,0.188738,0.376966,3.123298,5.371317,-2.248019,2.248019,0.09915,0.009562,0.220675,1.0,0.0,1.0
stored_six_decimal_scores,ann_full100_draft_q_0069_003,q_0069,test,top3_products_month,product_name,1,58fc64092844e2a9e538aab5710b858daede12471879bf0147b92b99352088d1,period_component_02,0.186508,0.201194,1.993385,0.073594,0.733377,4.781084,10.375135,0.518985,-0.518985,0.058004,0.042415,1.863256,1.0,0.0,1.0
stored_six_decimal_scores,ann_full100_draft_q_0069_004,q_0069,test,top3_products_month,currency_amount,1,58fc64092844e2a9e538aab5710b858daede12471879bf0147b92b99352088d1,period_component_02,0.057111,0.147839,0.584146,0.095347,0.537968,3.30547,8.768902,-0.156853,0.156853,0.05078,0.006213,0.313444,1.0,0.0,0.575
stored_six_decimal_scores,ann_full100_draft_q_0069_005,q_0069,test,top3_products_month,ranking,1,58fc64092844e2a9e538aab5710b858daede12471879bf0147b92b99352088d1,period_component_02,5e-06,7.9e-05,0.000147,9.00000000004e-06,1.6e-05,2.124982,2.249964,-2.124982,2.124982,5e-06,2e-06,1.1e-05,1.0,0.0,1.0
stored_six_decimal_scores,ann_full100_draft_q_0069_006,q_0069,test,top3_products_month,product_name,1,58fc64092844e2a9e538aab5710b858daede12471879bf0147b92b99352088d1,period_component_02,0.048632,0.12415,1.440459,0.052696,0.620763,3.228693,7.374233,0.521396,-0.521396,0.03708,0.021463,0.577078,1.0,0.0,1.0
stored_six_decimal_scores,ann_full100_draft_q_0069_007,q_0069,test,top3_products_month,currency_amount,1,58fc64092844e2a9e538aab5710b858daede12471879bf0147b92b99352088d1,period_component_02,9e-06,0.000111,0.000544,1.3e-05,7.3e-05,2.84722,6.125004,-0.402773,0.402773,9e-06,4e-06,4.6e-05,1.0,0.0,0.575
stored_six_decimal_scores,ann_full100_draft_q_0069_008,q_0069,test,top3_products_month,ranking,1,58fc64092844e2a9e538aab5710b858daede12471879bf0147b92b99352088d1,period_component_02,3e-06,4.8e-05,7.9e-05,4e-06,6.99999999998e-06,1.68749,3.25,-1.68749,1.68749,3e-06,2e-06,6e-06,1.0,0.0,1.0
stored_six_decimal_scores,ann_full100_draft_q_0069_009,q_0069,test,top3_products_month,product_name,1,58fc64092844e2a9e538aab5710b858daede12471879bf0147b92b99352088d1,period_component_02,0.05803,0.104471,1.040278,0.08255,0.824898,3.012506,8.125248,0.662548,-0.662548,0.044044,0.005539,0.57992,1.0,0.0,1.0
stored_six_decimal_scores,ann_full100_draft_q_0069_010,q_0069,test,top3_products_month,currency_amount,1,58fc64092844e2a9e538aab5710b858daede12471879bf0147b92b99352088d1,period_component_02,4e-06,5.9e-05,0.000243,6.99999999998e-06,3.2e-05,3.263802,5.874994,-0.930468,0.930468,4e-06,2e-06,1.9e-05,1.0,0.0,0.575
stored_six_decimal_scores,ann_full100_draft_q_0081_001,q_0081,dev,product_revenue_share_month,month,0,58fc64092844e2a9e538aab5710b858daede12471879bf0147b92b99352088d1,period_component_02,8e-06,0.000105,0.00054,9.99999999995e-06,5.3e-05,4.864477,11.811871,-1.322811,1.322811,8e-06,5e-06,4e-05,1.0,0.0,0.0
stored_six_decimal_scores,ann_full100_draft_q_0081_002,q_0081,dev,product_revenue_share_month,percentage,1,58fc64092844e2a9e538aab5710b858daede12471879bf0147b92b99352088d1,period_component_02,1.47256,1.827802,2.297263,0.719292,0.982842,4.00523,5.795034,2.274828,-2.274828,0.586744,0.454197,2.496658,1.0,0.0,0.8333333333333334
stored_six_decimal_scores,ann_full100_draft_q_0081_003,q_0081,dev,product_revenue_share_month,currency_amount,1,58fc64092844e2a9e538aab5710b858daede12471879bf0147b92b99352088d1,period_component_02,0.093164,0.29953,1.786688,0.096043,0.552074,2.029131,4.636982,0.133047,-0.133047,0.072631,0.049219,0.583847,1.0,0.0,0.575
stored_six_decimal_scores,ann_full100_draft_q_0081_004,q_0081,dev,product_revenue_share_month,currency_amount,0,58fc64092844e2a9e538aab5710b858daede12471879bf0147b92b99352088d1,period_component_02,0.01498,0.043502,0.429209,0.027765,0.296931,2.996322,8.349056,-0.371309,0.371309,0.013937,0.00011,0.161413,1.0,0.0,0.575
stored_six_decimal_scores,ann_full100_draft_q_0086_001,q_0086,dev,product_revenue_share_month,month,0,b1bec6852559fcb39434e058d7497d86375efb35fba34febb5b2ad917605cc1f,period_component_01,0.017644,0.060552,0.362498,0.03255,0.195217,5.098583,8.25,0.0681,-0.0681,0.016743,0.000937,0.105808,1.0,0.0,0.0
stored_six_decimal_scores,ann_full100_draft_q_0086_002,q_0086,dev,product_revenue_share_month,percentage,1,b1bec6852559fcb39434e058d7497d86375efb35fba34febb5b2ad917605cc1f,period_component_01,0.421553,1.047041,2.047475,0.444072,0.727767,2.239883,5.245611,0.704575,-0.704575,0.316338,0.188603,1.009642,1.0,0.0,0.8333333333333334
stored_six_decimal_scores,ann_full100_draft_q_0086_003,q_0086,dev,product_revenue_share_month,currency_amount,1,b1bec6852559fcb39434e058d7497d86375efb35fba34febb5b2ad917605cc1f,period_component_01,0.057349,0.244424,1.43243,0.065032,0.356479,3.562849,10.24403,0.223463,-0.223463,0.049601,0.034169,0.343184,1.0,0.0,0.575
stored_six_decimal_scores,ann_full100_draft_q_0086_004,q_0086,dev,product_revenue_share_month,currency_amount,0,b1bec6852559fcb39434e058d7497d86375efb35fba34febb5b2ad917605cc1f,period_component_01,0.010958,0.042644,0.297532,0.020137,0.14087,3.534834,7.743811,0.072323,-0.072323,0.010549,0.000962,0.076637,1.0,0.0,0.575
stored_six_decimal_scores,ann_full100_draft_q_0086_005,q_0086,dev,product_revenue_share_month,currency_amount,0,b1bec6852559fcb39434e058d7497d86375efb35fba34febb5b2ad917605cc1f,period_component_01,0.000121,0.00122,0.007843,0.000185,0.001184,2.431014,5.073076,-0.274739,0.274739,0.000121,5.7e-05,0.000805,1.0,0.0,0.575
stored_six_decimal_scores,ann_full100_draft_q_0086_006,q_0086,dev,product_revenue_share_month,currency_amount,1,b1bec6852559fcb39434e058d7497d86375efb35fba34febb5b2ad917605cc1f,period_component_01,0.246103,0.510472,1.194354,0.261559,0.739391,2.387428,7.150625,0.241378,-0.241378,0.155495,0.049431,1.203472,1.0,0.0,0.575
stored_six_decimal_scores,ann_full100_draft_q_0086_007,q_0086,dev,product_revenue_share_month,currency_amount,1,b1bec6852559fcb39434e058d7497d86375efb35fba34febb5b2ad917605cc1f,period_component_01,0.109138,0.166203,1.20191,0.122788,1.0,2.666615,5.80859,0.167282,-0.167282,0.073668,0.024548,0.918118,1.0,0.0,0.575
stored_six_decimal_scores,ann_full100_draft_q_0086_008,q_0086,dev,product_revenue_share_month,currency_amount,0,b1bec6852559fcb39434e058d7497d86375efb35fba34febb5b2ad917605cc1f,period_component_01,0.000253,0.001938,0.015595,0.000494,0.004368,2.833848,6.090914,-0.383843,0.383843,0.000252,1.1e-05,0.002188,1.0,0.0,0.575
stored_six_decimal_scores,ann_full100_draft_q_0086_009,q_0086,dev,product_revenue_share_month,percentage,1,b1bec6852559fcb39434e058d7497d86375efb35fba34febb5b2ad917605cc1f,period_component_01,0.00338,0.025816,0.053659,0.005299,0.009793,2.470756,5.37561,0.199994,-0.199994,0.003372,0.001445,0.007029,1.0,0.0,0.8333333333333334
stored_six_decimal_scores,ann_full100_draft_q_0087_001,q_0087,test,product_revenue_share_month,month,0,58fc64092844e2a9e538aab5710b858daede12471879bf0147b92b99352088d1,period_component_02,0.01256,0.052912,0.317093,0.021981,0.131853,4.870513,8.473066,0.129493,-0.129493,0.012098,0.002215,0.075335,1.0,0.0,0.0
stored_six_decimal_scores,ann_full100_draft_q_0087_002,q_0087,test,product_revenue_share_month,percentage,1,58fc64092844e2a9e538aab5710b858daede12471879bf0147b92b99352088d1,period_component_02,1.651986,1.750756,2.338544,0.681564,0.984633,4.759729,6.267199,2.573427,-2.573427,0.583548,0.485532,2.416876,1.0,0.0,0.8333333333333334
stored_six_decimal_scores,ann_full100_draft_q_0087_003,q_0087,test,product_revenue_share_month,currency_amount,1,58fc64092844e2a9e538aab5710b858daede12471879bf0147b92b99352088d1,period_component_02,0.168143,0.194583,0.958486,0.117109,0.710884,2.152211,5.23823,0.405589,-0.405589,0.064664,0.01222,1.099655,1.0,0.0,0.575
stored_six_decimal_scores,ann_full100_draft_q_0087_004,q_0087,test,product_revenue_share_month,currency_amount,1,58fc64092844e2a9e538aab5710b858daede12471879bf0147b92b99352088d1,period_component_02,0.000902,0.005816,0.039021,0.00175,0.012074,2.482125,6.749943,-0.124974,0.124974,0.000899,4.8e-05,0.006184,1.0,0.0,0.575
stored_six_decimal_scores,ann_full100_draft_q_0087_005,q_0087,test,product_revenue_share_month,currency_amount,1,58fc64092844e2a9e538aab5710b858daede12471879bf0147b92b99352088d1,period_component_02,3.6e-05,0.000437,0.001824,5.1e-05,0.000227,3.220962,4.999969,-0.470957,0.470957,3.6e-05,2.2e-05,0.000162,1.0,0.0,0.575
stored_six_decimal_scores,ann_full100_draft_q_0087_006,q_0087,test,product_revenue_share_month,currency_amount,1,58fc64092844e2a9e538aab5710b858daede12471879bf0147b92b99352088d1,period_component_02,0.162531,0.351961,1.197361,0.219303,1.0,3.380898,5.489462,0.253737,-0.253737,0.126028,0.032753,0.864462,1.0,0.0,0.575
stored_six_decimal_scores,ann_full100_draft_q_0087_007,q_0087,test,product_revenue_share_month,currency_amount,0,58fc64092844e2a9e538aab5710b858daede12471879bf0147b92b99352088d1,period_component_02,0.000439,0.003159,0.042286,0.000772,0.010593,3.277039,10.003576,-0.241317,0.241317,0.000438,0.000104,0.006008,1.0,0.0,0.575
stored_six_decimal_scores,ann_full100_draft_q_0097_001,q_0097,dev,return_impact_month,month,0,df50cba613c1fbd17fc151a4be47bd9a78e26d15fde6cef1e8919a2c31463dcf,period_component_04,0.000431,0.00311,0.018636,0.000843,0.005055,4.208333,7.874996,-0.083333,0.083333,0.000431,1.8e-05,0.002586,1.0,0.0,0.0
stored_six_decimal_scores,ann_full100_draft_q_0097_002,q_0097,dev,return_impact_month,currency_amount,0,df50cba613c1fbd17fc151a4be47bd9a78e26d15fde6cef1e8919a2c31463dcf,period_component_04,0.140679,0.141621,1.107049,0.077964,0.713222,3.058273,5.375141,0.299338,-0.299338,0.050295,0.022627,1.359695,1.0,0.0,0.575
stored_six_decimal_scores,ann_full100_draft_q_0097_003,q_0097,dev,return_impact_month,currency_amount,0,df50cba613c1fbd17fc151a4be47bd9a78e26d15fde6cef1e8919a2c31463dcf,period_component_04,0.009351,0.04876,0.341365,0.014337,0.100818,3.408621,11.401701,0.176606,-0.176606,0.009105,0.003873,0.071453,1.0,0.0,0.575
stored_six_decimal_scores,ann_full100_draft_q_0098_001,q_0098,test,return_impact_month,month,0,63a01401d077fdacf2a3bb90e547a472fbf6ce02f3dd76d3bc5e69bc4e7c3880,period_component_02,0.000387,0.002872,0.017216,0.000751,0.004502,3.916666,7.624998,0.125,-0.125,0.000387,2.3e-05,0.002323,1.0,0.0,0.0
stored_six_decimal_scores,ann_full100_draft_q_0098_002,q_0098,test,return_impact_month,currency_amount,0,63a01401d077fdacf2a3bb90e547a472fbf6ce02f3dd76d3bc5e69bc4e7c3880,period_component_02,0.057733,0.129517,1.069946,0.072442,0.700917,1.458936,3.984842,0.189322,-0.189322,0.045322,0.018201,0.567682,1.0,0.0,0.575
stored_six_decimal_scores,ann_full100_draft_q_0098_003,q_0098,test,return_impact_month,currency_amount,1,63a01401d077fdacf2a3bb90e547a472fbf6ce02f3dd76d3bc5e69bc4e7c3880,period_component_02,0.060618,0.134614,0.871504,0.09286,0.772108,2.681319,6.444633,0.02349,-0.02349,0.049706,0.006552,0.546131,1.0,0.0,0.575
saved_trace_precision,ann_full100_seed_q_0004_001,q_0004,dev,top_country_month,month,0,f8d696c0fdfaf78eda3f008de6d7e267a501cf09d0d002fb6ee802761ae17b63,period_component_01,1.2933743201178535e-05,0.0001663214716055942,0.0009429288329556584,1.7195940017700195e-05,9.894371032714844e-05,3.475752512613932,10.604513168334961,-0.8090852101643881,0.8090852101643881,1.2934207916259766e-05,8.666628824742043e-06,7.43865966796875e-05,1.0,0.0,0.0
saved_trace_precision,ann_full100_seed_q_0004_002,q_0004,dev,top_country_month,country,1,f8d696c0fdfaf78eda3f008de6d7e267a501cf09d0d002fb6ee802761ae17b63,period_component_01,0.6921905279159546,1.1335318088531494,1.1335318088531494,0.8892945349216461,0.8892945349216461,1.4043083190917969,1.4043083190917969,1.4043083190917969,-1.4043083190917969,0.4995214343070984,0.10974833369255066,0.6921920776367188,1.0,0.0,0.7142857142857143
saved_trace_precision,ann_full100_seed_q_0004_003,q_0004,dev,top_country_month,currency_amount,1,f8d696c0fdfaf78eda3f008de6d7e267a501cf09d0d002fb6ee802761ae17b63,period_component_01,0.09072466822774458,0.11108520512389078,0.8991138935089111,0.09595413804054265,0.8805549740791321,1.8365959167480468,6.075016021728516,-0.10339775085449218,0.10339775085449218,0.05006334185600281,0.004172543635036163,0.8662090301513672,1.0,0.0,0.575
saved_trace_precision,ann_full100_seed_q_0005_001,q_0005,test,top_country_month,month,0,dcd4782cb79be96ccde94912009644ec6f9191b07f6f21012da7319fd3d8ac1a,period_component_01,1.257619875024337e-05,0.00016437799658319818,0.0008614413090981543,1.6490618387821065e-05,8.624792098999023e-05,3.4815308252970376,9.889190673828125,-0.8148641586303711,0.8148641586303711,1.2576580047607422e-05,8.652444814331398e-06,6.67572021484375e-05,1.0,0.0,0.0
saved_trace_precision,ann_full100_seed_q_0005_002,q_0005,test,top_country_month,country,1,dcd4782cb79be96ccde94912009644ec6f9191b07f6f21012da7319fd3d8ac1a,period_component_01,1.0905647277832031,1.6794791221618652,1.6794791221618652,1.0,1.0,1.978729248046875,1.978729248046875,1.978729248046875,-1.978729248046875,0.663973331451416,0.32794663310050964,1.090566635131836,1.0,0.0,0.7142857142857143
saved_trace_precision,ann_full100_seed_q_0005_003,q_0005,test,top_country_month,country,1,dcd4782cb79be96ccde94912009644ec6f9191b07f6f21012da7319fd3d8ac1a,period_component_01,0.0006200536736287177,0.006698008626699448,0.006698008626699448,0.0008809566497802734,0.0008809566497802734,1.7024421691894531,1.7024421691894531,-1.7024421691894531,1.7024421691894531,0.0006198883056640625,0.0003587917017284781,0.0006198883056640625,1.0,0.0,0.7142857142857143
saved_trace_precision,ann_full100_seed_q_0005_004,q_0005,test,top_country_month,currency_amount,1,dcd4782cb79be96ccde94912009644ec6f9191b07f6f21012da7319fd3d8ac1a,period_component_01,0.03334008363486242,0.11226399973384105,0.7155815362930298,0.055367979738447426,0.39180660247802734,2.0913736555311413,4.250019073486328,0.08337889777289496,-0.08337889777289496,0.030211395687527128,0.00505481801762168,0.244781494140625,1.0,0.0,0.575
saved_trace_precision,ann_full100_seed_q_0009_001,q_0009,dev,top_country_month,month,0,a0a8b0293ef3e8786b9ae03ba452433ac5587d2f36cb8677fcc1b5b3bb285c02,period_component_02,1.0410670861678758e-05,0.00014167461463661843,0.0007605798309668899,1.2665987014770508e-05,6.872415542602539e-05,4.122080485026042,9.607484817504883,-0.830413818359375,0.830413818359375,1.0410944620768229e-05,8.151986488883859e-06,5.7220458984375e-05,1.0,0.0,0.0
saved_trace_precision,ann_full100_seed_q_0009_002,q_0009,dev,top_country_month,country,1,a0a8b0293ef3e8786b9ae03ba452433ac5587d2f36cb8677fcc1b5b3bb285c02,period_component_02,2.3756799697875977,1.8208609819412231,1.8208609819412231,0.5580536425113678,0.5580536425113678,5.590793609619141,5.590793609619141,5.590793609619141,-5.590793609619141,0.4651023745536804,0.37215110659599304,2.3756866455078125,1.0,0.0,0.7142857142857143
saved_trace_precision,ann_full100_seed_q_0009_003,q_0009,dev,top_country_month,currency_amount,1,a0a8b0293ef3e8786b9ae03ba452433ac5587d2f36cb8677fcc1b5b3bb285c02,period_component_02,0.07466000742670076,0.19613026776205517,1.0511623620986938,0.11195695400238037,0.6328742504119873,3.6986534118652346,10.566980361938477,-0.16963615417480468,0.16963615417480468,0.06336745619773865,0.014777967483814792,0.4627208709716797,1.0,0.0,0.575
saved_trace_precision,ann_full100_seed_q_0009_004,q_0009,dev,top_country_month,ranking,1,a0a8b0293ef3e8786b9ae03ba452433ac5587d2f36cb8677fcc1b5b3bb285c02,period_component_02,0.5015675753355027,1.0868797898292542,2.0088860988616943,0.44545678794384,0.8491942137479782,1.8745189666748048,3.9168834686279297,0.7658824920654297,-0.7658824920654297,0.29892539978027344,0.15239402279257774,1.4590167999267578,1.0,0.0,1.0
saved_trace_precision,ann_full100_seed_q_0010_001,q_0010,test,top_country_month,month,0,28b82da324c1c7dc79fa4f69d3bc6f0cbc4b22ebffdda94a0a7be5cc7e5c1fd3,period_component_02,1.4920481778091244e-05,0.00019021222381828315,0.0010060658678412437,2.1586815516116964e-05,0.00011616945266723633,3.6271308263142905,9.76278305053711,-0.7104622522989908,0.7104622522989908,1.4921029408772787e-05,8.255865317385869e-06,8.0108642578125e-05,1.0,0.0,0.0
saved_trace_precision,ann_full100_seed_q_0010_002,q_0010,test,top_country_month,country,1,28b82da324c1c7dc79fa4f69d3bc6f0cbc4b22ebffdda94a0a7be5cc7e5c1fd3,period_component_02,0.1421923004090786,0.42227621958591044,0.8430564999580383,0.20775961875915527,0.4153517484664917,2.9469728469848633,3.2688236236572266,-0.3218507766723633,0.3218507766723633,0.12377649545669556,0.039793369425751735,0.28426361083984375,1.0,0.0,0.7142857142857143
saved_trace_precision,ann_full100_seed_q_0010_003,q_0010,test,top_country_month,malformed_number,1,28b82da324c1c7dc79fa4f69d3bc6f0cbc4b22ebffdda94a0a7be5cc7e5c1fd3,period_component_02,0.151796499961074,0.1332542887306772,0.5835888981819153,0.08872669041156767,0.5379380285739899,3.303853416442871,6.106498718261719,-0.10120143890380859,0.10120143890380859,0.045922976732254026,0.0031192695274967265,1.3133811950683594,1.0,0.0,1.0
saved_trace_precision,ann_full100_seed_q_0014_001,q_0014,dev,top_country_month,month,0,81d810b0bbaa509074f22bb8f09a0d107971df5be56c39af555e91e676943f02,period_component_01,8.006727008809852e-06,0.00010701468013015376,0.0005759803461842239,1.0728836059570312e-05,5.894899368286133e-05,3.0394213994344077,8.486530303955078,-0.7477547327677408,0.7477547327677408,8.006890614827475e-06,5.285512560293526e-06,4.38690185546875e-05,1.0,0.0,0.0
saved_trace_precision,ann_full100_seed_q_0014_002,q_0014,dev,top_country_month,country,1,81d810b0bbaa509074f22bb8f09a0d107971df5be56c39af555e91e676943f02,period_component_01,0.10821064605261199,0.35360414534807205,0.7030852437019348,0.16737285256385803,0.33433282375335693,1.1130390167236328,1.2496566772460938,-0.13661766052246094,0.13661766052246094,0.0973353385925293,0.027297800304950215,0.2160797119140625,1.0,0.0,0.7142857142857143
saved_trace_precision,ann_full100_seed_q_0014_003,q_0014,dev,top_country_month,malformed_number,1,81d810b0bbaa509074f22bb8f09a0d107971df5be56c39af555e91e676943f02,period_component_01,0.12705094450157048,0.139592030888889,1.0278955698013306,0.09032481908798218,0.7337123155593872,2.6026784896850588,6.963935852050781,0.09996776580810547,-0.09996776580810547,0.05131474733352661,0.012304680958823155,1.1818981170654297,1.0,0.0,1.0
saved_trace_precision,ann_full100_seed_q_0014_004,q_0014,dev,top_country_month,ranking,1,81d810b0bbaa509074f22bb8f09a0d107971df5be56c39af555e91e676943f02,period_component_01,0.7175261497497558,1.6073591351509093,2.3991239070892334,0.6922890961170196,0.9668214470148087,1.3191238403320313,2.227031707763672,1.285455322265625,-1.285455322265625,0.4739473581314087,0.2556056216359138,1.2645721435546875,1.0,0.0,1.0
saved_trace_precision,ann_full100_draft_q_0020_001,q_0020,dev,top_product_month,month,0,42e37802da02bfae327eacfaba33de48c96e072c5a89fc6af81b80bd847c698d,period_component_03,1.5734972567571504e-05,0.00019670738838328816,0.00108914147131145,2.1398067474365234e-05,0.00011962652206420898,2.780792236328125,7.809749603271484,-0.4891242980957031,0.4891242980957031,1.5735626220703125e-05,1.0064653236237694e-05,8.7738037109375e-05,1.0,0.0,0.0
saved_trace_precision,ann_full100_draft_q_0020_002,q_0020,dev,top_product_month,product_name,1,42e37802da02bfae327eacfaba33de48c96e072c5a89fc6af81b80bd847c698d,period_component_03,0.14443056452051273,0.25749338204170474,1.1585252285003662,0.15967049201329553,1.0,5.110100428263347,9.457427978515625,0.33454280429416233,-0.33454280429416233,0.10205801328023274,0.04444553962209991,0.917572021484375,1.0,0.0,1.0
saved_trace_precision,ann_full100_draft_q_0020_003,q_0020,dev,top_product_month,product_stock_code,1,42e37802da02bfae327eacfaba33de48c96e072c5a89fc6af81b80bd847c698d,period_component_03,3.129119043402776e-05,0.00035250344899395714,0.0009878231212496758,5.8452288309696065e-05,0.00017708539962768555,3.3005151748657227,5.249919891357422,-1.383848508199056,1.383848508199056,3.129243850708008e-05,4.1339470916076e-06,9.1552734375e-05,1.0,0.0,0.8
saved_trace_precision,ann_full100_draft_q_0020_004,q_0020,dev,top_product_month,currency_amount,1,42e37802da02bfae327eacfaba33de48c96e072c5a89fc6af81b80bd847c698d,period_component_03,0.09832870558551221,0.10933760327839082,0.7898231148719788,0.12033422291278839,0.9385735392570496,3.347360372543335,7.125,-0.3137390613555908,0.3137390613555908,0.061274655163288116,0.0022150774921705363,0.7736244201660156,1.0,0.0,0.575
saved_trace_precision,ann_full100_draft_q_0020_005,q_0020,dev,top_product_month,ranking,1,42e37802da02bfae327eacfaba33de48c96e072c5a89fc6af81b80bd847c698d,period_component_03,0.40151652693748474,1.0293859044710796,1.275968313217163,0.47483430306116736,0.9484738111495972,0.9528783162434896,1.3243770599365234,0.7322616577148438,-0.7322616577148438,0.3025240898132324,0.13021388898293176,0.8243770599365234,1.0,0.0,1.0
saved_trace_precision,ann_full100_draft_q_0033_001,q_0033,dev,country_comparison_month,month,0,df1feee1f5bee5f48d5b15a387b58e14c5dc495934b13faa41d5570b948a8f09,period_component_01,4.4240872545249964e-05,0.0005109979764507481,0.0029873123858124018,5.585948626196657e-05,0.0003262162208557129,3.291664441426595,7.624994277954102,2.2252400716145835e-06,-2.2252400716145835e-06,4.4236580530802407e-05,3.2616463175945874e-05,0.0002613067626953125,1.0,0.0,0.0
saved_trace_precision,ann_full100_draft_q_0033_002,q_0033,dev,country_comparison_month,country,1,df1feee1f5bee5f48d5b15a387b58e14c5dc495934b13faa41d5570b948a8f09,period_component_01,0.899284839630127,0.6871145367622375,0.6871145367622375,0.8148819804191589,0.8148819804191589,1.2609500885009766,1.2609500885009766,-1.2609500885009766,1.2609500885009766,0.4080214500427246,0.0011609196662902832,0.8992843627929688,1.0,0.0,0.7142857142857143
saved_trace_precision,ann_full100_draft_q_0033_003,q_0033,dev,country_comparison_month,comparison_direction,1,df1feee1f5bee5f48d5b15a387b58e14c5dc495934b13faa41d5570b948a8f09,period_component_01,0.006812823501149978,0.04135313130609575,0.13990619778633118,0.010998204350471497,0.040116846561431885,5.055366516113281,10.619989395141602,-0.6798038482666016,0.6798038482666016,0.006737068295478821,0.0024759264729254937,0.024648666381835938,1.0,0.0,0.6666666666666666
saved_trace_precision,ann_full100_draft_q_0033_004,q_0033,dev,country_comparison_month,currency_amount,0,df1feee1f5bee5f48d5b15a387b58e14c5dc495934b13faa41d5570b948a8f09,period_component_01,0.03373612755950717,0.13161218230061422,0.6261663436889648,0.053807713091373444,0.24853581190109253,1.9637248516082764,3.2500038146972656,-0.14278912544250488,0.14278912544250488,0.03171541541814804,0.00962312461680881,0.17435646057128906,1.0,0.0,0.575
saved_trace_precision,ann_full100_draft_q_0033_005,q_0033,dev,country_comparison_month,currency_amount,0,df1feee1f5bee5f48d5b15a387b58e14c5dc495934b13faa41d5570b948a8f09,period_component_01,0.0005648254901744723,0.0038630089733891915,0.030373206362128258,0.0011044475767347794,0.009297668933868408,2.3428435855441623,8.090248107910156,-0.48171552022298175,0.48171552022298175,0.0005635950300428602,2.2741097849474398e-05,0.00469970703125,1.0,0.0,0.575
saved_trace_precision,ann_full100_draft_q_0033_006,q_0033,dev,country_comparison_month,currency_amount,1,df1feee1f5bee5f48d5b15a387b58e14c5dc495934b13faa41d5570b948a8f09,period_component_01,0.11445587284833891,0.3128807368985791,2.274653673171997,0.10863430632485283,0.7423056364059448,2.0637649959988065,4.125062942504883,0.3249386681450738,-0.3249386681450738,0.07986321714189318,0.05109213445474678,0.8973255157470703,1.0,0.0,0.575
saved_trace_precision,ann_full100_draft_q_0033_007,q_0033,dev,country_comparison_month,currency_amount,1,df1feee1f5bee5f48d5b15a387b58e14c5dc495934b13faa41d5570b948a8f09,period_component_01,0.001527162887441591,0.011623906657405314,0.08370909839868546,0.0022875219583511353,0.017185449600219727,2.852566719055176,7.944860458374023,-0.25862693786621094,0.25862693786621094,0.0015190914273262024,0.0007506569206725544,0.011373519897460938,1.0,0.0,0.575
saved_trace_precision,ann_full100_draft_q_0033_008,q_0033,dev,country_comparison_month,currency_amount,1,df1feee1f5bee5f48d5b15a387b58e14c5dc495934b13faa41d5570b948a8f09,period_component_01,0.13590974519805363,0.44657549885515535,1.882702112197876,0.16201971305741203,0.6722025573253632,1.7730346255832248,4.000356674194336,0.31631236606174046,-0.31631236606174046,0.10970676607555813,0.05739381771288916,0.6567039489746094,1.0,0.0,0.575
saved_trace_precision,ann_full100_draft_q_0034_001,q_0034,test,country_comparison_month,country,1,7e2ff1969c78dc4e89a6237ab1dd568e3721634c7e628f431617c283752f8434,period_component_01,1.4344136714935303,1.0091737508773804,1.0091737508773804,0.6667109131813049,0.6667109131813049,1.732980728149414,1.732980728149414,-1.732980728149414,1.732980728149414,0.4284558892250061,0.19020086526870728,1.4344139099121094,1.0,0.0,0.7142857142857143
saved_trace_precision,ann_full100_draft_q_0034_002,q_0034,test,country_comparison_month,comparison_direction,1,7e2ff1969c78dc4e89a6237ab1dd568e3721634c7e628f431617c283752f8434,period_component_01,0.007550029670710501,0.057386240223422647,0.1271413415670395,0.010371863842010498,0.022720038890838623,5.2052507400512695,10.307821273803711,0.05134010314941406,-0.05134010314941406,0.007500156760215759,0.0046284615095828485,0.017019271850585938,1.0,0.0,0.6666666666666666
saved_trace_precision,ann_full100_draft_q_0034_003,q_0034,test,country_comparison_month,currency_amount,0,7e2ff1969c78dc4e89a6237ab1dd568e3721634c7e628f431617c283752f8434,period_component_01,0.04038868946516535,0.11643763456918856,0.5935084223747253,0.06842316521538627,0.4927712678909302,4.4577621883816185,8.589693069458008,0.08480177985297309,-0.08480177985297309,0.03612142139010959,0.003819672691596073,0.2862663269042969,1.0,0.0,0.575
saved_trace_precision,ann_full100_draft_q_0034_004,q_0034,test,country_comparison_month,currency_amount,0,7e2ff1969c78dc4e89a6237ab1dd568e3721634c7e628f431617c283752f8434,period_component_01,5.281397367677224e-05,0.0005287165535226753,0.0036480692215263844,9.795029958092893e-05,0.0007793903350830078,2.579618665907118,9.71696662902832,-0.5518370734320747,0.5518370734320747,5.280309253268772e-05,7.662781622859901e-06,0.0003986358642578125,1.0,0.0,0.575
saved_trace_precision,ann_full100_draft_q_0034_005,q_0034,test,country_comparison_month,currency_amount,1,7e2ff1969c78dc4e89a6237ab1dd568e3721634c7e628f431617c283752f8434,period_component_01,0.3498431646647597,0.36628821352496743,1.6620882749557495,0.1478949742657798,0.6023100912570953,2.5413390568324496,4.623628616333008,0.2875347137451172,-0.2875347137451172,0.10530632734298706,0.06271767429591689,2.1696090698242188,1.0,0.0,0.575
saved_trace_precision,ann_full100_draft_q_0034_006,q_0034,test,country_comparison_month,unsupported_business_claim,1,7e2ff1969c78dc4e89a6237ab1dd568e3721634c7e628f431617c283752f8434,period_component_01,0.6807347543188371,1.1680126575636678,2.3824470043182373,0.5631821751594543,1.0,2.197450065612793,6.997737884521484,0.5989046096801758,-0.5989046096801758,0.3617550015449524,0.16032782391412184,1.5218181610107422,1.0,0.0,1.0
saved_trace_precision,ann_full100_draft_q_0053_001,q_0053,dev,monthly_revenue_change,month,0,231ac1024839bdf7b065a9c511d816725583e5f37f38e32f3be15781d45f494a,period_component_01,0.02772789245117598,0.09097453457729898,0.5431755781173706,0.044675151507059696,0.26768243312835693,3.270263671875,4.75,0.5631484985351562,-0.5631484985351562,0.02555026610692342,0.00642538412036231,0.16612815856933594,1.0,0.0,0.0
saved_trace_precision,ann_full100_draft_q_0053_002,q_0053,dev,monthly_revenue_change,currency_amount,0,231ac1024839bdf7b065a9c511d816725583e5f37f38e32f3be15781d45f494a,period_component_01,0.03086321291899904,0.07920104239912523,0.8005487322807312,0.04580610990524292,0.48692554235458374,3.142994620583274,5.875347137451172,0.06161776455965909,-0.06161776455965909,0.026419986378062855,0.00703386308829708,0.3297557830810547,1.0,0.0,0.575
saved_trace_precision,ann_full100_draft_q_0053_003,q_0053,dev,monthly_revenue_change,month,0,231ac1024839bdf7b065a9c511d816725583e5f37f38e32f3be15781d45f494a,period_component_01,7.320187653192534e-05,0.0007652596940867321,0.0038623306900262833,0.0001157522201538086,0.0006143450736999512,3.5273682276407876,6.039590835571289,-0.8190342585245768,0.8190342585245768,7.319450378417969e-05,3.0643557958380065e-05,0.0003833770751953125,1.0,0.0,0.0
saved_trace_precision,ann_full100_draft_q_0053_004,q_0053,dev,monthly_revenue_change,currency_amount,0,231ac1024839bdf7b065a9c511d816725583e5f37f38e32f3be15781d45f494a,period_component_01,2.1922718870955165e-05,0.0002527564290217428,0.001280430005863309,3.8580460981929576e-05,0.00023096799850463867,3.5189779455011543,10.458955764770508,-0.8144304102117365,0.8144304102117365,2.192367206920277e-05,5.267059909835387e-06,0.0001220703125,1.0,0.0,0.575
saved_trace_precision,ann_full100_draft_q_0053_005,q_0053,dev,monthly_revenue_change,currency_amount,0,231ac1024839bdf7b065a9c511d816725583e5f37f38e32f3be15781d45f494a,period_component_01,0.012287509659720607,0.060766969860362056,0.4437904953956604,0.018755544315684936,0.12242209911346436,2.9051314267245205,5.000368118286133,-0.13216868313876065,0.13216868313876065,0.011863036589189009,0.004970525533777122,0.09104537963867188,1.0,0.0,0.575
saved_trace_precision,ann_full100_draft_q_0053_006,q_0053,dev,monthly_revenue_change,percentage,1,231ac1024839bdf7b065a9c511d816725583e5f37f38e32f3be15781d45f494a,period_component_01,1.2701518242247403,1.437812050183614,2.4214868545532227,0.6334199421107769,1.0,4.670494397481282,9.279317855834961,2.112377484639486,-2.112377484639486,0.5144410828749338,0.3954622116871178,2.4577980041503906,1.0,0.0,0.8333333333333334
saved_trace_precision,ann_full100_draft_q_0059_001,q_0059,test,monthly_revenue_change,month,0,4f6798dbe9d7ffabf3981d98bdbe18045a57c6fef3b68c8185ae1aef26462983,period_component_02,0.034534724606051746,0.11635876850156517,0.6948854327201843,0.047434409459432,0.2839949131011963,3.4670584996541343,8.427024841308594,0.24138355255126953,-0.24138355255126953,0.031201879183451336,0.0149693572462913,0.2068805694580078,1.0,0.0,0.0
saved_trace_precision,ann_full100_draft_q_0059_002,q_0059,test,monthly_revenue_change,currency_amount,1,4f6798dbe9d7ffabf3981d98bdbe18045a57c6fef3b68c8185ae1aef26462983,period_component_02,0.10064399620843935,0.1407945414129327,0.689185380935669,0.12487180395559827,0.8756896555423737,3.7927662242542612,8.062736511230469,-0.1782469315962358,0.1782469315962358,0.06342613697052002,0.0019804720694454854,0.8262844085693359,1.0,0.0,0.575
saved_trace_precision,ann_full100_draft_q_0059_003,q_0059,test,monthly_revenue_change,percentage,1,4f6798dbe9d7ffabf3981d98bdbe18045a57c6fef3b68c8185ae1aef26462983,period_component_02,1.5253532119483377,1.6634757504798472,2.601304769515991,0.6255882419645786,1.0,4.859459241231282,7.5006103515625,2.22367000579834,-2.22367000579834,0.541240006685257,0.4568917924189009,2.8190364837646484,1.0,0.0,0.8333333333333334
saved_trace_precision,ann_full100_draft_q_0059_004,q_0059,test,monthly_revenue_change,comparison_direction,0,4f6798dbe9d7ffabf3981d98bdbe18045a57c6fef3b68c8185ae1aef26462983,period_component_02,0.12410115450620651,0.4695274233818054,0.4695274233818054,0.2098076343536377,0.2098076343536377,0.18016433715820312,0.18016433715820312,-0.18016433715820312,0.18016433715820312,0.11670953035354614,0.0236114040017128,0.12410163879394531,1.0,0.0,0.6666666666666666
saved_trace_precision,ann_full100_draft_q_0059_005,q_0059,test,monthly_revenue_change,month,0,4f6798dbe9d7ffabf3981d98bdbe18045a57c6fef3b68c8185ae1aef26462983,period_component_02,0.03555526404682041,0.12186964964272799,0.6939316987991333,0.04910476009051001,0.2848725914955139,2.5871171951293945,4.892499923706055,0.16462103525797525,-0.16462103525797525,0.03218263387680054,0.015260514748206333,0.20810699462890625,1.0,0.0,0.0
saved_trace_precision,ann_full100_draft_q_0059_006,q_0059,test,monthly_revenue_change,currency_amount,1,4f6798dbe9d7ffabf3981d98bdbe18045a57c6fef3b68c8185ae1aef26462983,period_component_02,0.08715409896211151,0.11085050063477618,0.7051094770431519,0.10169574347409338,0.8760313391685486,2.6596641540527344,7.170965194702148,-0.38645796342329547,0.38645796342329547,0.05138742923736572,0.001079117022444817,0.8290348052978516,1.0,0.0,0.575
saved_trace_precision,ann_full100_draft_q_0059_007,q_0059,test,monthly_revenue_change,currency_amount,1,4f6798dbe9d7ffabf3981d98bdbe18045a57c6fef3b68c8185ae1aef26462983,period_component_02,0.023289739934261887,0.10278024906292557,0.7127386927604675,0.03068781495094297,0.2405659556388855,2.124364471435547,4.002252578735352,0.030239105224609375,-0.030239105224609375,0.02158184051513672,0.012475866405293346,0.18953704833984375,1.0,0.0,0.575
saved_trace_precision,ann_full100_draft_q_0063_001,q_0063,dev,top3_products_month,month,0,42e37802da02bfae327eacfaba33de48c96e072c5a89fc6af81b80bd847c698d,period_component_03,1.3013277906518775e-05,0.0001671132853739247,0.0008630192605778575,1.830856005347048e-05,9.679794311523438e-05,3.587291717529297,8.523757934570312,-0.8372917175292969,0.8372917175292969,1.3013680775960287e-05,7.718714236400656e-06,6.866455078125e-05,1.0,0.0,0.0
saved_trace_precision,ann_full100_draft_q_0063_002,q_0063,dev,top3_products_month,ranking,1,42e37802da02bfae327eacfaba33de48c96e072c5a89fc6af81b80bd847c698d,period_component_03,0.09770692579331808,0.2663437909213826,0.528806209564209,0.16996797919273376,0.3391991853713989,2.8971147537231445,5.293828964233398,-2.396714210510254,2.396714210510254,0.08878844976425171,0.0076089093199698254,0.19501304626464844,1.0,0.0,1.0
saved_trace_precision,ann_full100_draft_q_0063_003,q_0063,dev,top3_products_month,product_name,1,42e37802da02bfae327eacfaba33de48c96e072c5a89fc6af81b80bd847c698d,period_component_03,0.0959532248719673,0.19834769362447938,1.6270053386688232,0.09832071926858688,0.8290750086307526,5.200732760959202,9.471532821655273,0.35511186387803817,-0.35511186387803817,0.06611044539345635,0.03390016944073674,0.8337898254394531,1.0,0.0,1.0
saved_trace_precision,ann_full100_draft_q_0063_004,q_0063,dev,top3_products_month,product_stock_code,1,42e37802da02bfae327eacfaba33de48c96e072c5a89fc6af81b80bd847c698d,period_component_03,0.1860189829637875,0.3014876051393003,1.713491678237915,0.16499089697996772,0.9556101858615875,4.6105607350667315,8.000022888183594,0.5144468943277994,-0.5144468943277994,0.10662414630254109,0.04825738879886406,1.0984649658203125,1.0,0.0,0.8
saved_trace_precision,ann_full100_draft_q_0063_005,q_0063,dev,top3_products_month,currency_amount,1,42e37802da02bfae327eacfaba33de48c96e072c5a89fc6af81b80bd847c698d,period_component_03,0.13435513543055322,0.2338522634491811,1.1926554441452026,0.18248095777299667,0.8148138523101807,3.399326112535265,5.750030517578125,0.0021983252631293405,-0.0021983252631293405,0.10330831342273289,0.024135675259069938,0.6281566619873047,1.0,0.0,0.575
saved_trace_precision,ann_full100_draft_q_0063_006,q_0063,dev,top3_products_month,ranking,1,42e37802da02bfae327eacfaba33de48c96e072c5a89fc6af81b80bd847c698d,period_component_03,1.2159205596162792e-05,0.00016838016654219246,0.0003262961108703166,1.665949821472168e-05,3.2782554626464844e-05,1.5624809265136719,2.2499618530273438,-1.5624809265136719,1.5624809265136719,1.2159347534179688e-05,7.64574457434719e-06,2.288818359375e-05,1.0,0.0,1.0
saved_trace_precision,ann_full100_draft_q_0063_007,q_0063,dev,top3_products_month,product_name,1,42e37802da02bfae327eacfaba33de48c96e072c5a89fc6af81b80bd847c698d,period_component_03,0.05560155083989313,0.08186590504324572,0.8241886496543884,0.08220274340022693,0.8784041404724121,3.3624895269220527,7.737115859985352,0.5012123801491477,-0.5012123801491477,0.04213287071748213,0.002063002486651881,0.5983638763427734,1.0,0.0,1.0
saved_trace_precision,ann_full100_draft_q_0063_008,q_0063,dev,top3_products_month,product_stock_code,1,42e37802da02bfae327eacfaba33de48c96e072c5a89fc6af81b80bd847c698d,period_component_03,6.92250665323968e-05,0.0006372421014475549,0.003110525431111455,0.00013686418533320754,0.0006771087646484375,3.3746448516845704,7.623569488525391,-1.1746448516845702,1.1746448516845702,6.92129135131836e-05,1.5692427922431306e-06,0.0003414154052734375,1.0,0.0,0.8
saved_trace_precision,ann_full100_draft_q_0063_009,q_0063,dev,top3_products_month,currency_amount,1,42e37802da02bfae327eacfaba33de48c96e072c5a89fc6af81b80bd847c698d,period_component_03,3.307141858183766e-05,0.00035944758989595965,0.002057218924164772,5.9929158952476413e-05,0.0003834366798400879,2.7221787770589194,4.874811172485352,-0.36106427510579425,0.36106427510579425,3.3067332373725046e-05,6.208986503016452e-06,0.0002040863037109375,1.0,0.0,0.575
saved_trace_precision,ann_full100_draft_q_0063_010,q_0063,dev,top3_products_month,ranking,1,42e37802da02bfae327eacfaba33de48c96e072c5a89fc6af81b80bd847c698d,period_component_03,1.6689282915649528e-06,3.0774285733059514e-05,4.349635855760425e-05,2.384185791015625e-06,3.874301910400391e-06,2.250009536743164,4.25,-1.999990463256836,1.999990463256836,1.6689300537109375e-06,9.651847960867599e-07,3.814697265625e-06,1.0,0.0,1.0
saved_trace_precision,ann_full100_draft_q_0063_011,q_0063,dev,top3_products_month,product_name,1,42e37802da02bfae327eacfaba33de48c96e072c5a89fc6af81b80bd847c698d,period_component_03,0.12673976983904822,0.10467083786124931,0.8180088400840759,0.0960298590362072,0.764118880033493,1.7500848770141602,5.250026702880859,0.5940303802490234,-0.5940303802490234,0.05034390836954117,0.004657957630364251,1.0116767883300781,1.0,0.0,1.0
saved_trace_precision,ann_full100_draft_q_0063_012,q_0063,dev,top3_products_month,product_stock_code,1,42e37802da02bfae327eacfaba33de48c96e072c5a89fc6af81b80bd847c698d,period_component_03,4.911374821858771e-06,6.110537250378912e-05,0.00025977418408729136,9.57250595090553e-06,4.3272972106933594e-05,3.6498199462890626,5.7490997314453125,-1.4498199462890624,1.4498199462890624,4.911422729492188e-06,2.433925324396569e-07,2.288818359375e-05,1.0,0.0,0.8
saved_trace_precision,ann_full100_draft_q_0063_013,q_0063,dev,top3_products_month,currency_amount,1,42e37802da02bfae327eacfaba33de48c96e072c5a89fc6af81b80bd847c698d,period_component_03,6.582951073141885e-06,8.823966366359552e-05,0.00031318143010139465,1.0788440704345703e-05,4.410743713378906e-05,3.6799468994140625,7.869497299194336,-1.1243828667534723,1.1243828667534723,6.583001878526476e-06,2.3843355552660087e-06,2.6702880859375e-05,1.0,0.0,0.575
saved_trace_precision,ann_full100_draft_q_0063_014,q_0063,dev,top3_products_month,unsupported_business_claim,1,42e37802da02bfae327eacfaba33de48c96e072c5a89fc6af81b80bd847c698d,period_component_03,0.5112698416230089,0.9632483942684933,2.108642101287842,0.4536285400390625,0.9618643224239349,4.067078076876127,10.601341247558594,0.47199029188889724,-0.47199029188889724,0.299001537836515,0.14437453254056612,1.2503242492675781,1.0,0.0,1.0
saved_trace_precision,ann_full100_draft_q_0077_001,q_0077,test,product_revenue_share_month,month,0,273a6c83ec02ebc1c6e8262c5625208a60c4e5f89ec9b4ae43c001b1274b1455,period_component_01,1.8297745876102074e-05,0.00022769254334775724,0.0012535209534689784,2.4000803629520284e-05,0.00013381242752075195,4.778609911600749,12.421659469604492,-1.1952753067016602,1.1952753067016602,1.8298625946044922e-05,1.258268227140776e-05,0.000102996826171875,1.0,0.0,0.0
saved_trace_precision,ann_full100_draft_q_0077_002,q_0077,test,product_revenue_share_month,product_name,1,273a6c83ec02ebc1c6e8262c5625208a60c4e5f89ec9b4ae43c001b1274b1455,period_component_01,0.057334905368452385,0.17353545406076593,1.7093056440353394,0.06009131669998169,0.5967844128608704,2.8730098724365236,5.750185012817383,0.427069091796875,-0.427069091796875,0.043751645088195804,0.027411978908639868,0.5707130432128906,1.0,0.0,1.0
saved_trace_precision,ann_full100_draft_q_0077_003,q_0077,test,product_revenue_share_month,percentage,1,273a6c83ec02ebc1c6e8262c5625208a60c4e5f89ec9b4ae43c001b1274b1455,period_component_01,0.9563254481181502,1.4062688549359639,2.278524875640869,0.5072643781701724,0.9573908895254135,3.3732312520345054,8.027103424072266,1.6445592244466145,-1.6445592244466145,0.4134513239065806,0.3196382625028491,2.558208465576172,1.0,0.0,0.8333333333333334
saved_trace_precision,ann_full100_draft_q_0077_004,q_0077,test,product_revenue_share_month,currency_amount,1,273a6c83ec02ebc1c6e8262c5625208a60c4e5f89ec9b4ae43c001b1274b1455,period_component_01,0.08611978750596708,0.11114176831324585,0.7483375668525696,0.11572447148236364,0.9379876852035522,3.5180076252330434,6.124731063842773,0.27804097262295807,-0.27804097262295807,0.05819834904237227,0.0006722246809493464,0.7641353607177734,1.0,0.0,0.575
saved_trace_precision,ann_full100_draft_q_0077_005,q_0077,test,product_revenue_share_month,currency_amount,0,273a6c83ec02ebc1c6e8262c5625208a60c4e5f89ec9b4ae43c001b1274b1455,period_component_01,3.9088191120602765e-05,0.00043957751828808494,0.0020920841488987207,6.577869256341184e-05,0.0003033876419067383,2.221649964650472,7.28498649597168,-0.6591423352559408,0.6591423352559408,3.90857458114624e-05,1.2392884779425609e-05,0.000194549560546875,1.0,0.0,0.575
saved_trace_precision,ann_full100_draft_q_0077_006,q_0077,test,product_revenue_share_month,percentage,1,273a6c83ec02ebc1c6e8262c5625208a60c4e5f89ec9b4ae43c001b1274b1455,period_component_01,0.022196364877042168,0.09959482886673261,0.2702011168003082,0.037903596957524655,0.1354461908340454,0.8820603688557943,2.750019073486328,0.5132452646891276,-0.5132452646891276,0.021564682324727375,0.0052257597350641545,0.07034492492675781,1.0,0.0,0.8333333333333334
saved_trace_precision,ann_full100_draft_q_0093_001,q_0093,test,return_impact_month,month,0,204686b66a0af30e7d28c2297edfa360dd40709c75754738953b9f12f4b19bbc,period_component_01,0.00025304827915088407,0.0020644729941672324,0.012372400611639023,0.00047371784845984255,0.002841055393218994,3.791666030883789,7.874996185302734,0.16666730244954428,-0.16666730244954428,0.0002528528372446696,3.198361553112076e-05,0.00151824951171875,1.0,0.0,0.0
saved_trace_precision,ann_full100_draft_q_0093_002,q_0093,test,return_impact_month,currency_amount,0,204686b66a0af30e7d28c2297edfa360dd40709c75754738953b9f12f4b19bbc,period_component_01,0.26036695323364256,0.3501661820773734,2.1477081775665283,0.1734924167394638,0.910482794046402,4.239863777160645,9.375019073486328,0.3856100082397461,-0.3856100082397461,0.12468342185020446,0.07587442805715909,1.320901870727539,1.0,0.0,0.575
saved_trace_precision,ann_full100_draft_q_0093_003,q_0093,test,return_impact_month,currency_amount,1,204686b66a0af30e7d28c2297edfa360dd40709c75754738953b9f12f4b19bbc,period_component_01,0.11951474220841192,0.21873808559030294,0.7659189105033875,0.18048746585845943,1.0,3.5536422729492188,10.875953674316406,0.27469215393066404,-0.27469215393066404,0.09450672864913941,0.00852598959900206,0.7039833068847656,1.0,0.0,0.575
saved_trace_precision,ann_full100_draft_q_0015_001,q_0015,test,top_country_month,month,0,a0a8b0293ef3e8786b9ae03ba452433ac5587d2f36cb8677fcc1b5b3bb285c02,period_component_02,6.953765079013389e-06,9.673121090732668e-05,0.0004947602283209562,8.751948674556864e-06,4.410743713378906e-05,3.170637766520182,7.773830413818359,-0.587304433186849,0.587304433186849,6.953875223795573e-06,5.145370450672833e-06,3.62396240234375e-05,1.0,0.0,0.0
saved_trace_precision,ann_full100_draft_q_0015_002,q_0015,test,top_country_month,country,0,a0a8b0293ef3e8786b9ae03ba452433ac5587d2f36cb8677fcc1b5b3bb285c02,period_component_02,0.08327684467985819,0.23176933845388703,0.4628622531890869,0.1502992808818817,0.30049532651901245,4.565614700317383,5.375057220458984,0.8094425201416016,-0.8094425201416016,0.07671576738357544,0.0031322720533353277,0.16649627685546875,1.0,0.0,0.7142857142857143
saved_trace_precision,ann_full100_draft_q_0015_003,q_0015,test,top_country_month,currency_amount,1,a0a8b0293ef3e8786b9ae03ba452433ac5587d2f36cb8677fcc1b5b3bb285c02,period_component_02,0.17965194326515863,0.3031620048204786,1.344977855682373,0.20440888634094823,0.9556550681591034,1.817694590641902,4.375049591064453,0.1231541266808143,-0.1231541266808143,0.1224985122680664,0.04058814081079513,1.099466323852539,1.0,0.0,0.575
saved_trace_precision,ann_full100_draft_q_0021_001,q_0021,test,top_product_month,month,0,ac994160af059ea0bf876f4fb569028d04c06671c6bef2c108745fe48ae0eb8d,period_component_01,1.211923193977782e-05,0.00015670508154623045,0.0008576473919674754,1.6192595163944112e-05,8.881092071533203e-05,3.1435839335123696,7.861505508422852,-0.5602499643961588,0.5602499643961588,1.2119611104329428e-05,8.055040247256784e-06,6.67572021484375e-05,1.0,0.0,0.0
saved_trace_precision,ann_full100_draft_q_0021_002,q_0021,test,top_product_month,product_name,1,ac994160af059ea0bf876f4fb569028d04c06671c6bef2c108745fe48ae0eb8d,period_component_01,0.1495526454436913,0.2277075509991846,1.669722318649292,0.11730150878429413,0.9124977588653564,2.278761148452759,5.336101531982422,0.5384900569915771,-0.5384900569915771,0.07791236788034439,0.038523225500512126,1.1774139404296875,1.0,0.0,1.0
saved_trace_precision,ann_full100_draft_q_0021_003,q_0021,test,top_product_month,currency_amount,1,ac994160af059ea0bf876f4fb569028d04c06671c6bef2c108745fe48ae0eb8d,period_component_01,0.23540669885015653,0.18582677657872815,0.9143893718719482,0.16038345628314543,0.8756528496742249,3.6793024275037975,10.554121017456055,0.10083495246039496,-0.10083495246039496,0.08697946204079522,0.013575471345229554,1.5320281982421875,1.0,0.0,0.575
saved_trace_precision,ann_full100_draft_q_0021_004,q_0021,test,top_product_month,ranking,1,ac994160af059ea0bf876f4fb569028d04c06671c6bef2c108745fe48ae0eb8d,period_component_01,0.5325750975753181,0.9483215743675828,1.429705023765564,0.42700834572315216,0.782421201467514,2.3253164291381836,5.003194808959961,0.4932413101196289,-0.4932413101196289,0.2869400978088379,0.14687185297952965,1.383920669555664,1.0,0.0,1.0
saved_trace_precision,ann_full100_draft_q_0021_005,q_0021,test,top_product_month,percentage,1,ac994160af059ea0bf876f4fb569028d04c06671c6bef2c108745fe48ae0eb8d,period_component_01,1.2160444170236588,1.9055511474609375,2.3323802947998047,0.7486803859472275,1.0,2.287894439697266,4.545618057250977,1.7526939392089844,-1.7526939392089844,0.6266018986701966,0.5045234084129333,2.161998748779297,1.0,0.0,0.8333333333333334
saved_trace_precision,ann_full100_draft_q_0025_001,q_0025,dev,top_product_month,month,0,2ed6d2e376316f9173b949a78dcc2cbfa5757718c945c924f766c8411466927d,period_component_04,4.728585177341908e-06,6.721555484053472e-05,0.00033222793717868626,6.775061289432394e-06,3.445148468017578e-05,3.4415260950724282,8.149158477783203,-0.8998594284057617,0.8998594284057617,4.728635152180989e-06,2.6791752784453373e-06,2.288818359375e-05,1.0,0.0,0.0
saved_trace_precision,ann_full100_draft_q_0025_002,q_0025,dev,top_product_month,product_name,1,2ed6d2e376316f9173b949a78dcc2cbfa5757718c945c924f766c8411466927d,period_component_04,0.227148991123743,0.32383042591495076,1.1712896823883057,0.22428260104996822,0.8411105275154114,7.13456916809082,11.82292366027832,0.5797748565673828,-0.5797748565673828,0.12972293581281388,0.035163279752461155,1.0520763397216797,1.0,0.0,1.0
saved_trace_precision,ann_full100_draft_q_0025_003,q_0025,dev,top_product_month,product_stock_code,0,2ed6d2e376316f9173b949a78dcc2cbfa5757718c945c924f766c8411466927d,period_component_04,0.06473092941325831,0.10685966952003885,0.6378589272499084,0.10709742208321893,0.6420779526233673,3.7447516123453775,6.2186126708984375,-0.4530525207519531,0.4530525207519531,0.05365756154060364,0.000217717864406571,0.38808631896972656,1.0,0.0,0.8
saved_trace_precision,ann_full100_draft_q_0025_004,q_0025,dev,top_product_month,product_name,1,2ed6d2e376316f9173b949a78dcc2cbfa5757718c945c924f766c8411466927d,period_component_04,0.0005517150758740692,0.004817123346063974,0.01605432666838169,0.0008775421551295848,0.003150045871734619,3.4995904650006975,5.498102188110352,-0.10669572012765068,0.10669572012765068,0.0005512237548828125,0.00022490767982422506,0.0018978118896484375,1.0,0.0,1.0
saved_trace_precision,ann_full100_draft_q_0025_005,q_0025,dev,top_product_month,currency_amount,1,2ed6d2e376316f9173b949a78dcc2cbfa5757718c945c924f766c8411466927d,period_component_04,0.037151490789051424,0.09450792544485012,0.5830990672111511,0.06126544475555418,0.5379205942153931,2.4904712677001952,7.858449935913086,-0.21540145874023436,0.21540145874023436,0.032617700099945066,0.003969956946014009,0.3133430480957031,1.0,0.0,0.575
saved_trace_precision,ann_full100_draft_q_0025_006,q_0025,dev,top_product_month,ranking,1,2ed6d2e376316f9173b949a78dcc2cbfa5757718c945c924f766c8411466927d,period_component_04,0.5448439204483293,0.9565779725089669,1.3888663053512573,0.46579889208078384,0.7698589265346527,2.184101104736328,4.628826141357422,0.4817075729370117,-0.4817075729370117,0.29832491278648376,0.13085094228154048,1.3277912139892578,1.0,0.0,1.0
saved_trace_precision,ann_full100_draft_q_0038_001,q_0038,dev,country_comparison_month,month,0,93fb56e238b4f37ca5869c08a77ab7bffcbb2e19c78d49ddd9a18d8904d2d654,period_component_02,1.797983776323046e-05,0.00022651824507136098,0.0012953594559803605,2.4398167928096903e-05,0.00013905763626098633,3.8541653951009116,7.749996185302734,-0.22916539510091147,0.22916539510091147,1.798073450724284e-05,1.1555401322767741e-05,0.000102996826171875,1.0,0.0,0.0
saved_trace_precision,ann_full100_draft_q_0038_002,q_0038,dev,country_comparison_month,country,1,93fb56e238b4f37ca5869c08a77ab7bffcbb2e19c78d49ddd9a18d8904d2d654,period_component_02,0.7004635334014893,1.0215412378311157,1.0215412378311157,0.8447844386100769,0.8447844386100769,0.7935047149658203,0.7935047149658203,0.7935047149658203,-0.7935047149658203,0.5036448240280151,0.16250520944595337,0.7004661560058594,1.0,0.0,0.7142857142857143
saved_trace_precision,ann_full100_draft_q_0038_003,q_0038,dev,country_comparison_month,comparison_direction,1,93fb56e238b4f37ca5869c08a77ab7bffcbb2e19c78d49ddd9a18d8904d2d654,period_component_02,0.0403078588851713,0.1678592079988448,0.4163462817668915,0.06946063041687012,0.2032252550125122,5.203436374664307,10.32101821899414,0.04292726516723633,-0.04292726516723633,0.03846074640750885,0.0074608577979233814,0.11580657958984375,1.0,0.0,0.6666666666666666
saved_trace_precision,ann_full100_draft_q_0038_004,q_0038,dev,country_comparison_month,currency_amount,0,93fb56e238b4f37ca5869c08a77ab7bffcbb2e19c78d49ddd9a18d8904d2d654,period_component_02,0.04384958063843038,0.12012089977684405,0.5692006349563599,0.07657133870654631,0.49095970392227173,3.523286607530382,6.987043380737305,0.16096072726779515,-0.16096072726779515,0.03943128718270196,0.0022912351422140396,0.2827014923095703,1.0,0.0,0.575
saved_trace_precision,ann_full100_draft_q_0038_005,q_0038,dev,country_comparison_month,currency_amount,0,93fb56e238b4f37ca5869c08a77ab7bffcbb2e19c78d49ddd9a18d8904d2d654,period_component_02,8.91981543276188e-05,0.000840734003102423,0.005420911591500044,0.00016762812932336058,0.0012642741203308105,3.120564990573459,7.960735321044922,-0.509449217054579,0.509449217054579,8.917517132229275e-05,1.0718741922093815e-05,0.000637054443359375,1.0,0.0,0.575
saved_trace_precision,ann_full100_draft_q_0038_006,q_0038,dev,country_comparison_month,currency_amount,1,93fb56e238b4f37ca5869c08a77ab7bffcbb2e19c78d49ddd9a18d8904d2d654,period_component_02,0.46852783416074495,0.9724698066711426,1.919233798980713,0.42153543068303,0.9109466075897217,3.4480470021565757,6.069517135620117,0.10697576734754774,-0.10697576734754774,0.30513058106104535,0.18872573834879505,1.0199127197265625,1.0,0.0,0.575
saved_trace_precision,ann_full100_draft_q_0054_001,q_0054,test,monthly_revenue_change,month,0,5c4cbe105f0ee7be6c3cb7d7715e304d41fbc6ab0822661f181000ec13cdcc50,period_component_01,0.007781596077776953,0.033969422167577555,0.17641974985599518,0.015052815278371212,0.0843457579612732,2.2775389353434243,4.375003814697266,0.3618570963541667,-0.3618570963541667,0.0076273779074351,0.00020194389675035987,0.04318428039550781,1.0,0.0,0.0
saved_trace_precision,ann_full100_draft_q_0054_002,q_0054,test,monthly_revenue_change,month,0,5c4cbe105f0ee7be6c3cb7d7715e304d41fbc6ab0822661f181000ec13cdcc50,period_component_01,7.844358498942938e-05,0.0007511169214543164,0.004092775285243988,0.00014679630597436155,0.0008169412612915039,2.312319755554199,4.75,-0.5206429163614908,0.5206429163614908,7.842977841695149e-05,1.0066678238255614e-05,0.0004367828369140625,1.0,0.0,0.0
saved_trace_precision,ann_full100_draft_q_0054_003,q_0054,test,monthly_revenue_change,comparison_direction,0,5c4cbe105f0ee7be6c3cb7d7715e304d41fbc6ab0822661f181000ec13cdcc50,period_component_01,0.047408606857061386,0.26983171701431274,0.26983171701431274,0.06376993656158447,0.06376993656158447,0.7527675628662109,0.7527675628662109,0.7527675628662109,-0.7527675628662109,0.04630237817764282,0.028834795579314232,0.0474090576171875,1.0,0.0,0.6666666666666666
saved_trace_precision,ann_full100_draft_q_0054_004,q_0054,test,monthly_revenue_change,currency_amount,1,5c4cbe105f0ee7be6c3cb7d7715e304d41fbc6ab0822661f181000ec13cdcc50,period_component_01,0.35754068233072756,0.8975878447294235,1.7017585039138794,0.4313367247581482,0.8351223170757294,1.578641128540039,4.380193710327148,0.395513916015625,-0.395513916015625,0.27870375514030454,0.1260707875713706,0.8698062896728516,1.0,0.0,0.575
saved_trace_precision,ann_full100_draft_q_0054_005,q_0054,test,monthly_revenue_change,percentage,0,5c4cbe105f0ee7be6c3cb7d7715e304d41fbc6ab0822661f181000ec13cdcc50,period_component_01,0.6699880383287867,0.9977154703810811,2.389054775238037,0.41534123197197914,0.9697069153189659,3.1874351501464844,8.378345489501953,1.243914286295573,-1.243914286295573,0.32867637276649475,0.2420115154624606,2.363161087036133,1.0,0.0,0.8333333333333334
saved_trace_precision,ann_full100_draft_q_0054_006,q_0054,test,monthly_revenue_change,currency_amount,1,5c4cbe105f0ee7be6c3cb7d7715e304d41fbc6ab0822661f181000ec13cdcc50,period_component_01,0.17446681504390488,0.2105216035375964,1.329725980758667,0.12369469620964746,0.6802217364311218,2.341511466286399,6.128095626831055,0.22926226529208096,-0.22926226529208096,0.07407512448050758,0.024455560201617613,1.4758129119873047,1.0,0.0,0.575
saved_trace_precision,ann_full100_draft_q_0054_007,q_0054,test,monthly_revenue_change,percentage,0,5c4cbe105f0ee7be6c3cb7d7715e304d41fbc6ab0822661f181000ec13cdcc50,period_component_01,0.023949022169593565,0.0969583891176929,0.3880447745323181,0.04170551896095276,0.21894770860671997,1.8768637975056965,4.755075454711914,0.2515656153361003,-0.2515656153361003,0.02276708682378133,0.0038286595760534206,0.11992454528808594,1.0,0.0,0.8333333333333334
saved_trace_precision,ann_full100_draft_q_0068_001,q_0068,dev,top3_products_month,month,0,2ed6d2e376316f9173b949a78dcc2cbfa5757718c945c924f766c8411466927d,period_component_04,1.78208754609462e-05,0.0002261286603424395,0.0013166129356250167,2.2600094477298605e-05,0.0001322031021118164,4.332861582438151,8.247169494628906,-0.24952824910481772,0.24952824910481772,1.7821788787841797e-05,1.304585322141801e-05,0.0001049041748046875,1.0,0.0,0.0
saved_trace_precision,ann_full100_draft_q_0068_002,q_0068,dev,top3_products_month,ranking,1,2ed6d2e376316f9173b949a78dcc2cbfa5757718c945c924f766c8411466927d,period_component_04,0.11030865757493302,0.28693707613274455,0.5691595077514648,0.1887766420841217,0.37661659717559814,3.2013731002807617,5.277240753173828,-2.0758676528930664,2.0758676528930664,0.09903824329376221,0.009299844416091219,0.22011375427246094,1.0,0.0,1.0
saved_trace_precision,ann_full100_draft_q_0068_003,q_0068,dev,top3_products_month,product_name,1,2ed6d2e376316f9173b949a78dcc2cbfa5757718c945c924f766c8411466927d,period_component_04,0.057005479577624515,0.1563497584839669,1.3618931770324707,0.07017602161927661,0.6648457646369934,5.1878110712224785,11.427509307861328,0.26682177456942474,-0.26682177456942474,0.0450836257501082,0.019991229290223022,0.5538444519042969,1.0,0.0,1.0
saved_trace_precision,ann_full100_draft_q_0068_004,q_0068,dev,top3_products_month,currency_amount,1,2ed6d2e376316f9173b949a78dcc2cbfa5757718c945c924f766c8411466927d,period_component_04,0.11194656674920225,0.17824596550381103,1.0095609426498413,0.1520647257566452,1.0,2.2488107681274414,7.297628402709961,0.028060722351074218,-0.028060722351074218,0.08502248525619507,0.01798023777432718,0.6937618255615234,1.0,0.0,0.575
saved_trace_precision,ann_full100_draft_q_0068_005,q_0068,dev,top3_products_month,ranking,1,2ed6d2e376316f9173b949a78dcc2cbfa5757718c945c924f766c8411466927d,period_component_04,3.2782458845304063e-06,5.016947670810623e-05,9.220013453159481e-05,5.424022674560547e-06,1.043081283569336e-05,2.1249876022338867,2.5,-2.1249876022338867,2.1249876022338867,3.2782554626464844e-06,1.141874463428394e-06,5.7220458984375e-06,1.0,0.0,1.0
saved_trace_precision,ann_full100_draft_q_0068_006,q_0068,dev,top3_products_month,product_name,1,2ed6d2e376316f9173b949a78dcc2cbfa5757718c945c924f766c8411466927d,period_component_04,0.12990946801173778,0.17061985114778508,1.2920832633972168,0.11012120842933659,0.858293354511261,3.849269485473633,9.000116348266602,0.7757850646972656,-0.7757850646972656,0.06710478663444519,0.02408837268510524,1.1665287017822266,1.0,0.0,1.0
saved_trace_precision,ann_full100_draft_q_0068_007,q_0068,dev,top3_products_month,currency_amount,1,2ed6d2e376316f9173b949a78dcc2cbfa5757718c945c924f766c8411466927d,period_component_04,5.1633180098840306e-05,0.0005261104428923732,0.003192335134372115,9.694966402917782e-05,0.0006836652755737305,1.9317911321466619,6.749988555908203,-0.40904166481711646,0.40904166481711646,5.162845958362926e-05,6.306161527353476e-06,0.0003490447998046875,1.0,0.0,0.575
saved_trace_precision,ann_full100_draft_q_0068_008,q_0068,dev,top3_products_month,ranking,1,2ed6d2e376316f9173b949a78dcc2cbfa5757718c945c924f766c8411466927d,period_component_04,2.2053685029277403e-06,3.667775490612257e-05,5.5162156058941036e-05,3.129243850708008e-06,5.364418029785156e-06,2.0000085830688477,4.0,-1.9999914169311523,1.9999914169311523,2.205371856689453e-06,1.3017460105402279e-06,3.814697265625e-06,1.0,0.0,1.0
saved_trace_precision,ann_full100_draft_q_0068_009,q_0068,dev,top3_products_month,product_name,1,2ed6d2e376316f9173b949a78dcc2cbfa5757718c945c924f766c8411466927d,period_component_04,0.018691537972434464,0.08306585520404042,0.4661006033420563,0.030742883682250977,0.1757001280784607,1.9368521372477214,5.500055313110352,0.9383017222086588,-0.9383017222086588,0.017759382724761963,0.004775885780797277,0.10757637023925781,1.0,0.0,1.0
saved_trace_precision,ann_full100_draft_q_0068_010,q_0068,dev,top3_products_month,currency_amount,1,2ed6d2e376316f9173b949a78dcc2cbfa5757718c945c924f766c8411466927d,period_component_04,5.185579232147574e-06,7.15240711485876e-05,0.0002203950862167403,8.61883163449928e-06,3.0517578125e-05,2.57492618560791,7.4992523193359375,-0.8999223709106445,0.8999223709106445,5.185604095458984e-06,1.751176650710562e-06,1.9073486328125e-05,1.0,0.0,0.575
saved_trace_precision,ann_full100_draft_q_0082_001,q_0082,test,product_revenue_share_month,month,0,8a9ead37cbe38f3ee4d8eef26327e1a8f46971592e9e8f2d1ee4ca253a79ffa2,period_component_02,0.013879738734222732,0.051265390946729404,0.30731990933418274,0.025907466808954838,0.15541541576385498,5.228064219156901,10.618375778198242,-0.06139310201009115,0.06139310201009115,0.013317753871281942,0.0007280463416332594,0.08326339721679688,1.0,0.0,0.0
saved_trace_precision,ann_full100_draft_q_0082_002,q_0082,test,product_revenue_share_month,product_name,1,8a9ead37cbe38f3ee4d8eef26327e1a8f46971592e9e8f2d1ee4ca253a79ffa2,period_component_02,0.3164864316749572,0.34688140673970336,2.6463942527770996,0.17966693937778477,0.9767912924289703,5.332769966125488,11.625696182250977,0.7924398422241211,-0.7924398422241211,0.12219753265380859,0.06472812061267633,2.2469539642333984,1.0,0.0,1.0
saved_trace_precision,ann_full100_draft_q_0082_003,q_0082,test,product_revenue_share_month,percentage,1,8a9ead37cbe38f3ee4d8eef26327e1a8f46971592e9e8f2d1ee4ca253a79ffa2,period_component_02,1.0158877354115248,1.3150727761288483,2.227787494659424,0.5536780456701915,0.9541971683502197,3.2534964879353843,6.763967514038086,1.6183207829793294,-1.6183207829793294,0.4154935081799825,0.2773089692151795,2.828258514404297,1.0,0.0,0.8333333333333334
saved_trace_precision,ann_full100_draft_q_0082_004,q_0082,test,product_revenue_share_month,currency_amount,1,8a9ead37cbe38f3ee4d8eef26327e1a8f46971592e9e8f2d1ee4ca253a79ffa2,period_component_02,0.09619907380072669,0.2840544746531022,1.0362812280654907,0.14317958553632104,0.5455407202243805,2.2529754638671875,8.112144470214844,0.09873920016818577,-0.09873920016818577,0.08341165383656819,0.023643726237215407,0.3961200714111328,1.0,0.0,0.575
saved_trace_precision,ann_full100_draft_q_0092_001,q_0092,dev,return_impact_month,month,0,5a9ea409e91acadb82cd28d45be28c8fbce0c03f0c61f9c390158ee11dd5c09c,period_component_03,0.00034283128717878714,0.0027243310045257374,0.016323715448379517,0.0006259779135385779,0.003753662109375,3.979166030883789,7.874996185302734,0.1875006357828776,-0.1875006357828776,0.00034247835477193195,5.8976476298600033e-05,0.002056121826171875,1.0,0.0,0.0
saved_trace_precision,ann_full100_draft_q_0092_002,q_0092,dev,return_impact_month,currency_amount,1,5a9ea409e91acadb82cd28d45be28c8fbce0c03f0c61f9c390158ee11dd5c09c,period_component_03,0.26949840265145514,0.4283609758131206,1.2516659498214722,0.24664438515901566,0.8928717374801636,2.111738363901774,4.50025749206543,0.3575536410013835,-0.3575536410013835,0.14715331296126047,0.04766224199890227,1.3134765625,1.0,0.0,0.575
saved_trace_precision,ann_full100_draft_q_0092_003,q_0092,dev,return_impact_month,currency_amount,0,5a9ea409e91acadb82cd28d45be28c8fbce0c03f0c61f9c390158ee11dd5c09c,period_component_03,0.02274034839858056,0.05702556533166595,0.5974313616752625,0.03918478886286414,0.45079338550567627,2.5781075159708657,7.828950881958008,-0.07763067881266277,0.07763067881266277,0.020118152101834614,0.0010515072851073153,0.2617015838623047,1.0,0.0,0.575
saved_trace_precision,ann_full100_draft_q_0026_001,q_0026,test,top_product_month,month,0,58fc64092844e2a9e538aab5710b858daede12471879bf0147b92b99352088d1,period_component_02,7.370971360387557e-06,0.00010194500927696026,0.0005473669152706861,9.427467981937276e-06,5.054473876953125e-05,3.324009895324707,8.569061279296875,-0.699009895324707,0.699009895324707,7.3711077372233076e-06,5.319818063398429e-06,4.00543212890625e-05,1.0,0.0,0.0
saved_trace_precision,ann_full100_draft_q_0026_002,q_0026,test,top_product_month,product_name,1,58fc64092844e2a9e538aab5710b858daede12471879bf0147b92b99352088d1,period_component_02,0.06663122356994791,0.16669356066122418,1.6535487174987793,0.06767439246177676,0.674940288066864,3.949314498901367,8.500204086303711,0.3757472991943359,-0.3757472991943359,0.048700380325317386,0.029726365475471538,0.6650848388671875,1.0,0.0,1.0
saved_trace_precision,ann_full100_draft_q_0026_003,q_0026,test,top_product_month,product_stock_code,1,58fc64092844e2a9e538aab5710b858daede12471879bf0147b92b99352088d1,period_component_02,0.026936754469924534,0.07195188543346376,0.4239189624786377,0.049714694420496586,0.29640936851501465,4.26010258992513,6.75,-0.5934359232584635,0.5934359232584635,0.024896134932835896,7.757555409663534e-05,0.16067123413085938,1.0,0.0,0.8
saved_trace_precision,ann_full100_draft_q_0026_004,q_0026,test,top_product_month,currency_amount,1,58fc64092844e2a9e538aab5710b858daede12471879bf0147b92b99352088d1,period_component_02,0.10088090843929523,0.19516041081401958,0.8034940958023071,0.15891247656610274,0.8146784007549286,3.15317620171441,8.60018539428711,-0.2365027533637153,0.2365027533637153,0.08285527759128147,0.006798081049990085,0.5231857299804688,1.0,0.0,0.575
saved_trace_precision,ann_full100_draft_q_0026_005,q_0026,test,top_product_month,currency_amount,1,58fc64092844e2a9e538aab5710b858daede12471879bf0147b92b99352088d1,period_component_02,0.0004350822225281566,0.003508952392116448,0.023095594719052315,0.0007824036810133439,0.005091547966003418,4.78037346733941,10.149253845214844,-0.3636945088704427,0.3636945088704427,0.00043455759684244793,8.670764296425659e-05,0.0029144287109375,1.0,0.0,0.575
saved_trace_precision,ann_full100_draft_q_0026_006,q_0026,test,top_product_month,currency_amount,1,58fc64092844e2a9e538aab5710b858daede12471879bf0147b92b99352088d1,period_component_02,0.03472959116756361,0.10725646783326478,0.48123878240585327,0.06296592099325993,0.30328160524368286,3.2324676513671875,8.074762344360352,-0.7324485778808594,0.7324485778808594,0.032399816172463555,0.0018337138379820317,0.1704883575439453,1.0,0.0,0.575
saved_trace_precision,ann_full100_draft_q_0026_007,q_0026,test,top_product_month,currency_amount,1,58fc64092844e2a9e538aab5710b858daede12471879bf0147b92b99352088d1,period_component_02,0.01584762061192022,0.07045237072371593,0.3382430672645569,0.029026296403672935,0.1320696473121643,2.057461632622613,7.450157165527344,-0.04256778293185764,0.04256778293185764,0.015388316578335233,0.0017503384803553167,0.07558441162109375,1.0,0.0,0.575
saved_trace_precision,ann_full100_draft_q_0039_001,q_0039,test,country_comparison_month,country,1,ec39ee97487fa4f5a7182fd23d18b2efeab98a01daf0a0d5106002e2e22bae73,period_component_02,1.5080937147140503,0.9789862632751465,0.9789862632751465,0.6196901202201843,0.6196901202201843,1.4830780029296875,1.4830780029296875,-1.4830780029296875,1.4830780029296875,0.39835864305496216,0.1770271509885788,1.5080947875976562,1.0,0.0,0.7142857142857143
saved_trace_precision,ann_full100_draft_q_0039_002,q_0039,test,country_comparison_month,comparison_direction,1,ec39ee97487fa4f5a7182fd23d18b2efeab98a01daf0a0d5106002e2e22bae73,period_component_02,0.007041999222110462,0.05370324403702398,0.12604424357414246,0.00986914336681366,0.023404181003570557,5.335240840911865,10.579717636108398,0.045382022857666016,-0.045382022857666016,0.006995722651481628,0.004122288761209347,0.0169219970703125,1.0,0.0,0.6666666666666666
saved_trace_precision,ann_full100_draft_q_0039_003,q_0039,test,country_comparison_month,currency_amount,0,ec39ee97487fa4f5a7182fd23d18b2efeab98a01daf0a0d5106002e2e22bae73,period_component_02,0.023879867065988946,0.08293241661813226,0.46778544783592224,0.04186975955963135,0.33097922801971436,3.6870534896850584,6.625,0.03810062408447266,-0.03810062408447266,0.02225554585456848,0.002641335802354661,0.1826496124267578,1.0,0.0,0.575
saved_trace_precision,ann_full100_draft_q_0039_004,q_0039,test,country_comparison_month,currency_amount,0,ec39ee97487fa4f5a7182fd23d18b2efeab98a01daf0a0d5106002e2e22bae73,period_component_02,1.3196200754350684e-05,0.00017603466653781652,0.0008854000479914248,1.9758939743041992e-05,8.64267349243164e-05,3.627269172668457,9.147697448730469,-0.4272634506225586,0.4272634506225586,1.3196468353271485e-05,6.6401672455640435e-06,6.4849853515625e-05,1.0,0.0,0.575
saved_trace_precision,ann_full100_draft_q_0039_005,q_0039,test,country_comparison_month,currency_amount,1,ec39ee97487fa4f5a7182fd23d18b2efeab98a01daf0a0d5106002e2e22bae73,period_component_02,0.13933991675548896,0.18345856127562002,1.7386335134506226,0.09497515857219696,0.9286194741725922,2.6477800369262696,5.368984222412109,0.07832012176513672,-0.07832012176513672,0.06896371841430664,0.04295227542934299,1.3810462951660156,1.0,0.0,0.575
saved_trace_precision,ann_full100_draft_q_0039_006,q_0039,test,country_comparison_month,currency_amount,0,ec39ee97487fa4f5a7182fd23d18b2efeab98a01daf0a0d5106002e2e22bae73,period_component_02,0.09186116427816968,0.2915252791200247,0.922144889831543,0.13990936014387345,0.550849437713623,3.1649161444769964,6.95189094543457,0.17194959852430555,-0.17194959852430555,0.08092057042651707,0.021931779617767058,0.34172630310058594,1.0,0.0,0.575
saved_trace_precision,ann_full100_draft_q_0043_001,q_0043,dev,country_comparison_month,month,0,0d534fdaf17a79c72b68096a114cf8b8b207f98ce1cc28520f040cf15381ea5d,period_component_03,5.4469884896472344e-05,0.0005897370581517217,0.003495528595522046,7.805228233337402e-05,0.00046390295028686523,3.604166348775228,6.874998092651367,0.22916698455810547,-0.22916698455810547,5.44587771097819e-05,3.08560066858791e-05,0.000324249267578125,1.0,0.0,0.0
saved_trace_precision,ann_full100_draft_q_0043_002,q_0043,dev,country_comparison_month,country,0,0d534fdaf17a79c72b68096a114cf8b8b207f98ce1cc28520f040cf15381ea5d,period_component_03,0.07263747602701187,0.29462772607803345,0.29462772607803345,0.1295110583305359,0.1295110583305359,0.21943092346191406,0.21943092346191406,-0.21943092346191406,0.21943092346191406,0.07006210088729858,0.010613162070512772,0.07263755798339844,1.0,0.0,0.7142857142857143
saved_trace_precision,ann_full100_draft_q_0043_003,q_0043,dev,country_comparison_month,comparison_direction,0,0d534fdaf17a79c72b68096a114cf8b8b207f98ce1cc28520f040cf15381ea5d,period_component_03,0.045825154285012104,0.16559971257811412,0.4537028968334198,0.08013096451759338,0.2718780040740967,5.050561428070068,9.924510955810547,0.08830595016479492,-0.08830595016479492,0.04300372302532196,0.005876472112504416,0.15081405639648438,1.0,0.0,0.6666666666666666
saved_trace_precision,ann_full100_draft_q_0043_004,q_0043,dev,country_comparison_month,currency_amount,1,0d534fdaf17a79c72b68096a114cf8b8b207f98ce1cc28520f040cf15381ea5d,period_component_03,0.3207603035565019,0.4810590071267345,1.837682843208313,0.23599687549802995,0.8883095383644104,2.3698751661512585,8.44166374206543,0.29951434665256077,-0.29951434665256077,0.15407647689183554,0.07215608269426513,1.8359432220458984,1.0,0.0,0.575
saved_trace_precision,ann_full100_draft_q_0043_005,q_0043,dev,country_comparison_month,country,0,0d534fdaf17a79c72b68096a114cf8b8b207f98ce1cc28520f040cf15381ea5d,period_component_03,0.04338066931813955,0.20147857069969177,0.2525305151939392,0.07592612504959106,0.10328119993209839,4.4268951416015625,4.778818130493164,0.35192298889160156,-0.35192298889160156,0.04235163331031799,0.008777139708399773,0.05794525146484375,1.0,0.0,0.7142857142857143
saved_trace_precision,ann_full100_draft_q_0058_001,q_0058,dev,monthly_revenue_change,month,0,8295415b837b5f3bf057afc0a8cf86db8e033bcb6e05d98c966da62a042c41c8,period_component_02,0.03679804905325076,0.1140656787251828,0.680794358253479,0.05628219246864319,0.33724045753479004,2.978684425354004,4.875316619873047,0.8130903244018555,-0.8130903244018555,0.03302988409996033,0.009777578201223491,0.2204570770263672,1.0,0.0,0.0
saved_trace_precision,ann_full100_draft_q_0058_002,q_0058,dev,monthly_revenue_change,currency_amount,0,8295415b837b5f3bf057afc0a8cf86db8e033bcb6e05d98c966da62a042c41c8,period_component_02,0.04311105723379045,0.10198625895365974,1.173179030418396,0.0477660114948566,0.5596039295196533,3.7651213132418118,7.974834442138672,0.13900067256047174,-0.13900067256047174,0.03399745776103093,0.02022890595143368,0.5286064147949219,1.0,0.0,0.575
saved_trace_precision,ann_full100_draft_q_0058_003,q_0058,dev,monthly_revenue_change,month,0,8295415b837b5f3bf057afc0a8cf86db8e033bcb6e05d98c966da62a042c41c8,period_component_02,6.114905691371557e-05,0.0006656095056314371,0.002162930788472295,0.00010730822881066526,0.00036412477493286133,3.0726601282755532,6.186100006103516,-0.9476563135782877,0.9476563135782877,6.114443143208821e-05,1.4981847622645242e-05,0.00020599365234375,1.0,0.0,0.0
saved_trace_precision,ann_full100_draft_q_0058_004,q_0058,dev,monthly_revenue_change,currency_amount,0,8295415b837b5f3bf057afc0a8cf86db8e033bcb6e05d98c966da62a042c41c8,period_component_02,6.519676861562228e-06,8.929994714015684e-05,0.0008230450912378728,9.027811197159785e-06,8.368492126464844e-05,3.364630625798152,8.0,0.01998769319974459,-0.01998769319974459,6.5198311438927285e-06,4.023359267626767e-06,6.29425048828125e-05,1.0,0.0,0.575
saved_trace_precision,ann_full100_draft_q_0058_005,q_0058,dev,monthly_revenue_change,currency_amount,0,8295415b837b5f3bf057afc0a8cf86db8e033bcb6e05d98c966da62a042c41c8,period_component_02,0.018327653487358476,0.08397817474324257,0.47032788395881653,0.030650794506072998,0.1919844150543213,2.3450117111206055,5.000112533569336,0.24291820526123048,-0.24291820526123048,0.01754853129386902,0.00444626818789402,0.11554908752441406,1.0,0.0,0.575
saved_trace_precision,ann_full100_draft_q_0058_006,q_0058,dev,monthly_revenue_change,percentage,0,8295415b837b5f3bf057afc0a8cf86db8e033bcb6e05d98c966da62a042c41c8,period_component_02,0.6424816533923149,0.9780868798494339,2.5007247924804688,0.45951991826295857,0.9352378621697426,3.872918701171875,9.777084350585938,0.6096435546875,-0.6096435546875,0.3223490595817566,0.18517820835113524,2.3043212890625,1.0,0.0,0.8333333333333334
saved_trace_precision,ann_full100_draft_q_0064_001,q_0064,test,top3_products_month,month,0,ac994160af059ea0bf876f4fb569028d04c06671c6bef2c108745fe48ae0eb8d,period_component_01,1.3192048488264163e-05,0.0001670876046707311,0.0009057673742063344,1.8864870071411133e-05,0.0001042485237121582,3.380544980367025,9.158271789550781,-0.8388776779174805,0.8388776779174805,1.3192494710286459e-05,7.516731644674479e-06,7.2479248046875e-05,1.0,0.0,0.0
saved_trace_precision,ann_full100_draft_q_0064_002,q_0064,test,top3_products_month,ranking,0,ac994160af059ea0bf876f4fb569028d04c06671c6bef2c108745fe48ae0eb8d,period_component_01,0.09110169181076344,0.2638498154701665,0.5243722796440125,0.15589949488639832,0.3111618757247925,2.927675247192383,4.855009078979492,-1.9273338317871094,1.9273338317871094,0.08331245183944702,0.010725398009526543,0.18186378479003906,1.0,0.0,1.0
saved_trace_precision,ann_full100_draft_q_0064_003,q_0064,test,top3_products_month,product_name,0,ac994160af059ea0bf876f4fb569028d04c06671c6bef2c108745fe48ae0eb8d,period_component_01,0.007325826175241445,0.042929221358235736,0.4177059829235077,0.009640872478485107,0.09433448314666748,3.6386539459228517,6.875078201293945,0.23636512756347655,-0.23636512756347655,0.007072186470031739,0.004503504076446063,0.07208251953125,1.0,0.0,1.0
saved_trace_precision,ann_full100_draft_q_0064_004,q_0064,test,top3_products_month,currency_amount,0,ac994160af059ea0bf876f4fb569028d04c06671c6bef2c108745fe48ae0eb8d,period_component_01,0.07641153173033838,0.15557534797897626,1.1609989404678345,0.10136599432338367,0.7991012334823608,2.3652144345370205,7.675621032714844,-0.0233901630748402,0.0233901630748402,0.05899490009654652,0.01662380065610333,0.6722030639648438,1.0,0.0,0.575
saved_trace_precision,ann_full100_draft_q_0064_005,q_0064,test,top3_products_month,ranking,0,ac994160af059ea0bf876f4fb569028d04c06671c6bef2c108745fe48ae0eb8d,period_component_01,3.6358710389094995e-06,5.596549181063892e-05,0.00010592757462291047,6.0498714447021484e-06,1.1801719665527344e-05,1.9374885559082031,2.0,-1.9374885559082031,1.9374885559082031,3.635883331298828e-06,1.2226418775185266e-06,7.62939453125e-06,1.0,0.0,1.0
saved_trace_precision,ann_full100_draft_q_0064_006,q_0064,test,top3_products_month,product_name,0,ac994160af059ea0bf876f4fb569028d04c06671c6bef2c108745fe48ae0eb8d,period_component_01,0.2074680386188902,0.1895326694328105,0.9374704957008362,0.15438737273216252,0.7698283493518829,2.0996932983398438,6.8750152587890625,0.6503128051757813,-0.6503128051757813,0.08323637247085572,0.012085378118581503,1.0361785888671875,1.0,0.0,1.0
saved_trace_precision,ann_full100_draft_q_0064_007,q_0064,test,top3_products_month,currency_amount,0,ac994160af059ea0bf876f4fb569028d04c06671c6bef2c108745fe48ae0eb8d,period_component_01,2.9368703554733986e-06,4.1322078775284474e-05,0.00020176501129753888,4.725022749507701e-06,2.4557113647460938e-05,2.511362595991655,7.124988555908203,-0.4431793906471946,0.4431793906471946,2.936883406205611e-06,1.1413025659293394e-06,1.52587890625e-05,1.0,0.0,0.575
saved_trace_precision,ann_full100_draft_q_0064_008,q_0064,test,top3_products_month,ranking,1,ac994160af059ea0bf876f4fb569028d04c06671c6bef2c108745fe48ae0eb8d,period_component_01,2.0861590996901214e-06,3.566490659068222e-05,5.924062861595303e-05,3.248453140258789e-06,5.9604644775390625e-06,2.0000038146972656,3.75,-1.7499961853027344,1.7499961853027344,2.086162567138672e-06,9.377346543715248e-07,3.814697265625e-06,1.0,0.0,1.0
saved_trace_precision,ann_full100_draft_q_0064_009,q_0064,test,top3_products_month,product_name,1,ac994160af059ea0bf876f4fb569028d04c06671c6bef2c108745fe48ae0eb8d,period_component_01,0.040008694840707903,0.139699962335726,0.9736810326576233,0.04797869175672531,0.36081165075302124,1.7167222499847412,4.500055313110352,0.47100186347961426,-0.47100186347961426,0.03481878340244293,0.021658875362732033,0.30214691162109375,1.0,0.0,1.0
saved_trace_precision,ann_full100_draft_q_0064_010,q_0064,test,top3_products_month,currency_amount,1,ac994160af059ea0bf876f4fb569028d04c06671c6bef2c108745fe48ae0eb8d,period_component_01,4.136548864153156e-06,5.8514095192663264e-05,0.00014333664148580283,6.961822509810034e-06,1.8835067749023438e-05,3.187458038330078,9.124576568603516,-0.9124542236328125,0.9124542236328125,4.13656234741211e-06,1.3137311785982319e-06,1.1444091796875e-05,1.0,0.0,0.575
saved_trace_precision,ann_full100_draft_q_0076_001,q_0076,dev,product_revenue_share_month,month,0,ac994160af059ea0bf876f4fb569028d04c06671c6bef2c108745fe48ae0eb8d,period_component_01,0.006044786419295178,0.02851573339251819,0.17091257870197296,0.011437565088272095,0.06860721111297607,5.069887479146321,10.794326782226562,-0.11155223846435547,0.11155223846435547,0.005936553080876668,0.0004355434189688793,0.036258697509765625,1.0,0.0,0.0
saved_trace_precision,ann_full100_draft_q_0076_002,q_0076,dev,product_revenue_share_month,product_name,1,ac994160af059ea0bf876f4fb569028d04c06671c6bef2c108745fe48ae0eb8d,period_component_01,0.120650507171149,0.28515715822868515,2.22654128074646,0.09204547852277756,0.7265666723251343,2.9618732929229736,8.250032424926758,0.7574174404144287,-0.7574174404144287,0.07785629481077194,0.06366711135672176,0.9591331481933594,1.0,0.0,1.0
saved_trace_precision,ann_full100_draft_q_0076_003,q_0076,dev,product_revenue_share_month,currency_amount,1,ac994160af059ea0bf876f4fb569028d04c06671c6bef2c108745fe48ae0eb8d,period_component_01,0.04404868144322904,0.17451895435351616,0.6658824682235718,0.06454390287399292,0.3596367835998535,3.451122999191284,6.604549407958984,0.23854470252990723,-0.23854470252990723,0.0404755175113678,0.016407124556110375,0.22643089294433594,1.0,0.0,0.575
saved_trace_precision,ann_full100_draft_q_0076_004,q_0076,dev,product_revenue_share_month,currency_amount,1,ac994160af059ea0bf876f4fb569028d04c06671c6bef2c108745fe48ae0eb8d,period_component_01,0.1280024048470807,0.3889452754119702,1.7508487701416016,0.14758970588445663,0.6314885020256042,3.4562835693359375,7.9974517822265625,0.30956172943115234,-0.30956172943115234,0.10312175750732422,0.058653815209837035,0.4991588592529297,1.0,0.0,0.575
saved_trace_precision,ann_full100_draft_q_0076_005,q_0076,dev,product_revenue_share_month,currency_amount,1,ac994160af059ea0bf876f4fb569028d04c06671c6bef2c108745fe48ae0eb8d,period_component_01,0.0010876624987109348,0.009164498430826435,0.05570392683148384,0.0016289438520159516,0.00988304615020752,3.3391026088169644,5.374336242675781,-0.3033360072544643,0.3033360072544643,0.0010843958173479354,0.0005398517526568217,0.0067462921142578125,1.0,0.0,0.575
saved_trace_precision,ann_full100_draft_q_0076_006,q_0076,dev,product_revenue_share_month,percentage,1,ac994160af059ea0bf876f4fb569028d04c06671c6bef2c108745fe48ae0eb8d,period_component_01,1.4854354891460388,1.7579440979287029,2.3385303020477295,0.7667721644043922,0.9693654254078865,3.539240264892578,6.546323776245117,2.580036926269531,-2.580036926269531,0.6225738883018493,0.4783756082179025,2.351991653442383,1.0,0.0,0.8333333333333334
saved_trace_precision,ann_full100_draft_q_0044_001,q_0044,test,country_comparison_month,month,0,76d0aa2ce76cbcfea6a8a5acbc1e87dbee8ede532220e8483b648a7bb2ae51b5,period_component_01,3.3474711107335985e-05,0.0003978206541539464,0.002324293367564678,4.157423973083496e-05,0.0002422928810119629,3.6249987284342446,7.874996185302734,0.08333460489908855,-0.08333460489908855,3.3468008041381836e-05,2.5367080358236944e-05,0.0001964569091796875,1.0,0.0,0.0
saved_trace_precision,ann_full100_draft_q_0044_002,q_0044,test,country_comparison_month,country,1,76d0aa2ce76cbcfea6a8a5acbc1e87dbee8ede532220e8483b648a7bb2ae51b5,period_component_01,0.07165435701608658,0.2626565098762512,0.2626565098762512,0.13657814264297485,0.13657814264297485,0.18837928771972656,0.18837928771972656,-0.18837928771972656,0.18837928771972656,0.06914740800857544,0.0017166733741760254,0.0716552734375,1.0,0.0,0.7142857142857143
saved_trace_precision,ann_full100_draft_q_0044_003,q_0044,test,country_comparison_month,comparison_direction,1,76d0aa2ce76cbcfea6a8a5acbc1e87dbee8ede532220e8483b648a7bb2ae51b5,period_component_01,0.13148499972794525,0.28928526030358626,0.8181291222572327,0.20157470554113388,0.7072807252407074,5.212594509124756,10.011053085327148,0.20706796646118164,-0.20706796646118164,0.10798972845077515,0.014404759123863187,0.4622631072998047,1.0,0.0,0.6666666666666666
saved_trace_precision,ann_full100_draft_q_0044_004,q_0044,test,country_comparison_month,currency_amount,0,76d0aa2ce76cbcfea6a8a5acbc1e87dbee8ede532220e8483b648a7bb2ae51b5,period_component_01,0.025065416346876646,0.09663099084355053,0.39461198449134827,0.043889500200748444,0.26609814167022705,2.055604934692383,7.110677719116211,0.106842041015625,-0.106842041015625,0.023750215768814087,0.0036109363900891367,0.14290618896484375,1.0,0.0,0.575
saved_trace_precision,ann_full100_draft_q_0044_005,q_0044,test,country_comparison_month,currency_amount,0,76d0aa2ce76cbcfea6a8a5acbc1e87dbee8ede532220e8483b648a7bb2ae51b5,period_component_01,6.206712065193187e-05,0.0007308712841904708,0.004828458186239004,8.17328691482544e-05,0.0005285143852233887,3.5152547359466553,8.997037887573242,-0.5152451992034912,0.5152451992034912,6.205588579177856e-05,4.237193861555966e-05,0.00041961669921875,1.0,0.0,0.575
saved_trace_precision,ann_full100_draft_q_0044_006,q_0044,test,country_comparison_month,currency_amount,1,76d0aa2ce76cbcfea6a8a5acbc1e87dbee8ede532220e8483b648a7bb2ae51b5,period_component_01,0.2075187025766354,0.6119361851985256,1.8657101392745972,0.20018858048650956,0.7196632921695709,1.7371679941813152,4.01783561706543,0.4334371354844835,-0.4334371354844835,0.15638184547424316,0.11257510620635003,0.8131217956542969,1.0,0.0,0.575
saved_trace_precision,ann_full100_draft_q_0049_001,q_0049,test,country_comparison_month,month,0,cabd686b3231c1e06515647b605c430716c227acf949c92186cff5ad343e22ba,period_component_02,1.881418553277096e-05,0.00023595717797538404,0.001374138635583222,2.434849739074707e-05,0.00014144182205200195,3.749999682108561,7.374998092651367,0.04166698455810547,-0.04166698455810547,1.881519953409831e-05,1.3279218684547622e-05,0.000110626220703125,1.0,0.0,0.0
saved_trace_precision,ann_full100_draft_q_0049_002,q_0049,test,country_comparison_month,country,1,cabd686b3231c1e06515647b605c430716c227acf949c92186cff5ad343e22ba,period_component_02,0.09032481908798218,0.341227650642395,0.341227650642395,0.16136133670806885,0.16136133670806885,0.2193622589111328,0.2193622589111328,-0.2193622589111328,0.2193622589111328,0.08636564016342163,0.011369965970516205,0.09032630920410156,1.0,0.0,0.7142857142857143
saved_trace_precision,ann_full100_draft_q_0049_003,q_0049,test,country_comparison_month,comparison_direction,1,cabd686b3231c1e06515647b605c430716c227acf949c92186cff5ad343e22ba,period_component_02,0.04664240474721737,0.17074685183615657,0.47604313492774963,0.08068907260894775,0.27431565523147583,5.115978240966797,10.182977676391602,0.024489402770996094,-0.024489402770996094,0.04370194673538208,0.00671482335019391,0.15416717529296875,1.0,0.0,0.6666666666666666
saved_trace_precision,ann_full100_draft_q_0049_004,q_0049,test,country_comparison_month,currency_amount,0,cabd686b3231c1e06515647b605c430716c227acf949c92186cff5ad343e22ba,period_component_02,0.03882824511483705,0.12918971967737888,0.6226899027824402,0.06753436326980589,0.32960671186447144,3.058549690246582,7.250102996826172,0.1914999008178711,-0.1914999008178711,0.035945409536361696,0.004356454962407952,0.1806011199951172,1.0,0.0,0.575
saved_trace_precision,ann_full100_draft_q_0049_005,q_0049,test,country_comparison_month,currency_amount,0,cabd686b3231c1e06515647b605c430716c227acf949c92186cff5ad343e22ba,period_component_02,0.0018575124047458757,0.009495493849226478,0.09029624611139297,0.0036701738834381548,0.03598666191101074,4.061169624328613,8.968816757202148,-0.48253345489501953,0.48253345489501953,0.0018411099910736084,1.2048862330971133e-05,0.01816558837890625,1.0,0.0,0.575
saved_trace_precision,ann_full100_draft_q_0049_006,q_0049,test,country_comparison_month,percentage,1,cabd686b3231c1e06515647b605c430716c227acf949c92186cff5ad343e22ba,period_component_02,1.148501952489217,1.6290158828099568,2.3546628952026367,0.644878560056289,1.0,3.194088935852051,5.774936676025391,1.520371437072754,-1.520371437072754,0.5255610048770905,0.4062434509396553,2.2238216400146484,1.0,0.0,0.8333333333333334
saved_trace_precision,ann_full100_draft_q_0069_001,q_0069,test,top3_products_month,month,0,58fc64092844e2a9e538aab5710b858daede12471879bf0147b92b99352088d1,period_component_02,7.92727403483203e-06,0.00010968986065051922,0.0005591754452325404,1.0331471761104716e-05,5.2869319915771484e-05,3.656510353088379,8.689067840576172,-0.9065103530883789,0.9065103530883789,7.927417755126953e-06,5.530536166808986e-06,4.1961669921875e-05,1.0,0.0,0.0
saved_trace_precision,ann_full100_draft_q_0069_002,q_0069,test,top3_products_month,ranking,1,58fc64092844e2a9e538aab5710b858daede12471879bf0147b92b99352088d1,period_component_02,0.110475617548218,0.2880010362714529,0.5731872320175171,0.1887378990650177,0.37696629762649536,3.123297691345215,5.371316909790039,-2.248019218444824,2.248019218444824,0.09914973378181458,0.009561573766404763,0.2206745147705078,1.0,0.0,1.0
saved_trace_precision,ann_full100_draft_q_0069_003,q_0069,test,top3_products_month,product_name,1,58fc64092844e2a9e538aab5710b858daede12471879bf0147b92b99352088d1,period_component_02,0.18650812646244502,0.20119437173962068,1.9933853149414062,0.0735939681529999,0.7333769202232361,4.781084060668945,10.37513542175293,0.518985366821289,-0.518985366821289,0.058004462718963624,0.04241495125515939,1.8632564544677734,1.0,0.0,1.0
saved_trace_precision,ann_full100_draft_q_0069_004,q_0069,test,top3_products_month,currency_amount,1,58fc64092844e2a9e538aab5710b858daede12471879bf0147b92b99352088d1,period_component_02,0.057111396400867105,0.14783856972684994,0.5841456055641174,0.09534672233793473,0.5379675626754761,3.3054701487223306,8.768901824951172,-0.15685335795084634,0.15685335795084634,0.05078010426627265,0.006213487569109727,0.3134441375732422,1.0,0.0,0.575
saved_trace_precision,ann_full100_draft_q_0069_005,q_0069,test,top3_products_month,ranking,1,58fc64092844e2a9e538aab5710b858daede12471879bf0147b92b99352088d1,period_component_02,5.423996213949067e-06,7.90596564002044e-05,0.00014721554180141538,8.553266525268555e-06,1.6391277313232422e-05,2.1249818801879883,2.2499637603759766,-2.1249818801879883,2.1249818801879883,5.424022674560547e-06,2.284076444425409e-06,1.1444091796875e-05,1.0,0.0,1.0
saved_trace_precision,ann_full100_draft_q_0069_006,q_0069,test,top3_products_month,product_name,1,58fc64092844e2a9e538aab5710b858daede12471879bf0147b92b99352088d1,period_component_02,0.04863158861932426,0.12414992871561026,1.4404585361480713,0.052695711453755734,0.6207634210586548,3.2286925315856934,7.374233245849609,0.5213955243428549,-0.5213955243428549,0.03707955777645111,0.021463409207685896,0.5770778656005859,1.0,0.0,1.0
saved_trace_precision,ann_full100_draft_q_0069_007,q_0069,test,top3_products_month,currency_amount,1,58fc64092844e2a9e538aab5710b858daede12471879bf0147b92b99352088d1,period_component_02,8.56969345145823e-06,0.00011074335988167959,0.0005441865068860352,1.3497140672447117e-05,7.343292236328125e-05,2.8472201029459634,6.125003814697266,-0.4027731153700087,0.4027731153700087,8.569823371039496e-06,3.6353648064214717e-06,4.57763671875e-05,1.0,0.0,0.575
saved_trace_precision,ann_full100_draft_q_0069_008,q_0069,test,top3_products_month,ranking,1,58fc64092844e2a9e538aab5710b858daede12471879bf0147b92b99352088d1,period_component_02,2.9206210570009716e-06,4.832815830013715e-05,7.91019483585842e-05,4.082918167114258e-06,7.271766662597656e-06,1.6874895095825195,3.25,-1.6874895095825195,1.6874895095825195,2.9206275939941406e-06,1.7517964749913517e-06,5.7220458984375e-06,1.0,0.0,1.0
saved_trace_precision,ann_full100_draft_q_0069_009,q_0069,test,top3_products_month,product_name,1,58fc64092844e2a9e538aab5710b858daede12471879bf0147b92b99352088d1,period_component_02,0.058030274068505604,0.10447125467226215,1.0402779579162598,0.08254995644092555,0.8248982131481171,3.0125057220458986,8.125247955322266,0.6625484466552735,-0.6625484466552735,0.044044357538223264,0.005538755920147765,0.5799198150634766,1.0,0.0,1.0
saved_trace_precision,ann_full100_draft_q_0069_010,q_0069,test,top3_products_month,currency_amount,1,58fc64092844e2a9e538aab5710b858daede12471879bf0147b92b99352088d1,period_component_02,4.2517701407026225e-06,5.9031531179698504e-05,0.0002433905319776386,6.635983785030497e-06,3.230571746826172e-05,3.2638015747070312,5.874994277954102,-0.9304682413736979,0.9304682413736979,4.251797993977864e-06,1.868437109722423e-06,1.9073486328125e-05,1.0,0.0,0.575
saved_trace_precision,ann_full100_draft_q_0081_001,q_0081,dev,product_revenue_share_month,month,0,58fc64092844e2a9e538aab5710b858daede12471879bf0147b92b99352088d1,period_component_02,7.668995369414233e-06,0.00010522243909486899,0.0005395676125772297,1.0261933008792745e-05,5.316734313964844e-05,4.864477475484212,11.811870574951172,-1.3228108088175456,1.3228108088175456,7.66913096110026e-06,5.073761596826228e-06,4.00543212890625e-05,1.0,0.0,0.0
saved_trace_precision,ann_full100_draft_q_0081_002,q_0081,dev,product_revenue_share_month,percentage,1,58fc64092844e2a9e538aab5710b858daede12471879bf0147b92b99352088d1,period_component_02,1.4725599199533463,1.8278021156787871,2.2972631454467773,0.719291627407074,0.9828417301177979,4.005229949951172,5.795034408569336,2.274827575683594,-2.274827575683594,0.5867443680763245,0.45419710874557495,2.4966583251953125,1.0,0.0,0.8333333333333334
saved_trace_precision,ann_full100_draft_q_0081_003,q_0081,dev,product_revenue_share_month,currency_amount,1,58fc64092844e2a9e538aab5710b858daede12471879bf0147b92b99352088d1,period_component_02,0.09316351402386706,0.2995303184018537,1.7866877317428589,0.09604252236230038,0.5520742535591125,2.0291312081473216,4.636981964111328,0.13304683140345983,-0.13304683140345983,0.0726307715688433,0.04921902030933519,0.5838470458984375,1.0,0.0,0.575
saved_trace_precision,ann_full100_draft_q_0081_004,q_0081,dev,product_revenue_share_month,currency_amount,0,58fc64092844e2a9e538aab5710b858daede12471879bf0147b92b99352088d1,period_component_02,0.014980345636331549,0.0435022930366055,0.4292088747024536,0.02776469786961877,0.29693084955215454,2.9963224728902182,8.349056243896484,-0.3713091214497884,0.3713091214497884,0.013937190175056458,0.00010968307964276391,0.16141319274902344,1.0,0.0,0.575
saved_trace_precision,ann_full100_draft_q_0086_001,q_0086,dev,product_revenue_share_month,month,0,b1bec6852559fcb39434e058d7497d86375efb35fba34febb5b2ad917605cc1f,period_component_01,0.01764403388155718,0.06055157946894477,0.3624982237815857,0.03254987796147668,0.1952170729637146,5.098582903544108,8.25,0.0680996576944987,-0.0680996576944987,0.016743193070093792,0.0009365146227254447,0.10580825805664062,1.0,0.0,0.0
saved_trace_precision,ann_full100_draft_q_0086_002,q_0086,dev,product_revenue_share_month,percentage,1,b1bec6852559fcb39434e058d7497d86375efb35fba34febb5b2ad917605cc1f,period_component_01,0.42155346895257634,1.0470407605171204,2.0474748611450195,0.44407242039839423,0.7277668714523315,2.2398834228515625,5.245611190795898,0.7045745849609375,-0.7045745849609375,0.3163376847902934,0.18860295290748277,1.0096416473388672,1.0,0.0,0.8333333333333334
saved_trace_precision,ann_full100_draft_q_0086_003,q_0086,dev,product_revenue_share_month,currency_amount,1,b1bec6852559fcb39434e058d7497d86375efb35fba34febb5b2ad917605cc1f,period_component_01,0.05734891945995254,0.24442420563978626,1.432429552078247,0.06503169877188542,0.35647904872894287,3.562849317278181,10.244029998779297,0.2234633309500558,-0.2234633309500558,0.04960051604679653,0.034169333908347914,0.3431835174560547,1.0,0.0,0.575
saved_trace_precision,ann_full100_draft_q_0086_004,q_0086,dev,product_revenue_share_month,currency_amount,0,b1bec6852559fcb39434e058d7497d86375efb35fba34febb5b2ad917605cc1f,period_component_01,0.01095845532628508,0.04264381405865184,0.2975320816040039,0.020137216363634414,0.1408696174621582,3.534834180559431,7.743810653686523,0.07232339041573661,-0.07232339041573661,0.010549451623644148,0.0009616844818852879,0.07663726806640625,1.0,0.0,0.575
saved_trace_precision,ann_full100_draft_q_0086_005,q_0086,dev,product_revenue_share_month,currency_amount,0,b1bec6852559fcb39434e058d7497d86375efb35fba34febb5b2ad917605cc1f,period_component_01,0.00012080744062270554,0.0012201762464201238,0.007843408733606339,0.00018456578254699707,0.001183927059173584,2.4310142993927,5.073076248168945,-0.27473902702331543,0.27473902702331543,0.00012076646089553833,5.6961623790208193e-05,0.000804901123046875,1.0,0.0,0.575
saved_trace_precision,ann_full100_draft_q_0086_006,q_0086,dev,product_revenue_share_month,currency_amount,1,b1bec6852559fcb39434e058d7497d86375efb35fba34febb5b2ad917605cc1f,period_component_01,0.24610318122286118,0.5104716076515615,1.1943538188934326,0.2615589737892151,0.7393913269042969,2.3874277114868163,7.150625228881836,0.2413778305053711,-0.2413778305053711,0.15549517273902894,0.04943137066584313,1.2034721374511719,1.0,0.0,0.575
saved_trace_precision,ann_full100_draft_q_0086_007,q_0086,dev,product_revenue_share_month,currency_amount,1,b1bec6852559fcb39434e058d7497d86375efb35fba34febb5b2ad917605cc1f,period_component_01,0.10913808838631667,0.1662026918145582,1.2019097805023193,0.12278781334559119,1.0,2.666614744398329,5.808589935302734,0.16728231641981336,-0.16728231641981336,0.0736679236094157,0.024548031541775747,0.9181175231933594,1.0,0.0,0.575
saved_trace_precision,ann_full100_draft_q_0086_008,q_0086,dev,product_revenue_share_month,currency_amount,0,b1bec6852559fcb39434e058d7497d86375efb35fba34febb5b2ad917605cc1f,period_component_01,0.0002526366419260739,0.0019375261173991021,0.015595193020999432,0.0004939615726471391,0.004367947578430176,2.8338483810424804,6.090913772583008,-0.38384265899658204,0.38384265899658204,0.0002523958683013916,1.083260623317983e-05,0.0021877288818359375,1.0,0.0,0.575
saved_trace_precision,ann_full100_draft_q_0086_009,q_0086,dev,product_revenue_share_month,percentage,1,b1bec6852559fcb39434e058d7497d86375efb35fba34febb5b2ad917605cc1f,period_component_01,0.0033803465139499167,0.025816468570459012,0.0536593422293663,0.0052988529205322266,0.009793460369110107,2.47075621287028,5.3756103515625,0.19999408721923828,-0.19999408721923828,0.0033717453479766846,0.001444640567569877,0.0070285797119140625,1.0,0.0,0.8333333333333334
saved_trace_precision,ann_full100_draft_q_0087_001,q_0087,test,product_revenue_share_month,month,0,58fc64092844e2a9e538aab5710b858daede12471879bf0147b92b99352088d1,period_component_02,0.01255950950131061,0.052911786478835175,0.3170933723449707,0.021981467803319332,0.1318531632423401,4.87051264444987,8.473066329956055,0.12949307759602866,-0.12949307759602866,0.012098262707392374,0.0022150551706687782,0.07533454895019531,1.0,0.0,0.0
saved_trace_precision,ann_full100_draft_q_0087_002,q_0087,test,product_revenue_share_month,percentage,1,58fc64092844e2a9e538aab5710b858daede12471879bf0147b92b99352088d1,period_component_02,1.6519859401509165,1.7507559284567833,2.338543653488159,0.6815641805529594,0.9846327155828476,4.75972900390625,6.26719856262207,2.5734268188476563,-2.5734268188476563,0.5835483312606812,0.4855324726551771,2.4168758392333984,1.0,0.0,0.8333333333333334
saved_trace_precision,ann_full100_draft_q_0087_003,q_0087,test,product_revenue_share_month,currency_amount,1,58fc64092844e2a9e538aab5710b858daede12471879bf0147b92b99352088d1,period_component_02,0.1681429425386471,0.19458304128576337,0.9584860801696777,0.11710865582738605,0.7108844816684723,2.1522110530308316,5.238229751586914,0.4055892399379185,-0.4055892399379185,0.06466422762189593,0.012219798140514675,1.0996551513671875,1.0,0.0,0.575
saved_trace_precision,ann_full100_draft_q_0087_004,q_0087,test,product_revenue_share_month,currency_amount,1,58fc64092844e2a9e538aab5710b858daede12471879bf0147b92b99352088d1,period_component_02,0.0009017892255087645,0.005815941566554882,0.039021242409944534,0.0017497965267726512,0.0120735764503479,2.4821251460484097,6.749942779541016,-0.12497356959751674,0.12497356959751674,0.0008990679468427386,4.833438729434647e-05,0.006183624267578125,1.0,0.0,0.575
saved_trace_precision,ann_full100_draft_q_0087_005,q_0087,test,product_revenue_share_month,currency_amount,1,58fc64092844e2a9e538aab5710b858daede12471879bf0147b92b99352088d1,period_component_02,3.644191367259607e-05,0.0004374703269555929,0.001824401319026947,5.064691816059064e-05,0.00022721290588378906,3.220962251935686,4.999969482421875,-0.47095680236816406,0.47095680236816406,3.6443982805524555e-05,2.223547970103823e-05,0.0001621246337890625,1.0,0.0,0.575
saved_trace_precision,ann_full100_draft_q_0087_006,q_0087,test,product_revenue_share_month,currency_amount,1,58fc64092844e2a9e538aab5710b858daede12471879bf0147b92b99352088d1,period_component_02,0.1625311192646305,0.3519610875810031,1.197360634803772,0.2193025079640475,1.0,3.3808976953679863,5.489461898803711,0.2537368427623402,-0.2537368427623402,0.1260279417037964,0.03275336930271971,0.8644618988037109,1.0,0.0,0.575
saved_trace_precision,ann_full100_draft_q_0087_007,q_0087,test,product_revenue_share_month,currency_amount,0,58fc64092844e2a9e538aab5710b858daede12471879bf0147b92b99352088d1,period_component_02,0.00043939938511324987,0.00315897266331636,0.042285703122615814,0.0007723356996264252,0.010593116283416748,3.27703857421875,10.003576278686523,-0.24131665910993302,0.24131665910993302,0.00043811116899762837,0.00010389320727556748,0.006008148193359375,1.0,0.0,0.575
saved_trace_precision,ann_full100_draft_q_0097_001,q_0097,dev,return_impact_month,month,0,df50cba613c1fbd17fc151a4be47bd9a78e26d15fde6cef1e8919a2c31463dcf,period_component_04,0.00043117860325854923,0.0031098058205500934,0.018636446446180344,0.0008427798748016357,0.005054891109466553,4.208332697550456,7.874996185302734,-0.08333269755045573,0.08333269755045573,0.00043062369028727215,1.846130845162275e-05,0.00258636474609375,1.0,0.0,0.0
saved_trace_precision,ann_full100_draft_q_0097_002,q_0097,dev,return_impact_month,currency_amount,0,df50cba613c1fbd17fc151a4be47bd9a78e26d15fde6cef1e8919a2c31463dcf,period_component_04,0.14067874719403334,0.14162071505561472,1.107048511505127,0.07796377241611485,0.713221937417984,3.058272933959961,5.375141143798828,0.29933815002441405,-0.29933815002441405,0.05029528141021729,0.022626795878386473,1.3596954345703125,1.0,0.0,0.575
saved_trace_precision,ann_full100_draft_q_0097_003,q_0097,dev,return_impact_month,currency_amount,0,df50cba613c1fbd17fc151a4be47bd9a78e26d15fde6cef1e8919a2c31463dcf,period_component_04,0.009350639930899391,0.04876021388455146,0.3413652181625366,0.014337144114754397,0.10081762075424194,3.408621007745916,11.401700973510742,0.17660626498135654,-0.17660626498135654,0.009104875001040373,0.0038726013931667776,0.07145309448242188,1.0,0.0,0.575
saved_trace_precision,ann_full100_draft_q_0098_001,q_0098,test,return_impact_month,month,0,63a01401d077fdacf2a3bb90e547a472fbf6ce02f3dd76d3bc5e69bc4e7c3880,period_component_02,0.00038719902899112907,0.0028720990933036226,0.017215879634022713,0.0007505615552266809,0.0045018792152404785,3.916666348775228,7.624998092651367,0.1250003178914388,-0.1250003178914388,0.00038675467173258465,2.2935604858775882e-05,0.002323150634765625,1.0,0.0,0.0
saved_trace_precision,ann_full100_draft_q_0098_002,q_0098,test,return_impact_month,currency_amount,0,63a01401d077fdacf2a3bb90e547a472fbf6ce02f3dd76d3bc5e69bc4e7c3880,period_component_02,0.057732821042009164,0.12951701116980985,1.0699456930160522,0.07244158874858508,0.7009168267250061,1.4589358243075283,3.984842300415039,0.1893216913396662,-0.1893216913396662,0.04532151872461492,0.01820145465833114,0.5676822662353516,1.0,0.0,0.575
saved_trace_precision,ann_full100_draft_q_0098_003,q_0098,test,return_impact_month,currency_amount,1,63a01401d077fdacf2a3bb90e547a472fbf6ce02f3dd76d3bc5e69bc4e7c3880,period_component_02,0.0606181558444708,0.13461351726436988,0.8715038299560547,0.09285994619131088,0.7721078097820282,2.6813193957010903,6.444633483886719,0.023490428924560547,-0.023490428924560547,0.04970615108807882,0.006552362383445143,0.5461311340332031,1.0,0.0,0.575
